response_time_ms,request_size_bytes,requests_per_minute_from_ip,failed_login_attempts,refresh_token_calls_per_min,db_query_latency_ms,cpu_usage_percent,status_family,is_error,endpoint_risk_score,db_latency_spike,auth_failure_ratio
73.0,441.0,1.0,0.0,0.0,35.0,26.0,2.0,0.0,1.0,0.0,0.0
33.333333333333336,343.6666666666667,3.0,0.0,0.0,13.666666666666666,22.400000000000002,2.0,0.0,0.6666666666666666,19.3275853524323,0.0
92.0,299.0,2.0,0.0,0.0,73.0,25.4,3.0,1.0,1.0,5.0,0.0
61.0,233.0,2.0,0.0,0.0,43.0,16.4,2.0,0.0,1.0,43.0,0.0
7.0,258.0,1.0,0.0,0.0,0.0,17.4,2.0,0.0,1.0,0.0,0.0
145.0,354.0,1.0,0.0,0.0,108.0,28.5,2.0,0.0,1.0,0.0,0.0
125.0,259.0,1.0,0.0,0.0,90.0,32.6,2.0,0.0,3.0,0.0,0.0
20.0,107.0,1.0,0.0,0.0,0.0,13.4,2.0,0.0,0.0,0.0,0.0
62.333333333333336,325.6666666666667,3.0,0.0,1.0,41.0,14.233333333333334,2.0,0.0,1.6666666666666667,57.982756057296896,0.0
4.0,426.0,1.0,0.0,1.0,0.0,34.2,2.0,0.0,3.0,0.0,0.0
50.0,473.0,1.0,0.0,0.0,31.0,23.0,2.0,0.0,1.0,0.0,0.0
90.0,397.0,1.0,0.0,0.0,82.0,14.5,2.0,0.0,1.0,0.0,0.0
135.0,199.0,1.0,0.0,0.0,114.0,25.0,2.0,0.0,1.0,0.0,0.0
113.0,99.0,1.0,0.0,0.0,99.0,13.4,2.0,0.0,1.0,0.0,0.0
80.0,197.0,1.0,0.0,0.0,46.0,13.2,2.0,0.0,1.0,0.0,0.0
10.0,101.0,1.0,0.0,1.0,0.0,32.5,2.0,0.0,3.0,0.0,0.0
4.0,405.0,1.0,0.0,1.0,0.0,16.3,2.0,0.0,3.0,0.0,0.0
3.5,238.5,2.0,0.0,1.0,0.0,22.15,2.0,0.0,2.0,0.0,0.0
5.5,302.5,2.0,0.0,1.0,0.0,21.9,2.0,0.0,1.5,0.0,0.0
32.0,129.0,1.0,0.0,0.0,24.0,15.4,2.0,0.0,3.0,0.0,0.0
65.0,469.0,2.0,0.0,0.0,42.0,15.25,2.0,0.0,1.0,5.0,0.0
62.0,268.0,1.0,0.0,0.0,61.0,18.1,2.0,0.0,1.0,0.0,0.0
35.0,194.0,1.0,0.0,0.0,30.0,33.8,2.0,0.0,1.0,0.0,0.0
115.0,271.0,1.0,0.0,0.0,88.0,15.2,2.0,0.0,2.0,0.0,0.0
110.0,325.0,1.0,0.0,0.0,89.0,12.9,2.0,0.0,1.0,0.0,0.0
54.0,139.0,1.0,0.0,0.0,26.0,32.7,2.0,0.0,3.0,0.0,0.0
99.0,139.0,1.0,0.0,0.0,93.0,15.6,2.0,0.0,1.0,0.0,0.0
73.6,420.0,5.0,0.0,1.0,53.8,26.060000000000002,2.0,0.0,1.8,45.450632558854444,0.0
79.0,294.0,1.0,0.0,0.0,48.0,20.7,2.0,0.0,1.0,0.0,0.0
29.5,323.0,2.0,0.0,1.0,16.0,22.700000000000003,2.0,0.0,3.0,16.0,0.0
69.0,241.0,2.0,0.0,0.0,51.5,20.2,2.0,0.0,1.0,9.5,0.0
106.0,265.0,1.0,0.0,0.0,97.0,24.7,2.0,0.0,2.0,0.0,0.0
111.0,196.5,2.0,0.0,0.0,97.5,18.15,2.0,0.0,2.0,22.5,0.0
102.0,463.0,1.0,0.0,0.0,91.0,13.8,2.0,0.0,1.0,0.0,0.0
141.0,249.0,1.0,0.0,0.0,104.0,14.7,2.0,0.0,1.0,0.0,0.0
67.0,229.0,1.0,0.0,0.0,58.0,39.0,2.0,0.0,1.0,0.0,0.0
137.0,314.0,1.0,0.0,0.0,97.0,27.6,2.0,0.0,3.0,0.0,0.0
77.0,248.0,1.0,0.0,0.0,44.0,17.1,2.0,0.0,1.0,0.0,0.0
85.0,357.0,1.0,0.0,0.0,50.0,15.3,2.0,0.0,1.0,0.0,0.0
111.0,359.0,1.0,0.0,0.0,111.0,28.0,2.0,0.0,1.0,0.0,0.0
95.5,457.0,2.0,0.0,0.0,58.0,38.35,2.0,0.0,2.5,32.0,0.0
70.0,144.0,1.0,0.0,0.0,56.0,10.6,2.0,0.0,1.0,0.0,0.0
21.0,100.0,1.0,0.0,1.0,0.0,28.2,2.0,0.0,3.0,0.0,0.0
59.5,360.5,4.0,0.0,0.0,39.75,25.674999999999997,2.0,0.0,1.0,30.13614938906429,0.0
62.0,205.0,2.0,0.0,0.0,51.5,19.15,2.0,0.0,0.5,51.5,0.0
74.0,503.0,1.0,0.0,0.0,43.0,27.0,2.0,0.0,3.0,0.0,0.0
86.0,346.0,1.0,0.0,0.0,71.0,36.0,2.0,0.0,3.0,0.0,0.0
102.0,297.0,1.0,0.0,0.0,74.0,17.2,2.0,0.0,3.0,0.0,0.0
64.75,388.5,4.0,0.0,2.0,42.5,20.400000000000002,2.5,1.0,1.6666666666666667,42.97382924525112,0.0
99.0,102.0,1.0,0.0,0.0,86.0,25.5,2.0,0.0,1.0,0.0,0.0
67.25,158.75,4.0,0.0,0.0,54.0,19.025,2.0,0.0,1.5,40.81053785482372,0.0
120.0,381.0,1.0,0.0,0.0,122.0,23.5,2.0,0.0,1.0,0.0,0.0
85.0,290.0,1.0,0.0,0.0,58.0,34.6,2.0,0.0,1.0,0.0,0.0
76.0,461.0,1.0,0.0,0.0,57.0,30.3,2.0,0.0,3.0,0.0,0.0
11.0,489.0,1.0,0.0,0.0,0.0,28.9,2.0,0.0,1.0,0.0,0.0
73.0,123.0,1.0,0.0,0.0,30.0,20.7,2.0,0.0,1.0,0.0,0.0
105.0,379.0,1.0,0.0,0.0,73.0,26.0,2.0,0.0,1.0,0.0,0.0
154.0,99.0,1.0,0.0,0.0,127.0,20.1,2.0,0.0,3.0,0.0,0.0
31.5,264.5,2.0,0.0,1.0,15.0,21.8,2.0,0.0,3.0,15.0,0.0
17.0,333.0,1.0,0.0,1.0,0.0,29.7,2.0,0.0,3.0,0.0,0.0
112.5,250.5,2.0,0.0,0.0,93.5,19.15,2.0,0.0,1.0,0.5,0.0
85.0,97.0,1.0,0.0,0.0,40.0,19.0,2.0,0.0,1.0,0.0,0.0
100.0,284.0,1.0,0.0,0.0,77.0,30.9,2.0,0.0,1.0,0.0,0.0
97.0,415.0,1.0,0.0,0.0,88.0,19.4,2.0,0.0,3.0,0.0,0.0
65.0,407.0,1.0,0.0,0.0,36.0,10.5,2.0,0.0,3.0,0.0,0.0
71.0,178.0,1.0,0.0,0.0,34.0,12.4,2.0,0.0,1.0,0.0,0.0
101.0,256.0,1.0,0.0,0.0,75.0,19.0,2.0,0.0,1.0,0.0,0.0
137.0,411.0,1.0,0.0,0.0,109.0,18.4,2.0,0.0,1.0,0.0,0.0
65.0,455.0,1.0,0.0,0.0,51.0,23.7,2.0,0.0,3.0,0.0,0.0
72.0,291.0,2.0,0.0,0.0,59.0,11.0,2.0,0.0,1.0,13.0,0.0
51.0,271.0,2.0,0.0,0.0,30.5,25.25,2.0,0.0,0.5,30.5,0.0
44.0,244.0,2.0,0.0,1.0,36.0,31.55,2.0,0.0,3.0,36.0,0.0
53.0,184.0,1.0,0.0,0.0,40.0,23.4,2.0,0.0,3.0,0.0,0.0
65.5,353.0,2.0,0.0,0.0,51.0,20.200000000000003,2.0,0.0,1.0,51.0,0.0
88.0,84.0,1.0,0.0,0.0,44.0,25.2,2.0,0.0,3.0,0.0,0.0
7.0,243.0,1.0,0.0,0.0,0.0,24.2,2.0,0.0,1.0,0.0,0.0
46.5,323.5,2.0,0.0,0.0,33.0,25.4,3.0,1.0,1.0,33.0,0.0
114.0,433.0,1.0,0.0,0.0,80.0,25.5,2.0,0.0,1.0,0.0,0.0
156.0,478.0,1.0,0.0,0.0,135.0,25.3,2.0,0.0,1.0,0.0,0.0
26.5,167.5,2.0,0.0,0.0,10.0,12.45,2.0,0.0,1.5,10.0,0.0
11.0,184.5,2.0,0.0,1.0,0.0,18.65,2.0,0.0,1.5,0.0,0.0
133.0,452.0,1.0,0.0,0.0,118.0,9.0,2.0,0.0,3.0,0.0,0.0
49.0,431.0,1.0,0.0,0.0,44.0,21.3,2.0,0.0,3.0,0.0,0.0
142.5,230.5,2.0,0.0,0.0,100.5,25.5,2.0,0.0,1.0,34.5,0.0
70.0,82.0,1.0,0.0,0.0,59.0,17.2,2.0,0.0,1.0,0.0,0.0
12.0,210.0,1.0,0.0,0.0,0.0,14.1,2.0,0.0,1.0,0.0,0.0
120.0,418.0,1.0,0.0,0.0,87.0,28.1,2.0,0.0,1.0,0.0,0.0
76.0,104.0,1.0,0.0,0.0,55.0,22.7,2.0,0.0,1.0,0.0,0.0
103.0,204.0,1.0,0.0,0.0,101.0,27.2,2.0,0.0,1.0,0.0,0.0
66.0,81.0,1.0,0.0,0.0,35.0,20.8,2.0,0.0,1.0,0.0,0.0
64.0,357.0,1.0,0.0,0.0,35.0,21.4,2.0,0.0,2.0,0.0,0.0
168.0,108.0,1.0,0.0,0.0,110.0,20.4,2.0,0.0,3.0,0.0,0.0
48.0,282.5,2.0,0.0,1.0,43.5,21.299999999999997,2.0,0.0,2.5,43.5,0.0
74.0,264.75,4.0,0.0,0.0,57.5,24.974999999999998,2.0,0.0,1.5,22.522211259110417,0.0
137.0,248.0,2.0,0.0,0.0,111.5,15.55,2.0,0.0,2.0,27.5,0.0
14.5,298.0,2.0,0.0,0.0,0.0,31.35,2.0,0.0,1.0,0.0,0.0
83.5,214.0,2.0,0.0,0.0,60.0,18.9,2.0,0.0,1.0,20.0,0.0
83.5,417.0,2.0,0.0,0.0,61.5,19.6,2.0,0.0,2.0,21.5,0.0
106.0,322.0,1.0,0.0,0.0,84.0,17.4,2.0,0.0,1.0,0.0,0.0
137.0,165.0,1.0,0.0,0.0,97.0,10.3,2.0,0.0,3.0,0.0,0.0
111.0,231.0,1.0,0.0,0.0,82.0,25.7,2.0,0.0,1.0,0.0,0.0
131.0,332.0,1.0,0.0,0.0,94.0,27.8,2.0,0.0,1.0,0.0,0.0
115.0,206.0,1.0,0.0,0.0,92.0,30.2,2.0,0.0,1.0,0.0,0.0
40.5,231.5,2.0,0.0,1.0,33.0,11.85,2.0,0.0,2.0,33.0,0.0
29.5,289.5,2.0,0.0,0.0,27.0,25.0,2.0,0.0,1.0,27.0,0.0
92.0,275.0,1.0,0.0,0.0,75.0,28.5,2.0,0.0,1.0,0.0,0.0
32.5,467.5,2.0,0.0,0.0,22.0,22.15,2.0,0.0,0.5,22.0,0.0
45.0,229.0,2.0,0.0,0.0,35.0,26.299999999999997,2.0,0.0,2.0,35.0,0.0
63.0,158.0,1.0,0.0,0.0,41.0,16.0,2.0,0.0,1.0,0.0,0.0
59.5,255.0,2.0,0.0,0.0,32.5,25.5,2.0,0.0,1.0,2.5,0.0
72.66666666666667,253.66666666666666,3.0,0.0,0.0,48.333333333333336,32.53333333333333,2.0,0.0,1.0,34.4705993887867,0.0
16.0,293.0,1.0,0.0,1.0,0.0,25.4,2.0,0.0,3.0,0.0,0.0
93.0,190.0,1.0,0.0,0.0,80.0,40.0,2.0,0.0,1.0,0.0,0.0
69.0,98.0,1.0,0.0,0.0,32.0,27.8,2.0,0.0,1.0,0.0,0.0
100.0,135.0,1.0,0.0,0.0,77.0,20.7,2.0,0.0,3.0,0.0,0.0
100.25,291.0,4.0,0.0,1.0,71.0,16.35,2.0,0.0,1.75,42.11294337849113,0.0
136.0,158.0,1.0,0.0,0.0,115.0,19.1,2.0,0.0,1.0,0.0,0.0
84.0,262.0,1.0,0.0,0.0,59.0,11.6,2.0,0.0,1.0,0.0,0.0
54.333333333333336,416.6666666666667,3.0,0.0,0.0,30.0,23.0,2.0,0.0,0.6666666666666666,27.27636339397171,0.0
13.0,188.0,1.0,0.0,0.0,0.0,23.2,2.0,0.0,0.0,0.0,0.0
58.0,302.0,1.0,0.0,0.0,31.0,32.2,2.0,0.0,1.0,0.0,0.0
47.0,215.0,1.0,0.0,0.0,28.0,23.8,2.0,0.0,3.0,0.0,0.0
49.5,201.5,2.0,0.0,0.0,24.5,14.5,2.0,0.0,1.0,24.5,0.0
73.0,364.0,1.0,0.0,0.0,34.0,18.8,2.0,0.0,1.0,0.0,0.0
115.0,445.5,2.0,0.0,0.0,96.0,20.25,2.0,0.0,1.0,20.0,0.0
73.66666666666667,434.6666666666667,3.0,0.0,1.0,50.0,27.53333333333333,2.0,0.0,2.3333333333333335,35.81433604950212,0.0
82.66666666666667,312.3333333333333,3.0,0.0,0.0,61.333333333333336,21.066666666666666,2.0,0.0,1.0,22.305953365762146,0.0
47.666666666666664,292.3333333333333,3.0,0.0,1.0,30.333333333333332,14.433333333333332,2.0,0.0,1.6666666666666667,24.115462996914562,0.0
55.666666666666664,352.3333333333333,3.0,0.0,0.0,36.666666666666664,19.633333333333333,2.0,0.0,1.3333333333333333,30.64129385141706,0.0
80.0,430.0,1.0,0.0,0.0,71.0,35.6,2.0,0.0,1.0,0.0,0.0
134.0,459.0,1.0,0.0,0.0,108.0,19.2,2.0,0.0,1.0,0.0,0.0
127.0,259.0,2.0,0.0,0.0,96.0,25.4,2.0,0.0,2.0,8.0,0.0
71.0,359.0,1.0,0.0,0.0,31.0,18.0,2.0,0.0,1.0,0.0,0.0
12.0,376.0,1.0,0.0,0.0,0.0,28.8,2.0,0.0,1.0,0.0,0.0
37.0,252.33333333333334,3.0,0.0,1.0,27.0,19.5,2.0,0.0,2.0,20.314198646923455,0.0
124.0,313.0,1.0,0.0,0.0,106.0,13.2,2.0,0.0,1.0,0.0,0.0
134.0,471.0,1.0,0.0,0.0,116.0,14.7,2.0,0.0,1.0,0.0,0.0
160.0,201.0,1.0,0.0,0.0,140.0,35.0,2.0,0.0,1.0,0.0,0.0
15.0,294.0,1.0,0.0,0.0,0.0,30.9,2.0,0.0,1.0,0.0,0.0
129.0,133.0,1.0,0.0,0.0,115.0,32.1,2.0,0.0,2.0,0.0,0.0
33.0,361.0,1.0,0.0,0.0,22.0,25.7,2.0,0.0,1.0,0.0,0.0
80.0,317.0,1.0,0.0,0.0,56.0,24.2,2.0,0.0,3.0,0.0,0.0
50.0,72.0,1.0,0.0,0.0,31.0,21.3,2.0,0.0,1.0,0.0,0.0
3.0,192.0,1.0,0.0,0.0,0.0,25.7,2.0,0.0,0.0,0.0,0.0
124.0,131.0,1.0,0.0,0.0,90.0,9.8,2.0,0.0,1.0,0.0,0.0
123.0,109.0,1.0,0.0,0.0,110.0,18.5,2.0,0.0,1.0,0.0,0.0
104.0,370.0,2.0,0.0,0.0,90.5,20.05,2.0,0.0,2.0,3.5,0.0
159.0,135.0,1.0,0.0,0.0,118.0,30.0,2.0,0.0,1.0,0.0,0.0
40.333333333333336,249.33333333333334,3.0,0.0,1.0,26.333333333333332,24.233333333333334,2.0,0.0,1.3333333333333333,37.2409571424915,0.0
21.333333333333332,314.3333333333333,3.0,0.0,1.0,11.333333333333334,23.066666666666663,2.0,0.0,1.6666666666666667,16.027753706895076,0.0
53.0,214.5,2.0,0.0,0.0,30.0,26.65,2.0,0.0,0.5,30.0,0.0
5.0,222.0,1.0,0.0,0.0,0.0,28.2,2.0,0.0,1.0,0.0,0.0
70.0,262.3333333333333,3.0,0.0,0.0,47.666666666666664,21.03333333333333,2.0,0.0,1.0,25.315783394730033,0.0
9.0,191.0,1.0,0.0,0.0,0.0,23.3,2.0,0.0,0.0,0.0,0.0
21.0,366.0,1.0,0.0,0.0,0.0,13.1,2.0,0.0,1.0,0.0,0.0
124.0,498.0,1.0,0.0,0.0,119.0,24.4,2.0,0.0,1.0,0.0,0.0
14.0,496.0,1.0,0.0,0.0,0.0,27.6,2.0,0.0,1.0,0.0,0.0
55.0,110.0,1.0,0.0,0.0,34.0,27.3,2.0,0.0,1.0,0.0,0.0
75.0,113.5,2.0,0.0,0.0,52.0,13.600000000000001,2.0,0.0,2.0,26.0,0.0
93.0,302.3333333333333,3.0,0.0,0.0,77.0,17.2,2.0,0.0,1.0,33.95094500402996,0.0
13.25,225.75,4.0,0.0,2.0,6.5,16.549999999999997,3.0,1.0,1.6666666666666667,11.258330249197702,0.0
109.0,395.0,1.0,0.0,0.0,60.0,12.6,2.0,0.0,1.0,0.0,0.0
90.5,357.0,2.0,0.0,0.0,64.0,25.35,2.0,0.0,1.0,64.0,0.0
90.0,64.0,1.0,0.0,0.0,75.0,18.8,2.0,0.0,3.0,0.0,0.0
14.0,178.0,1.0,0.0,0.0,0.0,27.3,2.0,0.0,1.0,0.0,0.0
113.0,316.0,1.0,0.0,0.0,71.0,30.6,2.0,0.0,3.0,0.0,0.0
34.0,424.0,1.0,0.0,0.0,22.0,34.1,2.0,0.0,3.0,0.0,0.0
27.0,284.0,2.0,0.0,1.0,17.0,18.85,3.0,1.0,3.0,17.0,0.0
50.0,297.0,2.0,0.0,0.0,43.0,31.55,2.0,0.0,1.5,43.0,0.0
87.0,285.0,2.0,0.0,0.0,62.5,18.5,2.0,0.0,2.0,36.5,0.0
135.0,483.0,1.0,0.0,0.0,85.0,32.5,2.0,0.0,1.0,0.0,0.0
61.5,333.5,2.0,0.0,0.0,35.0,36.75,2.0,0.0,1.0,35.0,0.0
60.5,310.0,2.0,0.0,0.0,27.0,35.2,2.0,0.0,1.0,1.0,0.0
93.0,354.0,1.0,0.0,0.0,81.0,22.8,2.0,0.0,1.0,0.0,0.0
103.0,356.0,1.0,0.0,0.0,91.0,17.0,2.0,0.0,1.0,0.0,0.0
95.0,89.0,1.0,0.0,0.0,87.0,11.1,2.0,0.0,1.0,0.0,0.0
88.0,460.0,1.0,0.0,0.0,64.0,26.0,2.0,0.0,1.0,0.0,0.0
55.0,412.0,1.0,0.0,0.0,22.0,19.5,2.0,0.0,1.0,0.0,0.0
10.0,261.0,1.0,0.0,1.0,0.0,16.4,2.0,0.0,3.0,0.0,0.0
54.0,395.0,1.0,0.0,0.0,44.0,17.5,2.0,0.0,1.0,0.0,0.0
92.0,319.5,2.0,0.0,0.0,73.0,27.200000000000003,2.0,0.0,1.0,15.0,0.0
109.5,407.5,2.0,0.0,0.0,72.0,25.400000000000002,2.0,0.0,2.0,34.0,0.0
92.5,323.0,2.0,0.0,0.0,78.5,31.950000000000003,2.0,0.0,1.0,12.5,0.0
53.0,399.0,1.0,0.0,0.0,32.0,19.6,2.0,0.0,1.0,0.0,0.0
102.0,290.0,4.0,0.0,0.0,62.25,21.075,2.0,0.0,1.0,14.184057952504283,0.0
4.0,137.0,1.0,0.0,0.0,0.0,19.2,2.0,0.0,1.0,0.0,0.0
92.0,279.0,2.0,0.0,0.0,92.0,30.200000000000003,2.0,0.0,2.0,22.0,0.0
100.0,438.0,1.0,0.0,0.0,64.0,13.3,2.0,0.0,1.0,0.0,0.0
109.0,260.0,1.0,0.0,0.0,86.0,34.7,2.0,0.0,1.0,0.0,0.0
22.0,96.0,2.0,0.0,0.0,7.5,18.65,2.0,0.0,2.0,7.5,0.0
116.0,474.0,1.0,0.0,0.0,88.0,20.8,2.0,0.0,1.0,0.0,0.0
48.0,289.0,1.0,0.0,0.0,24.0,32.2,2.0,0.0,1.0,0.0,0.0
155.0,285.0,1.0,0.0,0.0,108.0,27.1,2.0,0.0,1.0,0.0,0.0
89.0,500.0,1.0,0.0,0.0,81.0,18.0,2.0,0.0,1.0,0.0,0.0
137.0,291.0,1.0,0.0,0.0,93.0,17.8,2.0,0.0,1.0,0.0,0.0
90.0,278.0,2.0,0.0,0.0,62.0,20.95,2.0,0.0,1.0,16.0,0.0
76.0,445.5,2.0,0.0,1.0,63.5,24.2,2.0,0.0,2.0,63.5,0.0
38.5,422.5,2.0,0.0,0.0,34.0,32.7,2.0,0.0,0.5,34.0,0.0
78.5,91.5,2.0,0.0,0.0,44.5,28.3,2.0,0.0,0.5,44.5,0.0
69.0,190.5,2.0,0.0,0.0,36.5,32.3,2.0,0.0,1.0,36.5,0.0
119.0,362.0,1.0,0.0,0.0,96.0,28.5,2.0,0.0,1.0,0.0,0.0
45.0,138.0,1.0,0.0,0.0,27.0,32.5,2.0,0.0,1.0,0.0,0.0
140.0,467.0,1.0,0.0,0.0,94.0,10.9,2.0,0.0,1.0,0.0,0.0
5.5,328.5,2.0,0.0,1.0,0.0,30.45,2.0,0.0,2.0,0.0,0.0
50.5,253.25,4.0,0.0,0.0,39.75,27.325000000000003,2.0,0.0,1.0,27.589626673806226,0.0
106.0,466.0,1.0,0.0,0.0,79.0,22.7,2.0,0.0,1.0,0.0,0.0
45.0,282.0,2.0,0.0,0.0,26.5,15.7,2.0,0.0,2.0,26.5,0.0
73.0,491.0,1.0,0.0,0.0,38.0,31.9,2.0,0.0,3.0,0.0,0.0
114.0,241.66666666666666,3.0,0.0,0.0,95.0,12.533333333333331,2.6666666666666665,1.0,1.0,11.313708498984761,0.0
15.0,499.0,1.0,0.0,0.0,0.0,23.9,2.0,0.0,1.0,0.0,0.0
9.0,283.0,1.0,0.0,1.0,0.0,29.0,2.0,0.0,3.0,0.0,0.0
177.0,247.0,1.0,0.0,0.0,135.0,13.9,2.0,0.0,1.0,0.0,0.0
66.0,273.5,2.0,0.0,1.0,40.5,21.9,2.0,0.0,2.5,40.5,0.0
134.0,398.0,1.0,0.0,0.0,111.0,28.7,2.0,0.0,1.0,0.0,0.0
56.0,403.0,1.0,0.0,0.0,44.0,12.7,2.0,0.0,1.0,0.0,0.0
32.0,386.5,2.0,0.0,0.0,18.0,20.15,2.0,0.0,1.0,18.0,0.0
56.5,127.0,2.0,0.0,0.0,40.5,25.65,2.0,0.0,1.5,40.5,0.0
95.0,251.0,1.0,0.0,0.0,84.0,17.1,2.0,0.0,1.0,0.0,0.0
51.0,273.0,3.0,0.0,0.0,30.0,21.7,2.0,0.0,1.3333333333333333,28.331372481167705,0.0
158.0,357.0,1.0,0.0,0.0,94.0,30.2,2.0,0.0,1.0,0.0,0.0
73.5,450.0,2.0,0.0,0.0,61.0,15.75,2.0,0.0,1.0,61.0,0.0
116.0,282.0,1.0,0.0,0.0,96.0,21.5,2.0,0.0,1.0,0.0,0.0
18.0,155.0,1.0,0.0,0.0,0.0,32.2,2.0,0.0,1.0,0.0,0.0
60.0,246.5,2.0,0.0,0.0,30.0,28.0,2.0,0.0,1.5,10.0,0.0
64.0,109.0,1.0,0.0,0.0,31.0,26.5,2.0,0.0,1.0,0.0,0.0
8.0,391.0,1.0,0.0,0.0,0.0,36.5,2.0,0.0,1.0,0.0,0.0
28.5,414.0,2.0,0.0,1.0,15.0,19.55,2.0,0.0,3.0,15.0,0.0
89.0,318.5,2.0,0.0,0.0,70.0,22.8,2.0,0.0,1.0,41.0,0.0
7.0,270.0,1.0,0.0,1.0,0.0,20.2,2.0,0.0,3.0,0.0,0.0
97.0,111.0,1.0,0.0,0.0,72.0,25.6,2.0,0.0,1.0,0.0,0.0
142.0,184.0,1.0,0.0,0.0,117.0,14.9,2.0,0.0,1.0,0.0,0.0
61.0,267.0,1.0,0.0,0.0,48.0,25.2,2.0,0.0,1.0,0.0,0.0
87.0,228.5,2.0,0.0,0.0,62.5,30.700000000000003,2.0,0.0,1.0,27.5,0.0
84.0,207.0,1.0,0.0,0.0,72.0,27.3,2.0,0.0,1.0,0.0,0.0
15.0,306.0,1.0,0.0,0.0,0.0,13.9,2.0,0.0,1.0,0.0,0.0
31.0,267.0,1.0,0.0,0.0,26.0,30.0,2.0,0.0,1.0,0.0,0.0
56.0,240.0,1.0,0.0,0.0,23.0,37.4,2.0,0.0,1.0,0.0,0.0
79.0,433.0,3.0,0.0,0.0,52.666666666666664,24.133333333333336,2.0,0.0,1.6666666666666667,40.34297405441938,0.0
7.0,498.0,1.0,0.0,0.0,0.0,15.2,2.0,0.0,1.0,0.0,0.0
12.0,422.5,2.0,0.0,1.0,0.0,16.0,2.0,0.0,2.0,0.0,0.0
21.0,116.0,1.0,0.0,0.0,0.0,11.5,2.0,0.0,1.0,0.0,0.0
43.0,197.0,1.0,0.0,0.0,37.0,26.8,2.0,0.0,1.0,0.0,0.0
98.0,456.0,1.0,0.0,0.0,75.0,23.9,2.0,0.0,1.0,0.0,0.0
85.0,488.0,1.0,0.0,0.0,76.0,25.6,2.0,0.0,1.0,0.0,0.0
54.0,275.0,1.0,0.0,0.0,42.0,17.0,2.0,0.0,1.0,0.0,0.0
76.0,89.0,1.0,0.0,0.0,76.0,18.7,4.0,1.0,1.0,0.0,0.0
126.5,294.0,2.0,0.0,0.0,87.5,25.75,2.0,0.0,2.0,19.5,0.0
100.5,225.0,2.0,0.0,0.0,79.0,28.55,2.0,0.0,1.0,16.0,0.0
97.0,165.0,1.0,0.0,0.0,84.0,29.4,2.0,0.0,1.0,0.0,0.0
73.0,282.5,2.0,0.0,0.0,61.0,30.8,2.0,0.0,1.0,29.0,0.0
48.0,230.0,1.0,0.0,0.0,25.0,12.6,2.0,0.0,3.0,0.0,0.0
99.0,251.33333333333334,3.0,0.0,0.0,63.333333333333336,15.933333333333332,2.0,0.0,2.0,37.96782263385084,0.0
155.0,356.0,1.0,0.0,0.0,107.0,24.9,2.0,0.0,3.0,0.0,0.0
29.0,490.0,1.0,0.0,0.0,27.0,27.9,2.0,0.0,1.0,0.0,0.0
73.0,491.0,1.0,0.0,0.0,57.0,12.7,2.0,0.0,1.0,0.0,0.0
130.0,349.0,1.0,0.0,0.0,125.0,24.1,2.0,0.0,1.0,0.0,0.0
113.0,322.0,1.0,0.0,0.0,61.0,21.9,2.0,0.0,1.0,0.0,0.0
21.0,486.0,1.0,0.0,0.0,0.0,16.8,2.0,0.0,1.0,0.0,0.0
56.5,259.5,2.0,0.0,0.0,36.5,19.25,2.0,0.0,1.5,15.5,0.0
5.0,347.0,1.0,0.0,0.0,0.0,23.6,2.0,0.0,1.0,0.0,0.0
113.0,286.0,2.0,0.0,0.0,87.0,27.05,2.0,0.0,1.0,9.0,0.0
106.33333333333333,115.0,3.0,0.0,0.0,85.66666666666667,24.066666666666666,2.0,0.0,1.5,28.54625875467552,0.0
6.0,177.0,1.0,0.0,0.0,0.0,17.2,2.0,0.0,1.0,0.0,0.0
145.0,460.0,1.0,0.0,0.0,115.0,24.7,2.0,0.0,3.0,0.0,0.0
117.0,188.0,1.0,0.0,0.0,103.0,17.9,2.0,0.0,1.0,0.0,0.0
140.0,343.0,1.0,0.0,0.0,83.0,24.8,2.0,0.0,1.0,0.0,0.0
63.0,209.0,1.0,0.0,0.0,49.0,18.6,2.0,0.0,1.0,0.0,0.0
84.0,182.0,1.0,0.0,0.0,77.0,26.6,2.0,0.0,1.0,0.0,0.0
15.0,479.0,1.0,0.0,1.0,0.0,36.4,2.0,0.0,3.0,0.0,0.0
16.0,330.0,1.0,0.0,1.0,0.0,23.2,2.0,0.0,3.0,0.0,0.0
105.0,361.0,1.0,0.0,0.0,89.0,17.1,2.0,0.0,1.0,0.0,0.0
109.0,349.0,1.0,0.0,0.0,96.0,20.1,2.0,0.0,3.0,0.0,0.0
6.0,141.0,1.0,0.0,1.0,0.0,10.0,2.0,0.0,3.0,0.0,0.0
76.0,295.5,2.0,0.0,0.0,40.0,18.45,2.0,0.0,1.0,10.0,0.0
80.0,147.0,1.0,0.0,0.0,39.0,36.4,2.0,0.0,1.0,0.0,0.0
122.5,363.0,2.0,0.0,0.0,108.5,26.15,2.0,0.0,1.0,12.5,0.0
52.0,330.0,1.0,0.0,0.0,39.0,22.1,2.0,0.0,3.0,0.0,0.0
117.33333333333333,228.33333333333334,3.0,0.0,0.0,107.33333333333333,24.5,2.0,0.0,1.3333333333333333,11.728408057172787,0.0
110.0,436.0,1.0,0.0,0.0,99.0,22.6,2.0,0.0,1.0,0.0,0.0
10.0,278.0,1.0,0.0,1.0,0.0,14.9,2.0,0.0,3.0,0.0,0.0
58.0,342.0,1.0,0.0,0.0,22.0,15.2,2.0,0.0,1.0,0.0,0.0
5.0,233.0,1.0,0.0,1.0,0.0,39.0,2.0,0.0,3.0,0.0,0.0
109.0,232.0,1.0,0.0,0.0,93.0,15.3,2.0,0.0,1.0,0.0,0.0
117.5,196.5,2.0,0.0,0.0,87.5,25.799999999999997,2.0,0.0,1.0,5.5,0.0
60.0,376.0,1.0,0.0,0.0,50.0,13.4,2.0,0.0,3.0,0.0,0.0
112.0,350.0,1.0,0.0,0.0,85.0,16.0,2.0,0.0,1.0,0.0,0.0
78.0,314.5,2.0,0.0,0.0,59.0,15.5,2.0,0.0,1.0,12.0,0.0
83.33333333333333,403.0,3.0,0.0,0.0,57.666666666666664,29.2,2.0,0.0,1.0,41.023028762987366,0.0
126.0,359.0,1.0,0.0,0.0,98.0,31.3,2.0,0.0,1.0,0.0,0.0
52.5,270.5,2.0,0.0,0.0,44.0,15.850000000000001,2.0,0.0,2.0,44.0,0.0
40.0,153.0,1.0,0.0,0.0,31.0,38.2,2.0,0.0,1.0,0.0,0.0
4.0,66.0,1.0,0.0,0.0,0.0,20.8,2.0,0.0,1.0,0.0,0.0
19.0,223.0,1.0,0.0,0.0,0.0,14.1,2.0,0.0,1.0,0.0,0.0
70.0,264.0,1.0,0.0,0.0,39.0,20.6,2.0,0.0,1.0,0.0,0.0
112.0,373.0,1.0,0.0,0.0,94.0,31.6,2.0,0.0,1.0,0.0,0.0
99.66666666666667,222.0,3.0,0.0,0.0,76.33333333333333,16.833333333333332,2.0,0.0,1.6666666666666667,13.888444437333106,0.0
111.0,342.0,1.0,0.0,0.0,98.0,28.4,2.0,0.0,1.0,0.0,0.0
114.5,432.5,2.0,0.0,0.0,88.5,20.3,2.0,0.0,1.0,15.5,0.0
153.0,217.0,1.0,0.0,0.0,103.0,29.2,2.0,0.0,1.0,0.0,0.0
75.33333333333333,214.33333333333334,3.0,0.0,0.0,63.0,28.96666666666667,2.0,0.0,1.3333333333333333,49.52440475832765,0.0
14.0,384.0,1.0,0.0,1.0,0.0,23.1,2.0,0.0,3.0,0.0,0.0
88.5,441.5,2.0,0.0,0.0,68.0,24.75,2.0,0.0,2.0,49.0,0.0
78.5,240.5,2.0,0.0,0.0,66.5,18.95,2.0,0.0,2.0,24.5,0.0
131.0,386.0,1.0,0.0,0.0,110.0,29.0,2.0,0.0,1.0,0.0,0.0
91.5,338.5,2.0,0.0,0.0,68.0,22.3,3.0,1.0,1.0,15.0,0.0
148.0,258.0,1.0,0.0,0.0,109.0,14.2,2.0,0.0,2.0,0.0,0.0
35.5,346.5,2.0,0.0,1.0,13.0,24.25,2.0,0.0,2.5,13.0,0.0
62.0,332.0,1.0,0.0,0.0,30.0,27.9,2.0,0.0,1.0,0.0,0.0
79.75,359.5,4.0,0.0,1.0,66.0,22.55,2.0,0.0,2.25,45.32107677449864,0.0
142.0,239.0,2.0,0.0,0.0,107.5,22.85,2.0,0.0,1.0,1.5,0.0
127.0,140.0,1.0,0.0,0.0,122.0,19.2,2.0,0.0,1.0,0.0,0.0
81.0,237.5,2.0,0.0,0.0,66.5,22.3,2.0,0.0,1.0,43.5,0.0
109.0,307.5,2.0,0.0,0.0,72.0,13.0,2.0,0.0,1.0,19.0,0.0
17.0,118.0,1.0,0.0,0.0,0.0,32.3,2.0,0.0,1.0,0.0,0.0
88.5,257.0,2.0,0.0,0.0,58.0,29.5,2.0,0.0,3.0,23.0,0.0
56.0,482.0,1.0,0.0,0.0,38.0,32.4,2.0,0.0,1.0,0.0,0.0
49.0,361.0,1.0,0.0,0.0,21.0,9.7,2.0,0.0,1.0,0.0,0.0
100.0,242.0,1.0,0.0,0.0,85.0,13.1,4.0,1.0,1.0,0.0,0.0
147.0,184.0,1.0,0.0,0.0,121.0,13.2,2.0,0.0,2.0,0.0,0.0
48.0,437.5,2.0,0.0,0.0,37.5,27.1,2.0,0.0,1.0,4.5,0.0
28.0,361.0,2.0,0.0,1.0,18.5,25.5,2.0,0.0,2.0,18.5,0.0
92.0,298.0,1.0,0.0,0.0,68.0,30.1,2.0,0.0,3.0,0.0,0.0
124.0,108.0,1.0,0.0,0.0,72.0,24.7,2.0,0.0,1.0,0.0,0.0
129.0,478.0,1.0,0.0,0.0,115.0,17.2,2.0,0.0,1.0,0.0,0.0
33.0,389.5,2.0,0.0,0.0,15.5,28.200000000000003,3.0,1.0,1.0,15.5,0.0
105.0,251.0,1.0,0.0,0.0,67.0,11.1,2.0,0.0,3.0,0.0,0.0
35.0,397.5,2.0,0.0,0.0,18.0,22.25,2.0,0.0,1.0,18.0,0.0
53.5,210.0,2.0,0.0,1.0,41.5,21.15,2.0,0.0,2.0,41.5,0.0
109.0,352.5,2.0,0.0,0.0,80.0,18.9,2.0,0.0,2.0,4.0,0.0
63.0,138.0,2.0,0.0,0.0,45.0,15.1,2.0,0.0,2.0,45.0,0.0
72.5,323.5,2.0,0.0,0.0,45.5,20.1,2.0,0.0,1.0,45.5,0.0
59.0,80.5,2.0,0.0,0.0,39.0,27.75,2.0,0.0,0.5,39.0,0.0
83.0,292.0,1.0,0.0,0.0,70.0,22.4,2.0,0.0,3.0,0.0,0.0
135.0,410.0,1.0,0.0,0.0,88.0,16.2,2.0,0.0,1.0,0.0,0.0
81.0,253.0,1.0,0.0,0.0,66.0,18.5,2.0,0.0,1.0,0.0,0.0
16.0,476.0,1.0,0.0,0.0,0.0,34.1,2.0,0.0,1.0,0.0,0.0
14.0,109.0,1.0,0.0,0.0,0.0,23.5,4.0,1.0,1.0,0.0,0.0
98.0,361.0,1.0,0.0,0.0,74.0,26.1,2.0,0.0,3.0,0.0,0.0
76.0,311.5,2.0,0.0,0.0,51.5,17.0,3.0,1.0,1.0,11.5,0.0
58.0,327.0,1.0,0.0,0.0,44.0,24.5,2.0,0.0,1.0,0.0,0.0
51.5,399.0,2.0,0.0,0.0,33.5,28.15,2.0,0.0,0.5,33.5,0.0
47.5,141.5,2.0,0.0,0.0,29.0,20.5,2.0,0.0,1.0,29.0,0.0
95.0,303.0,2.0,0.0,0.0,78.5,21.05,2.0,0.0,2.0,1.5,0.0
45.0,450.0,1.0,0.0,0.0,29.0,32.1,2.0,0.0,1.0,0.0,0.0
92.0,501.0,1.0,0.0,0.0,67.0,22.2,2.0,0.0,3.0,0.0,0.0
70.0,435.0,1.0,0.0,0.0,39.0,17.4,2.0,0.0,3.0,0.0,0.0
123.0,173.0,1.0,0.0,0.0,94.0,11.8,2.0,0.0,1.0,0.0,0.0
17.0,501.0,1.0,0.0,0.0,0.0,19.9,2.0,0.0,1.0,0.0,0.0
85.0,266.0,1.0,0.0,0.0,72.0,11.3,2.0,0.0,3.0,0.0,0.0
107.0,435.0,1.0,0.0,0.0,80.0,32.6,2.0,0.0,1.0,0.0,0.0
101.5,429.5,2.0,0.0,0.0,86.0,22.8,2.0,0.0,2.0,8.0,0.0
91.5,269.0,2.0,0.0,0.0,61.5,17.85,2.0,0.0,1.0,61.5,0.0
119.0,317.0,1.0,0.0,0.0,93.0,17.7,2.0,0.0,1.0,0.0,0.0
44.666666666666664,415.0,3.0,0.0,1.0,29.0,25.433333333333334,2.0,0.0,2.3333333333333335,21.924111536540465,0.0
7.0,508.0,1.0,0.0,0.0,0.0,22.7,2.0,0.0,1.0,0.0,0.0
31.5,340.0,2.0,0.0,0.0,12.0,19.5,2.0,0.0,1.0,12.0,0.0
110.0,149.0,1.0,0.0,0.0,84.0,24.0,2.0,0.0,1.0,0.0,0.0
90.0,357.0,1.0,0.0,0.0,75.0,32.4,2.0,0.0,1.0,0.0,0.0
19.0,471.0,1.0,0.0,1.0,0.0,22.2,2.0,0.0,3.0,0.0,0.0
70.5,202.0,2.0,0.0,0.0,56.0,17.950000000000003,2.0,0.0,0.5,56.0,0.0
37.0,192.0,2.0,0.0,0.0,26.0,24.85,2.0,0.0,1.0,26.0,0.0
94.0,291.0,2.0,0.0,0.0,87.5,14.649999999999999,2.0,0.0,2.0,14.5,0.0
87.0,433.0,1.0,0.0,0.0,75.0,19.2,2.0,0.0,1.0,0.0,0.0
17.0,468.0,1.0,0.0,0.0,0.0,27.3,2.0,0.0,1.0,0.0,0.0
11.0,244.0,1.0,0.0,0.0,0.0,28.4,2.0,0.0,0.0,0.0,0.0
47.5,260.5,2.0,0.0,0.0,32.5,19.25,2.0,0.0,0.5,32.5,0.0
58.0,197.0,1.0,0.0,0.0,42.0,14.1,2.0,0.0,1.0,0.0,0.0
65.5,313.0,2.0,0.0,1.0,48.5,21.950000000000003,2.0,0.0,2.0,48.5,0.0
56.5,316.0,2.0,0.0,0.0,44.5,21.15,2.0,0.0,1.0,13.5,0.0
154.0,161.0,1.0,0.0,0.0,130.0,12.6,2.0,0.0,1.0,0.0,0.0
9.0,469.0,1.0,0.0,0.0,0.0,23.8,2.0,0.0,1.0,0.0,0.0
98.0,510.0,1.0,0.0,0.0,66.0,15.5,2.0,0.0,1.0,0.0,0.0
78.0,234.0,1.0,0.0,0.0,49.0,33.2,2.0,0.0,1.0,0.0,0.0
3.0,131.0,1.0,0.0,0.0,0.0,11.7,2.0,0.0,1.0,0.0,0.0
83.0,287.0,1.0,0.0,0.0,46.0,24.3,2.0,0.0,1.0,0.0,0.0
74.0,197.0,1.0,0.0,0.0,39.0,38.2,2.0,0.0,2.0,0.0,0.0
84.0,127.0,1.0,0.0,0.0,61.0,32.4,2.0,0.0,1.0,0.0,0.0
130.0,399.0,1.0,0.0,0.0,102.0,13.9,2.0,0.0,1.0,0.0,0.0
86.0,268.0,1.0,0.0,0.0,57.0,11.1,2.0,0.0,1.0,0.0,0.0
47.5,477.5,2.0,0.0,1.0,31.5,24.3,3.0,1.0,2.0,31.5,0.0
117.0,257.5,2.0,0.0,0.0,78.5,19.55,2.0,0.0,1.0,29.5,0.0
62.5,215.0,2.0,0.0,1.0,48.0,21.5,2.0,0.0,2.0,48.0,0.0
53.0,275.0,1.0,0.0,0.0,29.0,15.7,2.0,0.0,3.0,0.0,0.0
78.5,266.5,2.0,0.0,0.0,66.0,23.6,2.0,0.0,2.0,39.0,0.0
129.0,216.5,2.0,0.0,0.0,98.5,22.85,2.0,0.0,2.0,5.5,0.0
102.0,139.0,1.0,0.0,0.0,85.0,31.6,2.0,0.0,1.0,0.0,0.0
134.0,326.0,1.0,0.0,0.0,97.0,28.2,2.0,0.0,1.0,0.0,0.0
121.0,123.0,1.0,0.0,0.0,81.0,23.9,2.0,0.0,1.0,0.0,0.0
122.0,364.0,1.0,0.0,0.0,106.0,31.6,2.0,0.0,1.0,0.0,0.0
51.0,349.0,1.0,0.0,0.0,25.0,20.9,2.0,0.0,3.0,0.0,0.0
99.0,214.5,2.0,0.0,0.0,67.5,23.65,2.0,0.0,1.0,20.5,0.0
67.0,275.5,2.0,0.0,0.0,37.0,23.5,2.0,0.0,2.0,7.0,0.0
69.0,194.5,2.0,0.0,1.0,49.0,23.45,3.0,1.0,3.0,49.0,0.0
99.0,248.0,1.0,0.0,0.0,84.0,23.9,2.0,0.0,1.0,0.0,0.0
92.5,187.5,2.0,0.0,0.0,68.5,21.95,2.0,0.0,2.0,6.5,0.0
16.0,402.0,1.0,0.0,1.0,0.0,38.7,2.0,0.0,3.0,0.0,0.0
87.0,421.0,1.0,0.0,0.0,54.0,37.2,2.0,0.0,1.0,0.0,0.0
18.0,111.0,1.0,0.0,1.0,0.0,27.4,2.0,0.0,3.0,0.0,0.0
108.0,362.0,2.0,0.0,0.0,88.5,31.75,2.0,0.0,1.0,14.5,0.0
91.0,117.0,1.0,0.0,0.0,64.0,22.0,2.0,0.0,1.0,0.0,0.0
86.5,319.5,2.0,0.0,0.0,55.0,22.65,2.0,0.0,2.0,8.0,0.0
114.0,84.0,1.0,0.0,0.0,80.0,34.3,2.0,0.0,1.0,0.0,0.0
126.0,191.0,2.0,0.0,0.0,119.0,17.6,2.0,0.0,2.0,13.0,0.0
104.66666666666667,262.0,3.0,0.0,0.0,86.0,20.066666666666666,2.0,0.0,1.0,24.124676163629637,0.0
4.0,351.0,1.0,0.0,1.0,0.0,32.8,2.0,0.0,3.0,0.0,0.0
127.0,125.0,1.0,0.0,0.0,105.0,19.5,2.0,0.0,3.0,0.0,0.0
60.0,341.0,1.0,0.0,0.0,40.0,28.9,2.0,0.0,1.0,0.0,0.0
121.0,196.5,2.0,0.0,0.0,94.0,14.7,2.0,0.0,1.0,1.0,0.0
68.0,224.0,2.0,0.0,0.0,61.0,23.799999999999997,3.0,1.0,1.0,5.0,0.0
61.0,64.0,1.0,0.0,0.0,26.0,25.6,2.0,0.0,3.0,0.0,0.0
91.0,413.0,1.0,0.0,0.0,67.0,17.0,2.0,0.0,3.0,0.0,0.0
64.0,408.0,1.0,0.0,0.0,33.0,20.1,2.0,0.0,1.0,0.0,0.0
84.0,357.0,3.0,1.0,0.0,57.666666666666664,19.733333333333334,2.6666666666666665,1.0,2.0,22.808380526074668,0.3333333333333333
135.5,358.5,2.0,0.0,0.0,115.0,19.95,2.0,0.0,1.0,4.0,0.0
34.5,436.5,2.0,0.0,0.0,17.0,22.35,2.0,0.0,2.0,17.0,0.0
9.0,317.0,1.0,0.0,0.0,0.0,19.7,2.0,0.0,0.0,0.0,0.0
4.0,441.0,1.0,0.0,1.0,0.0,14.7,2.0,0.0,3.0,0.0,0.0
127.0,367.0,1.0,0.0,0.0,109.0,14.5,2.0,0.0,1.0,0.0,0.0
82.0,92.0,1.0,0.0,0.0,54.0,11.4,2.0,0.0,1.0,0.0,0.0
17.0,183.0,1.0,0.0,1.0,0.0,22.4,2.0,0.0,3.0,0.0,0.0
66.0,159.0,1.0,0.0,0.0,55.0,12.9,2.0,0.0,1.0,0.0,0.0
10.0,139.0,1.0,0.0,0.0,0.0,33.3,2.0,0.0,1.0,0.0,0.0
88.0,280.0,1.0,0.0,0.0,68.0,32.8,2.0,0.0,1.0,0.0,0.0
65.0,391.0,1.0,0.0,0.0,45.0,16.7,2.0,0.0,1.0,0.0,0.0
51.0,277.5,2.0,0.0,0.0,30.5,19.15,2.0,0.0,1.0,11.5,0.0
88.0,355.0,2.0,0.0,0.0,71.5,15.5,2.0,0.0,1.0,26.5,0.0
98.5,179.0,2.0,0.0,0.0,83.0,25.0,2.0,0.0,1.5,23.0,0.0
89.5,380.5,2.0,0.0,0.0,65.5,15.299999999999999,2.0,0.0,1.0,36.5,0.0
68.0,465.0,1.0,0.0,0.0,66.0,25.0,2.0,0.0,3.0,0.0,0.0
99.5,167.0,2.0,0.0,0.0,80.5,22.2,2.0,0.0,2.0,26.5,0.0
123.0,181.0,1.0,0.0,0.0,96.0,17.0,2.0,0.0,3.0,0.0,0.0
128.5,285.0,2.0,0.0,0.0,94.5,25.35,2.0,0.0,1.0,18.5,0.0
99.0,294.0,1.0,0.0,0.0,92.0,32.3,4.0,1.0,3.0,0.0,0.0
63.0,259.0,1.0,0.0,0.0,50.0,17.9,2.0,0.0,3.0,0.0,0.0
127.0,409.0,1.0,0.0,0.0,104.0,13.6,2.0,0.0,1.0,0.0,0.0
12.0,252.0,1.0,0.0,0.0,0.0,20.7,2.0,0.0,1.0,0.0,0.0
101.0,222.0,1.0,0.0,0.0,78.0,27.2,2.0,0.0,1.0,0.0,0.0
47.0,292.0,1.0,0.0,0.0,27.0,16.0,2.0,0.0,1.0,0.0,0.0
141.0,257.5,2.0,0.0,0.0,117.5,28.1,2.0,0.0,1.0,2.5,0.0
96.0,421.0,1.0,0.0,0.0,97.0,32.1,2.0,0.0,2.0,0.0,0.0
28.5,238.5,2.0,0.0,1.0,14.0,27.799999999999997,2.0,0.0,2.0,14.0,0.0
115.0,312.0,1.0,0.0,0.0,69.0,15.4,2.0,0.0,3.0,0.0,0.0
87.0,154.0,1.0,0.0,0.0,59.0,11.2,2.0,0.0,1.0,0.0,0.0
3.0,409.0,1.0,0.0,1.0,0.0,28.3,2.0,0.0,3.0,0.0,0.0
88.0,459.0,1.0,0.0,0.0,63.0,36.6,2.0,0.0,1.0,0.0,0.0
50.0,176.0,1.0,0.0,0.0,33.0,11.5,2.0,0.0,1.0,0.0,0.0
5.0,283.0,1.0,0.0,1.0,0.0,18.8,2.0,0.0,3.0,0.0,0.0
132.0,112.0,1.0,0.0,0.0,96.0,32.6,2.0,0.0,1.0,0.0,0.0
143.0,375.0,1.0,0.0,0.0,116.0,25.4,2.0,0.0,2.0,0.0,0.0
10.0,222.0,1.0,0.0,0.0,0.0,11.8,2.0,0.0,1.0,0.0,0.0
46.5,319.5,2.0,0.0,1.0,32.5,23.35,2.0,0.0,2.0,32.5,0.0
79.0,239.0,1.0,0.0,0.0,60.0,32.6,2.0,0.0,1.0,0.0,0.0
114.0,303.0,2.0,0.0,0.0,96.0,27.5,2.0,0.0,1.0,7.0,0.0
105.0,282.0,1.0,0.0,0.0,90.0,14.1,2.0,0.0,3.0,0.0,0.0
4.0,203.0,1.0,0.0,0.0,0.0,18.0,2.0,0.0,1.0,0.0,0.0
68.0,364.5,2.0,0.0,0.0,52.5,28.15,2.0,0.0,1.0,23.5,0.0
83.5,129.5,2.0,0.0,0.0,56.5,14.7,2.0,0.0,1.0,9.5,0.0
123.5,319.5,2.0,0.0,0.0,87.5,31.85,2.0,0.0,1.0,15.5,0.0
74.0,81.0,1.0,0.0,0.0,70.0,26.4,2.0,0.0,3.0,0.0,0.0
52.0,70.0,1.0,0.0,0.0,34.0,27.1,2.0,0.0,1.0,0.0,0.0
80.0,288.5,2.0,0.0,0.0,45.0,22.35,2.0,0.0,1.0,45.0,0.0
107.0,439.0,1.0,0.0,0.0,90.0,28.6,2.0,0.0,1.0,0.0,0.0
96.0,404.0,1.0,0.0,0.0,95.0,13.7,2.0,0.0,1.0,0.0,0.0
72.0,327.0,1.0,0.0,0.0,58.0,35.0,2.0,0.0,1.0,0.0,0.0
103.0,268.0,1.0,0.0,0.0,120.0,20.7,2.0,0.0,1.0,0.0,0.0
106.0,129.0,1.0,0.0,0.0,91.0,35.1,2.0,0.0,1.0,0.0,0.0
82.0,266.6666666666667,3.0,0.0,0.0,58.333333333333336,24.2,2.0,0.0,2.0,33.48963355361709,0.0
8.0,455.0,2.0,0.0,1.0,0.0,24.65,2.0,0.0,1.5,0.0,0.0
106.0,277.5,2.0,0.0,0.0,95.5,26.65,2.0,0.0,2.0,15.5,0.0
44.0,244.0,3.0,0.0,0.0,27.333333333333332,18.566666666666666,2.0,0.0,1.0,19.39644870130154,0.0
103.0,497.0,1.0,0.0,0.0,76.0,34.1,2.0,0.0,1.0,0.0,0.0
8.0,204.0,1.0,0.0,1.0,0.0,15.5,2.0,0.0,3.0,0.0,0.0
10.0,502.0,1.0,0.0,1.0,0.0,32.6,2.0,0.0,3.0,0.0,0.0
13.0,411.0,1.0,0.0,0.0,0.0,22.9,2.0,0.0,1.0,0.0,0.0
90.0,367.0,1.0,0.0,0.0,70.0,10.3,2.0,0.0,1.0,0.0,0.0
70.0,230.0,1.0,0.0,0.0,28.0,21.2,2.0,0.0,1.0,0.0,0.0
134.0,449.0,1.0,0.0,0.0,117.0,35.2,2.0,0.0,1.0,0.0,0.0
67.0,172.0,2.0,0.0,0.0,39.5,23.7,2.0,0.0,1.0,13.5,0.0
65.0,276.5,2.0,0.0,0.0,47.0,20.700000000000003,2.0,0.0,2.0,17.0,0.0
107.66666666666667,286.6666666666667,3.0,0.0,0.0,82.66666666666667,25.5,2.0,0.0,1.6666666666666667,43.94188080736746,0.0
55.5,445.5,2.0,0.0,0.0,40.0,23.45,2.0,0.0,0.5,40.0,0.0
65.0,249.0,1.0,0.0,0.0,55.0,16.3,2.0,0.0,3.0,0.0,0.0
52.5,427.0,2.0,0.0,0.0,45.0,19.25,2.0,0.0,1.0,45.0,0.0
21.0,156.0,1.0,0.0,1.0,0.0,33.4,2.0,0.0,3.0,0.0,0.0
39.0,496.0,1.0,0.0,0.0,33.0,34.9,2.0,0.0,1.0,0.0,0.0
115.0,281.0,1.0,0.0,0.0,115.0,23.4,2.0,0.0,3.0,0.0,0.0
110.0,301.0,1.0,0.0,0.0,96.0,10.4,2.0,0.0,3.0,0.0,0.0
60.0,177.5,2.0,0.0,0.0,33.0,27.700000000000003,2.0,0.0,1.0,1.0,0.0
11.5,234.0,2.0,0.0,0.0,0.0,22.75,2.0,0.0,0.5,0.0,0.0
83.0,66.0,1.0,0.0,0.0,64.0,16.4,2.0,0.0,1.0,0.0,0.0
60.0,264.0,2.0,0.0,1.0,45.5,25.65,2.0,0.0,2.0,45.5,0.0
79.0,310.0,2.0,0.0,0.0,53.0,11.0,2.0,0.0,1.0,29.0,0.0
71.0,198.0,2.0,0.0,0.0,44.5,22.950000000000003,2.0,0.0,1.0,44.5,0.0
76.0,506.0,1.0,0.0,0.0,61.0,34.3,2.0,0.0,1.0,0.0,0.0
54.5,202.5,2.0,0.0,1.0,32.0,19.1,2.0,0.0,3.0,32.0,0.0
141.0,85.0,1.0,0.0,0.0,107.0,28.9,2.0,0.0,1.0,0.0,0.0
142.5,403.5,2.0,0.0,0.0,121.0,20.75,2.0,0.0,1.0,13.0,0.0
104.0,269.0,1.0,0.0,0.0,99.0,14.4,2.0,0.0,1.0,0.0,0.0
88.0,219.0,1.0,0.0,0.0,56.0,12.5,2.0,0.0,3.0,0.0,0.0
52.0,433.0,1.0,0.0,0.0,34.0,36.4,2.0,0.0,1.0,0.0,0.0
91.5,435.0,2.0,0.0,0.0,74.0,18.9,2.0,0.0,1.5,32.0,0.0
62.0,259.0,3.0,0.0,0.0,40.666666666666664,16.666666666666668,2.0,0.0,1.3333333333333333,33.9050963065371,0.0
106.5,320.5,2.0,0.0,0.0,81.0,17.75,2.0,0.0,1.0,5.0,0.0
102.33333333333333,412.0,3.0,0.0,0.0,89.66666666666667,30.53333333333333,2.0,0.0,1.6666666666666667,16.779617264870957,0.0
3.0,385.0,1.0,0.0,1.0,0.0,22.2,2.0,0.0,3.0,0.0,0.0
74.0,116.0,1.0,0.0,0.0,54.0,19.0,2.0,0.0,1.0,0.0,0.0
63.0,417.0,2.0,0.0,0.0,53.5,31.8,2.0,0.0,1.5,24.5,0.0
158.0,248.0,1.0,0.0,0.0,129.0,14.0,2.0,0.0,1.0,0.0,0.0
11.0,257.0,1.0,0.0,0.0,0.0,26.9,2.0,0.0,1.0,0.0,0.0
55.0,222.5,2.0,0.0,0.0,39.5,21.15,2.0,0.0,2.0,11.5,0.0
117.0,309.3333333333333,3.0,0.0,0.0,91.66666666666667,17.566666666666666,2.0,0.0,1.0,31.510139461590594,0.0
48.0,361.0,2.0,0.0,0.0,32.5,34.25,2.0,0.0,1.0,32.5,0.0
77.0,336.5,2.0,0.0,0.0,61.5,14.149999999999999,2.0,0.0,1.5,61.5,0.0
58.5,183.0,2.0,0.0,1.0,58.0,21.75,2.0,0.0,2.0,58.0,0.0
23.0,176.0,2.0,0.0,1.0,15.5,26.45,2.0,0.0,2.0,15.5,0.0
129.0,293.0,1.0,0.0,0.0,114.0,25.1,2.0,0.0,1.0,0.0,0.0
65.0,321.0,2.0,0.0,0.0,47.0,24.9,2.0,0.0,1.0,47.0,0.0
73.0,396.0,1.0,0.0,0.0,34.0,21.0,2.0,0.0,1.0,0.0,0.0
57.0,255.0,1.0,0.0,0.0,31.0,15.8,2.0,0.0,1.0,0.0,0.0
94.0,122.0,1.0,0.0,0.0,52.0,26.3,2.0,0.0,3.0,0.0,0.0
57.0,306.0,1.0,0.0,0.0,45.0,19.9,2.0,0.0,1.0,0.0,0.0
79.0,510.0,1.0,0.0,0.0,74.0,32.7,2.0,0.0,3.0,0.0,0.0
73.5,320.0,2.0,0.0,0.0,48.5,17.2,2.0,0.0,2.0,14.5,0.0
31.5,227.0,2.0,0.0,1.0,23.5,27.35,2.0,0.0,2.0,23.5,0.0
11.0,194.5,2.0,0.0,1.0,0.0,28.799999999999997,2.0,0.0,2.0,0.0,0.0
128.0,322.0,2.0,0.0,0.0,86.5,25.5,2.0,0.0,2.0,16.5,0.0
71.0,305.0,2.0,0.0,1.0,41.0,24.15,2.0,0.0,2.0,41.0,0.0
80.0,323.0,1.0,0.0,0.0,57.0,30.7,2.0,0.0,1.0,0.0,0.0
14.0,468.0,1.0,0.0,0.0,0.0,15.4,2.0,0.0,0.0,0.0,0.0
48.0,284.6666666666667,3.0,0.0,0.0,32.333333333333336,31.8,2.0,0.0,1.0,15.584892970081281,0.0
6.0,427.0,1.0,0.0,0.0,0.0,23.2,2.0,0.0,0.0,0.0,0.0
89.0,398.0,1.0,0.0,0.0,51.0,28.9,2.0,0.0,1.0,0.0,0.0
5.0,385.0,1.0,0.0,0.0,0.0,25.2,4.0,1.0,1.0,0.0,0.0
86.0,156.0,1.0,0.0,0.0,61.0,22.3,4.0,1.0,1.0,0.0,0.0
67.0,148.0,1.0,0.0,0.0,43.0,32.8,2.0,0.0,2.0,0.0,0.0
125.0,441.0,2.0,0.0,0.0,100.0,28.45,2.0,0.0,2.0,11.0,0.0
13.0,400.0,1.0,0.0,1.0,0.0,10.4,2.0,0.0,3.0,0.0,0.0
41.666666666666664,268.0,3.0,0.0,1.0,30.0,20.5,2.0,0.0,1.6666666666666667,21.602468994692867,0.0
105.0,185.0,1.0,1.0,0.0,82.0,33.2,4.0,1.0,3.0,0.0,1.0
73.5,276.0,2.0,0.0,1.0,51.5,29.799999999999997,3.0,1.0,2.0,51.5,0.0
54.0,135.0,1.0,0.0,0.0,32.0,13.3,2.0,0.0,1.0,0.0,0.0
36.0,211.5,2.0,0.0,0.0,29.5,17.75,2.0,0.0,1.5,29.5,0.0
4.0,179.0,1.0,0.0,0.0,0.0,26.5,2.0,0.0,1.0,0.0,0.0
61.0,130.0,1.0,0.0,0.0,34.0,33.1,2.0,0.0,1.0,0.0,0.0
58.0,365.5,2.0,0.0,1.0,42.0,24.35,2.0,0.0,3.0,42.0,0.0
5.0,91.0,1.0,0.0,0.0,0.0,21.0,2.0,0.0,1.0,0.0,0.0
15.0,381.0,1.0,0.0,0.0,0.0,12.2,2.0,0.0,1.0,0.0,0.0
17.0,439.0,1.0,0.0,0.0,0.0,25.1,4.0,1.0,1.0,0.0,0.0
6.0,149.0,1.0,0.0,0.0,0.0,25.4,2.0,0.0,0.0,0.0,0.0
63.0,368.0,1.0,0.0,0.0,70.0,34.8,2.0,0.0,2.0,0.0,0.0
66.0,282.0,2.0,0.0,0.0,47.0,26.6,2.0,0.0,2.0,7.0,0.0
40.0,292.0,3.0,0.0,1.0,22.333333333333332,20.533333333333335,2.0,0.0,1.6666666666666667,19.25847576753905,0.0
43.0,401.0,1.0,0.0,0.0,36.0,22.1,2.0,0.0,3.0,0.0,0.0
16.0,204.0,1.0,0.0,0.0,0.0,14.0,2.0,0.0,1.0,0.0,0.0
82.0,331.0,1.0,0.0,0.0,67.0,22.6,2.0,0.0,3.0,0.0,0.0
90.0,314.0,1.0,0.0,0.0,52.0,31.4,4.0,1.0,1.0,0.0,0.0
77.0,429.0,1.0,0.0,0.0,50.0,26.2,2.0,0.0,1.0,0.0,0.0
105.0,303.0,1.0,0.0,0.0,65.0,18.2,2.0,0.0,3.0,0.0,0.0
120.0,328.0,3.0,0.0,0.0,88.33333333333333,20.833333333333332,2.0,0.0,1.0,32.96799795087486,0.0
67.0,506.0,1.0,0.0,0.0,27.0,10.7,2.0,0.0,1.0,0.0,0.0
112.0,117.0,1.0,1.0,0.0,70.0,20.5,4.0,1.0,3.0,0.0,1.0
109.0,469.5,2.0,0.0,0.0,77.0,18.3,2.0,0.0,1.0,15.0,0.0
109.5,403.5,2.0,0.0,0.0,87.0,20.45,2.0,0.0,1.0,3.0,0.0
61.0,146.0,2.0,0.0,0.0,36.5,15.85,2.0,0.0,1.0,11.5,0.0
94.0,434.0,1.0,0.0,0.0,82.0,22.3,2.0,0.0,1.0,0.0,0.0
53.0,327.5,2.0,0.0,0.0,38.5,31.2,2.0,0.0,0.5,38.5,0.0
71.5,172.0,2.0,0.0,0.0,62.0,15.55,3.0,1.0,2.5,33.0,0.0
75.0,179.0,1.0,0.0,0.0,47.0,28.5,2.0,0.0,2.0,0.0,0.0
106.0,66.0,1.0,0.0,0.0,60.0,18.0,2.0,0.0,3.0,0.0,0.0
136.0,124.0,1.0,0.0,0.0,84.0,10.8,2.0,0.0,3.0,0.0,0.0
50.0,279.0,1.0,0.0,0.0,44.0,15.3,2.0,0.0,1.0,0.0,0.0
77.66666666666667,175.66666666666666,3.0,0.0,0.0,72.33333333333333,19.833333333333332,2.0,0.0,1.6666666666666667,32.10745846199741,0.0
90.33333333333333,215.66666666666666,3.0,0.0,0.0,78.33333333333333,24.766666666666666,2.0,0.0,2.0,11.55662388223981,0.0
127.5,172.0,2.0,0.0,0.0,93.0,24.7,2.0,0.0,1.5,19.0,0.0
53.0,93.0,1.0,0.0,0.0,53.0,19.8,2.0,0.0,1.0,0.0,0.0
118.5,354.0,2.0,0.0,0.0,88.5,13.35,2.0,0.0,1.0,37.5,0.0
10.5,417.0,2.0,0.0,0.0,0.0,13.45,2.0,0.0,1.0,0.0,0.0
20.0,492.0,1.0,0.0,0.0,0.0,18.1,2.0,0.0,1.0,0.0,0.0
95.0,347.0,1.0,0.0,0.0,61.0,24.2,2.0,0.0,1.0,0.0,0.0
41.0,131.0,1.0,0.0,0.0,25.0,33.5,2.0,0.0,1.0,0.0,0.0
5.0,201.0,1.0,0.0,1.0,0.0,22.2,2.0,0.0,3.0,0.0,0.0
161.0,456.0,1.0,0.0,0.0,110.0,16.7,2.0,0.0,1.0,0.0,0.0
114.0,100.0,1.0,0.0,0.0,89.0,11.4,2.0,0.0,3.0,0.0,0.0
97.0,290.0,2.0,0.0,0.0,67.0,11.6,2.0,0.0,1.0,67.0,0.0
53.666666666666664,390.0,3.0,0.0,1.0,43.333333333333336,15.133333333333333,2.0,0.0,1.6666666666666667,30.6521704868604,0.0
118.0,497.0,1.0,0.0,0.0,81.0,19.7,2.0,0.0,1.0,0.0,0.0
97.0,182.0,1.0,0.0,0.0,80.0,17.4,2.0,0.0,2.0,0.0,0.0
75.0,373.0,1.0,0.0,0.0,50.0,22.9,2.0,0.0,3.0,0.0,0.0
128.0,125.0,1.0,0.0,0.0,82.0,38.4,2.0,0.0,1.0,0.0,0.0
118.0,341.5,2.0,0.0,0.0,75.0,21.15,2.0,0.0,1.5,9.0,0.0
54.0,433.0,1.0,0.0,0.0,23.0,34.7,2.0,0.0,1.0,0.0,0.0
120.0,324.0,1.0,0.0,0.0,118.0,17.5,2.0,0.0,1.0,0.0,0.0
84.0,124.0,1.0,0.0,0.0,55.0,31.4,2.0,0.0,1.0,0.0,0.0
77.0,346.0,1.0,0.0,0.0,64.0,33.4,2.0,0.0,1.0,0.0,0.0
54.0,108.0,1.0,0.0,0.0,41.0,27.8,2.0,0.0,1.0,0.0,0.0
121.0,386.0,1.0,0.0,0.0,102.0,29.5,2.0,0.0,3.0,0.0,0.0
50.0,294.6666666666667,3.0,0.0,0.0,35.333333333333336,21.933333333333334,2.0,0.0,0.6666666666666666,33.319997332266134,0.0
110.5,271.5,2.0,0.0,0.0,77.5,26.05,2.0,0.0,1.0,11.5,0.0
50.5,242.5,2.0,0.0,1.0,25.5,17.85,2.0,0.0,2.0,25.5,0.0
12.5,374.0,2.0,0.0,1.0,0.0,25.95,2.0,0.0,2.0,0.0,0.0
84.0,78.0,1.0,0.0,0.0,63.0,11.5,2.0,0.0,1.0,0.0,0.0
28.0,252.5,2.0,0.0,0.0,11.5,27.65,2.0,0.0,1.0,11.5,0.0
160.0,378.0,1.0,0.0,0.0,114.0,37.5,2.0,0.0,1.0,0.0,0.0
56.0,329.0,1.0,0.0,0.0,40.0,32.2,2.0,0.0,1.0,0.0,0.0
171.0,112.0,1.0,0.0,0.0,132.0,30.4,2.0,0.0,3.0,0.0,0.0
52.0,259.0,1.0,0.0,0.0,22.0,24.1,2.0,0.0,1.0,0.0,0.0
105.0,270.0,1.0,0.0,0.0,80.0,29.2,2.0,0.0,2.0,0.0,0.0
69.0,491.0,1.0,0.0,0.0,37.0,17.2,2.0,0.0,1.0,0.0,0.0
55.0,288.0,1.0,0.0,0.0,28.0,13.9,2.0,0.0,1.0,0.0,0.0
39.333333333333336,240.66666666666666,3.0,0.0,1.0,26.333333333333332,21.0,2.0,0.0,1.3333333333333333,37.2409571424915,0.0
74.0,303.0,2.0,0.0,0.0,49.5,36.3,2.0,0.0,1.5,49.5,0.0
78.0,140.0,1.0,0.0,0.0,73.0,29.4,2.0,0.0,1.0,0.0,0.0
68.0,98.0,1.0,0.0,0.0,54.0,25.6,2.0,0.0,1.0,0.0,0.0
86.5,152.0,2.0,0.0,0.0,76.5,24.700000000000003,2.0,0.0,1.0,32.5,0.0
132.0,233.0,1.0,0.0,0.0,114.0,27.8,2.0,0.0,2.0,0.0,0.0
77.0,104.33333333333333,3.0,0.0,0.0,61.666666666666664,22.433333333333337,2.0,0.0,1.6666666666666667,16.779617264870957,0.0
78.33333333333333,215.0,3.0,0.0,1.0,63.0,26.5,2.0,0.0,1.6666666666666667,44.594469014292194,0.0
102.0,497.5,2.0,0.0,0.0,72.5,25.45,2.0,0.0,1.0,2.5,0.0
142.0,377.0,1.0,0.0,0.0,123.0,13.4,2.0,0.0,1.0,0.0,0.0
57.0,500.0,1.0,0.0,0.0,49.0,34.3,2.0,0.0,1.0,0.0,0.0
75.5,318.5,2.0,0.0,0.0,62.0,15.600000000000001,2.0,0.0,2.0,62.0,0.0
116.0,82.0,1.0,0.0,0.0,90.0,15.1,2.0,0.0,1.0,0.0,0.0
73.0,334.5,2.0,0.0,0.0,62.5,25.45,2.0,0.0,2.0,0.5,0.0
95.5,289.0,2.0,0.0,0.0,74.5,16.0,2.0,0.0,2.0,2.5,0.0
4.0,130.0,1.0,0.0,1.0,0.0,28.1,2.0,0.0,3.0,0.0,0.0
93.0,230.33333333333334,3.0,0.0,0.0,79.0,19.96666666666667,2.0,0.0,1.0,11.86029791643813,0.0
56.0,454.0,1.0,0.0,0.0,33.0,34.2,2.0,0.0,1.0,0.0,0.0
94.0,177.0,1.0,0.0,0.0,88.0,18.6,2.0,0.0,1.0,0.0,0.0
56.0,160.0,1.0,0.0,0.0,26.0,19.2,2.0,0.0,1.0,0.0,0.0
83.0,279.0,1.0,0.0,0.0,45.0,21.3,2.0,0.0,2.0,0.0,0.0
54.5,409.5,2.0,0.0,0.0,36.5,23.1,2.0,0.0,0.5,36.5,0.0
40.0,140.0,1.0,0.0,0.0,21.0,25.1,2.0,0.0,1.0,0.0,0.0
45.0,277.0,1.0,0.0,0.0,20.0,12.0,2.0,0.0,1.0,0.0,0.0
124.0,128.0,1.0,0.0,0.0,119.0,29.8,2.0,0.0,3.0,0.0,0.0
91.66666666666667,237.33333333333334,3.0,0.0,0.0,63.333333333333336,23.166666666666668,2.0,0.0,0.6666666666666666,57.41273571449302,0.0
55.0,293.75,4.0,1.0,0.0,39.5,21.725,2.5,1.0,1.3333333333333333,27.02313823374332,0.25
85.0,427.0,1.0,0.0,0.0,60.0,28.2,2.0,0.0,1.0,0.0,0.0
99.0,239.0,1.0,0.0,0.0,56.0,22.1,2.0,0.0,1.0,0.0,0.0
130.0,402.0,1.0,0.0,0.0,107.0,34.5,2.0,0.0,1.0,0.0,0.0
36.5,239.5,2.0,0.0,0.0,27.5,25.9,2.0,0.0,1.0,27.5,0.0
19.0,456.0,1.0,0.0,0.0,0.0,16.8,2.0,0.0,1.0,0.0,0.0
82.0,321.0,1.0,0.0,0.0,81.0,24.5,2.0,0.0,1.0,0.0,0.0
92.0,380.0,1.0,0.0,0.0,49.0,24.4,2.0,0.0,1.0,0.0,0.0
10.0,288.0,1.0,0.0,0.0,0.0,33.8,2.0,0.0,1.0,0.0,0.0
32.5,172.0,2.0,0.0,0.0,21.0,15.15,2.0,0.0,1.0,21.0,0.0
19.0,392.0,1.0,0.0,0.0,0.0,31.6,2.0,0.0,0.0,0.0,0.0
60.0,407.5,2.0,0.0,0.0,47.0,18.0,2.0,0.0,1.0,6.0,0.0
147.0,307.0,1.0,0.0,0.0,103.0,28.6,2.0,0.0,1.0,0.0,0.0
100.0,331.0,1.0,0.0,0.0,64.0,14.4,2.0,0.0,1.0,0.0,0.0
72.0,296.5,2.0,0.0,0.0,50.0,26.85,2.0,0.0,1.0,2.0,0.0
124.0,250.0,1.0,0.0,0.0,102.0,24.3,4.0,1.0,1.0,0.0,0.0
59.0,189.0,1.0,0.0,0.0,54.0,33.5,2.0,0.0,1.0,0.0,0.0
105.0,110.0,1.0,0.0,0.0,104.0,24.5,2.0,0.0,1.0,0.0,0.0
90.0,361.0,1.0,0.0,0.0,73.0,33.2,2.0,0.0,3.0,0.0,0.0
117.0,411.0,1.0,0.0,0.0,86.0,31.7,2.0,0.0,1.0,0.0,0.0
5.0,97.0,1.0,0.0,1.0,0.0,16.9,2.0,0.0,3.0,0.0,0.0
103.0,240.0,2.0,0.0,0.0,80.0,17.299999999999997,2.0,0.0,1.5,41.0,0.0
60.0,466.0,1.0,0.0,0.0,43.0,31.7,2.0,0.0,1.0,0.0,0.0
92.5,441.5,2.0,0.0,0.0,68.5,20.6,2.0,0.0,1.0,23.5,0.0
120.0,468.0,1.0,0.0,0.0,70.0,26.9,2.0,0.0,1.0,0.0,0.0
120.0,434.0,1.0,0.0,0.0,86.0,30.3,2.0,0.0,1.0,0.0,0.0
12.0,205.0,1.0,0.0,1.0,0.0,19.8,2.0,0.0,3.0,0.0,0.0
16.0,357.0,1.0,0.0,0.0,0.0,18.3,2.0,0.0,1.0,0.0,0.0
157.0,509.0,1.0,0.0,0.0,118.0,32.4,2.0,0.0,1.0,0.0,0.0
9.0,351.0,2.0,0.0,1.0,0.0,25.5,2.0,0.0,2.0,0.0,0.0
41.0,388.0,1.0,0.0,0.0,32.0,30.8,2.0,0.0,1.0,0.0,0.0
36.0,261.0,2.0,0.0,1.0,16.5,27.35,2.0,0.0,2.0,16.5,0.0
20.0,336.0,1.0,0.0,1.0,0.0,35.1,2.0,0.0,3.0,0.0,0.0
44.5,179.0,2.0,0.0,1.0,40.0,17.5,2.0,0.0,2.5,40.0,0.0
92.0,125.0,1.0,0.0,0.0,84.0,22.0,2.0,0.0,2.0,0.0,0.0
68.0,72.0,1.0,0.0,0.0,26.0,33.5,2.0,0.0,1.0,0.0,0.0
67.0,420.0,2.0,0.0,0.0,58.0,23.6,2.0,0.0,1.0,58.0,0.0
78.0,235.66666666666666,3.0,0.0,0.0,60.0,24.366666666666664,2.0,0.0,2.0,29.631064780058107,0.0
17.5,178.5,2.0,0.0,0.0,10.5,34.05,2.0,0.0,1.0,10.5,0.0
85.0,223.0,1.0,0.0,0.0,69.0,18.8,2.0,0.0,1.0,0.0,0.0
58.0,128.0,1.0,0.0,0.0,49.0,26.1,2.0,0.0,1.0,0.0,0.0
115.66666666666667,210.33333333333334,3.0,0.0,0.0,94.33333333333333,22.400000000000002,2.0,0.0,1.6666666666666667,8.339997335464536,0.0
14.0,360.0,1.0,0.0,1.0,0.0,12.3,2.0,0.0,3.0,0.0,0.0
79.0,406.0,1.0,0.0,0.0,63.0,31.5,2.0,0.0,1.0,0.0,0.0
71.0,340.0,1.0,0.0,0.0,45.0,20.1,2.0,0.0,1.0,0.0,0.0
80.66666666666667,383.3333333333333,3.0,0.0,0.0,64.33333333333333,22.866666666666664,2.0,0.0,1.6666666666666667,29.69100125552447,0.0
121.5,178.5,2.0,0.0,0.0,103.0,18.549999999999997,2.0,0.0,1.0,24.0,0.0
9.0,459.0,1.0,0.0,1.0,0.0,21.0,2.0,0.0,3.0,0.0,0.0
115.0,136.0,2.0,0.0,0.0,83.5,19.450000000000003,2.0,0.0,1.0,16.5,0.0
109.0,109.0,1.0,0.0,0.0,97.0,28.6,2.0,0.0,1.0,0.0,0.0
134.0,506.0,1.0,0.0,0.0,107.0,26.1,2.0,0.0,1.0,0.0,0.0
101.0,85.0,1.0,0.0,0.0,89.0,11.1,2.0,0.0,1.0,0.0,0.0
112.0,500.0,1.0,0.0,0.0,75.0,32.4,2.0,0.0,1.0,0.0,0.0
2.0,114.0,1.0,0.0,0.0,0.0,31.9,2.0,0.0,0.0,0.0,0.0
20.0,502.0,1.0,0.0,1.0,0.0,19.6,2.0,0.0,3.0,0.0,0.0
94.5,341.75,4.0,0.0,0.0,70.75,27.675,2.0,0.0,1.3333333333333333,36.27929850479472,0.0
47.5,297.0,2.0,0.0,0.0,24.0,23.35,2.0,0.0,1.0,24.0,0.0
71.5,308.0,2.0,0.0,0.0,58.5,23.9,2.0,0.0,2.0,24.5,0.0
2.0,138.0,1.0,0.0,0.0,0.0,21.3,4.0,1.0,1.0,0.0,0.0
104.0,385.0,1.0,0.0,0.0,80.0,28.8,2.0,0.0,1.0,0.0,0.0
120.66666666666667,273.3333333333333,3.0,0.0,0.0,90.33333333333333,25.53333333333333,2.0,0.0,1.6666666666666667,22.291004663067316,0.0
92.0,75.0,1.0,0.0,0.0,84.0,21.5,2.0,0.0,1.0,0.0,0.0
105.0,429.0,1.0,0.0,0.0,89.0,17.4,2.0,0.0,1.0,0.0,0.0
10.0,193.0,1.0,0.0,1.0,0.0,12.8,2.0,0.0,3.0,0.0,0.0
40.0,349.0,1.0,0.0,0.0,27.0,8.3,2.0,0.0,1.0,0.0,0.0
8.0,503.0,1.0,0.0,1.0,0.0,27.3,2.0,0.0,3.0,0.0,0.0
19.0,289.0,1.0,0.0,0.0,0.0,28.4,2.0,0.0,1.0,0.0,0.0
124.0,465.0,1.0,0.0,0.0,80.0,17.6,2.0,0.0,2.0,0.0,0.0
97.5,214.5,2.0,0.0,0.0,73.0,27.8,2.0,0.0,1.0,14.0,0.0
88.0,351.0,1.0,0.0,0.0,75.0,35.4,2.0,0.0,1.0,0.0,0.0
154.5,469.5,2.0,0.0,0.0,106.5,20.55,2.0,0.0,2.0,6.5,0.0
77.0,428.0,1.0,0.0,0.0,61.0,13.2,2.0,0.0,1.0,0.0,0.0
80.0,66.0,1.0,0.0,0.0,48.0,36.0,2.0,0.0,3.0,0.0,0.0
86.66666666666667,271.3333333333333,3.0,0.0,0.0,61.333333333333336,18.866666666666664,2.0,0.0,1.0,32.72443871006635,0.0
85.0,318.5,2.0,0.0,0.0,62.5,17.700000000000003,2.0,0.0,1.5,62.5,0.0
118.0,502.0,1.0,0.0,0.0,95.0,29.1,2.0,0.0,1.0,0.0,0.0
82.0,390.0,2.0,0.0,0.0,68.0,33.8,2.0,0.0,1.0,14.0,0.0
16.0,166.0,1.0,0.0,0.0,0.0,14.5,2.0,0.0,1.0,0.0,0.0
10.0,99.0,1.0,0.0,0.0,0.0,13.9,2.0,0.0,1.0,0.0,0.0
71.0,262.0,1.0,0.0,0.0,50.0,21.4,2.0,0.0,1.0,0.0,0.0
70.5,230.5,2.0,0.0,0.0,48.5,25.25,2.0,0.0,1.0,25.5,0.0
64.5,288.5,2.0,0.0,0.0,55.5,28.45,2.0,0.0,2.0,5.5,0.0
126.0,136.0,1.0,0.0,0.0,105.0,33.3,2.0,0.0,1.0,0.0,0.0
67.5,405.5,2.0,0.0,0.0,49.0,23.6,2.0,0.0,2.0,24.0,0.0
38.0,238.0,2.0,0.0,0.0,29.5,21.200000000000003,2.0,0.0,1.0,29.5,0.0
60.0,494.0,1.0,0.0,0.0,33.0,30.4,2.0,0.0,3.0,0.0,0.0
82.5,199.5,2.0,0.0,0.0,53.5,18.5,2.0,0.0,1.0,13.5,0.0
43.0,293.0,1.0,0.0,0.0,22.0,32.0,2.0,0.0,3.0,0.0,0.0
118.0,162.0,1.0,0.0,0.0,81.0,26.1,2.0,0.0,1.0,0.0,0.0
18.0,432.0,1.0,0.0,0.0,0.0,17.8,2.0,0.0,1.0,0.0,0.0
87.0,476.0,1.0,0.0,0.0,104.0,18.1,2.0,0.0,1.0,0.0,0.0
86.66666666666667,379.0,3.0,0.0,0.0,66.33333333333333,27.5,2.0,0.0,1.0,47.204048790566915,0.0
40.0,159.0,1.0,0.0,0.0,29.0,22.1,2.0,0.0,1.0,0.0,0.0
88.0,307.0,1.0,0.0,0.0,46.0,26.7,2.0,0.0,3.0,0.0,0.0
43.0,178.5,2.0,0.0,0.0,27.0,32.6,2.0,0.0,1.0,27.0,0.0
104.5,336.0,2.0,0.0,0.0,71.5,21.1,2.0,0.0,2.0,21.5,0.0
77.5,140.5,2.0,0.0,0.0,59.0,24.6,2.0,0.0,0.5,59.0,0.0
79.0,237.0,2.0,0.0,0.0,49.0,16.95,2.0,0.0,1.5,23.0,0.0
33.25,305.0,4.0,0.0,0.0,22.5,26.575000000000003,2.0,0.0,1.6666666666666667,38.97114317029974,0.0
102.0,75.0,1.0,0.0,0.0,82.0,17.1,2.0,0.0,3.0,0.0,0.0
44.333333333333336,289.0,3.0,0.0,1.0,30.666666666666668,27.5,2.0,0.0,1.6666666666666667,24.9042611258038,0.0
59.0,215.0,1.0,0.0,0.0,22.0,18.9,4.0,1.0,1.0,0.0,0.0
92.0,395.0,2.0,0.0,0.0,69.0,22.85,2.0,0.0,2.0,25.0,0.0
15.0,329.0,2.0,0.0,1.0,0.0,23.75,2.0,0.0,2.0,0.0,0.0
88.0,420.0,2.0,0.0,0.0,53.5,24.200000000000003,3.0,1.0,2.0,4.5,0.0
80.0,378.5,2.0,0.0,0.0,43.5,26.700000000000003,2.0,0.0,2.0,18.5,0.0
135.0,90.0,1.0,0.0,0.0,119.0,11.1,2.0,0.0,1.0,0.0,0.0
119.0,451.0,1.0,0.0,0.0,114.0,28.2,2.0,0.0,2.0,0.0,0.0
161.0,385.0,1.0,0.0,0.0,134.0,19.8,2.0,0.0,1.0,0.0,0.0
35.0,222.0,1.0,0.0,0.0,21.0,16.4,2.0,0.0,1.0,0.0,0.0
129.0,259.0,1.0,0.0,0.0,114.0,11.8,2.0,0.0,3.0,0.0,0.0
104.0,216.0,1.0,0.0,0.0,96.0,14.4,2.0,0.0,1.0,0.0,0.0
20.0,108.0,1.0,0.0,0.0,0.0,25.8,2.0,0.0,0.0,0.0,0.0
106.0,432.0,1.0,0.0,0.0,80.0,26.8,2.0,0.0,3.0,0.0,0.0
115.5,214.5,2.0,0.0,0.0,95.5,30.95,2.0,0.0,2.0,33.5,0.0
129.0,255.0,1.0,0.0,0.0,95.0,13.1,2.0,0.0,3.0,0.0,0.0
157.0,139.0,1.0,0.0,0.0,131.0,22.8,2.0,0.0,2.0,0.0,0.0
139.0,294.0,1.0,0.0,0.0,121.0,20.5,2.0,0.0,1.0,0.0,0.0
12.0,486.0,1.0,0.0,1.0,0.0,33.4,2.0,0.0,3.0,0.0,0.0
51.0,442.0,1.0,0.0,0.0,41.0,13.5,2.0,0.0,3.0,0.0,0.0
8.0,447.0,1.0,0.0,0.0,0.0,24.0,2.0,0.0,0.0,0.0,0.0
95.5,275.0,2.0,0.0,0.0,76.5,26.55,2.0,0.0,2.0,16.5,0.0
72.75,335.75,4.0,0.0,0.0,53.25,18.4,2.0,0.0,1.0,22.487496525847426,0.0
87.0,229.0,1.0,0.0,0.0,51.0,29.1,2.0,0.0,1.0,0.0,0.0
86.0,301.0,1.0,0.0,0.0,57.0,23.0,2.0,0.0,3.0,0.0,0.0
67.0,214.0,1.0,0.0,0.0,38.0,11.1,2.0,0.0,3.0,0.0,0.0
76.0,81.0,1.0,0.0,0.0,55.0,11.8,2.0,0.0,1.0,0.0,0.0
114.0,108.0,1.0,0.0,0.0,98.0,28.8,2.0,0.0,1.0,0.0,0.0
6.0,350.0,1.0,0.0,0.0,0.0,12.2,2.0,0.0,1.0,0.0,0.0
102.0,363.0,1.0,0.0,0.0,96.0,36.8,4.0,1.0,1.0,0.0,0.0
124.0,230.33333333333334,3.0,0.0,0.0,90.0,22.600000000000005,2.0,0.0,1.0,6.164414002968976,0.0
74.0,264.0,1.0,0.0,0.0,62.0,23.6,2.0,0.0,1.0,0.0,0.0
108.0,237.5,2.0,0.0,0.0,105.0,15.1,2.0,0.0,1.5,7.0,0.0
96.0,396.0,1.0,0.0,0.0,62.0,16.8,2.0,0.0,1.0,0.0,0.0
74.5,217.5,2.0,0.0,0.0,47.5,18.75,2.0,0.0,1.0,17.5,0.0
166.0,161.0,1.0,0.0,0.0,109.0,18.9,2.0,0.0,1.0,0.0,0.0
58.0,200.0,1.0,0.0,0.0,24.0,11.3,2.0,0.0,1.0,0.0,0.0
63.0,85.0,1.0,0.0,0.0,30.0,14.6,2.0,0.0,3.0,0.0,0.0
62.5,136.5,2.0,0.0,0.0,40.5,22.7,2.0,0.0,1.0,4.5,0.0
45.0,141.0,1.0,0.0,0.0,18.0,14.7,2.0,0.0,1.0,0.0,0.0
56.5,370.5,2.0,0.0,0.0,45.0,18.1,2.0,0.0,0.5,45.0,0.0
83.0,317.25,4.0,0.0,0.0,60.75,19.325,2.0,0.0,1.5,13.141061600951424,0.0
91.0,75.0,1.0,0.0,0.0,79.0,24.1,2.0,0.0,1.0,0.0,0.0
36.5,292.5,2.0,0.0,0.0,25.0,20.2,2.0,0.0,2.0,25.0,0.0
80.0,453.0,1.0,0.0,0.0,59.0,24.1,2.0,0.0,1.0,0.0,0.0
79.0,503.0,1.0,0.0,0.0,75.0,18.7,2.0,0.0,3.0,0.0,0.0
116.0,320.0,1.0,0.0,0.0,81.0,14.9,2.0,0.0,1.0,0.0,0.0
60.0,296.0,1.0,0.0,0.0,39.0,28.5,2.0,0.0,3.0,0.0,0.0
22.0,410.0,1.0,0.0,0.0,0.0,30.9,2.0,0.0,1.0,0.0,0.0
2.0,76.0,1.0,0.0,1.0,0.0,21.1,2.0,0.0,3.0,0.0,0.0
34.5,81.0,2.0,0.0,1.0,26.0,27.65,2.0,0.0,2.0,26.0,0.0
113.0,307.0,2.0,0.0,0.0,91.5,19.65,2.0,0.0,1.0,1.5,0.0
78.75,275.25,4.0,0.0,0.0,69.0,17.8,2.0,0.0,1.0,42.04164601915581,0.0
65.5,146.5,2.0,0.0,0.0,51.5,16.1,3.0,1.0,0.5,51.5,0.0
131.0,90.0,1.0,0.0,0.0,90.0,21.4,2.0,0.0,1.0,0.0,0.0
84.5,168.0,2.0,0.0,0.0,63.5,24.4,2.0,0.0,1.0,22.5,0.0
97.0,499.0,1.0,0.0,0.0,79.0,25.0,2.0,0.0,3.0,0.0,0.0
100.0,421.0,1.0,0.0,0.0,72.0,16.8,2.0,0.0,1.0,0.0,0.0
34.0,115.0,1.0,0.0,0.0,30.0,20.2,2.0,0.0,2.0,0.0,0.0
10.0,229.0,2.0,0.0,1.0,0.0,28.35,3.0,1.0,2.0,0.0,0.0
79.0,404.0,1.0,0.0,0.0,42.0,28.6,2.0,0.0,1.0,0.0,0.0
76.66666666666667,320.0,3.0,0.0,0.0,54.0,18.900000000000002,2.0,0.0,1.0,43.29742101634538,0.0
127.0,140.0,1.0,0.0,0.0,106.0,19.7,2.0,0.0,1.0,0.0,0.0
45.5,177.0,2.0,0.0,1.0,22.5,10.55,2.0,0.0,2.0,22.5,0.0
88.0,481.0,1.0,0.0,0.0,52.0,19.6,2.0,0.0,1.0,0.0,0.0
87.0,313.0,1.0,0.0,0.0,67.0,21.8,2.0,0.0,1.0,0.0,0.0
15.0,334.0,1.0,0.0,0.0,0.0,21.9,2.0,0.0,1.0,0.0,0.0
19.0,272.0,1.0,0.0,1.0,0.0,34.7,2.0,0.0,3.0,0.0,0.0
15.0,482.0,1.0,0.0,0.0,0.0,9.7,2.0,0.0,0.0,0.0,0.0
17.0,88.0,1.0,0.0,0.0,0.0,36.3,2.0,0.0,1.0,0.0,0.0
5.0,337.0,1.0,0.0,0.0,0.0,30.9,2.0,0.0,1.0,0.0,0.0
76.0,308.6666666666667,3.0,0.0,0.0,60.666666666666664,24.266666666666666,2.0,0.0,3.0,33.32999983331666,0.0
116.0,406.0,1.0,0.0,0.0,114.0,32.3,2.0,0.0,1.0,0.0,0.0
69.5,109.0,2.0,0.0,0.0,54.5,20.9,2.0,0.0,1.0,19.5,0.0
19.0,469.0,1.0,0.0,0.0,0.0,15.0,2.0,0.0,1.0,0.0,0.0
84.0,262.0,1.0,0.0,0.0,65.0,11.5,2.0,0.0,1.0,0.0,0.0
88.0,225.0,1.0,0.0,0.0,70.0,21.9,2.0,0.0,1.0,0.0,0.0
113.0,125.0,1.0,0.0,0.0,97.0,17.2,2.0,0.0,3.0,0.0,0.0
85.5,345.0,2.0,0.0,0.0,67.0,33.2,2.0,0.0,2.0,3.0,0.0
58.0,371.0,2.0,0.0,1.0,47.0,24.450000000000003,2.0,0.0,2.0,47.0,0.0
15.5,281.5,2.0,0.0,1.0,0.0,26.4,2.0,0.0,2.0,0.0,0.0
109.0,412.0,1.0,0.0,0.0,77.0,20.2,2.0,0.0,1.0,0.0,0.0
110.0,133.0,1.0,0.0,0.0,74.0,17.1,2.0,0.0,1.0,0.0,0.0
75.33333333333333,258.0,3.0,0.0,0.0,53.666666666666664,20.299999999999997,2.0,0.0,1.0,44.09333534925911,0.0
91.0,303.0,4.0,0.0,0.0,80.75,22.349999999999998,2.0,0.0,1.5,24.128561913218117,0.0
63.0,457.0,1.0,0.0,0.0,18.0,24.7,2.0,0.0,1.0,0.0,0.0
53.0,366.5,2.0,0.0,0.0,44.0,17.75,2.0,0.0,1.0,44.0,0.0
155.0,451.0,1.0,0.0,0.0,124.0,27.4,2.0,0.0,3.0,0.0,0.0
5.0,64.0,1.0,0.0,0.0,0.0,28.0,2.0,0.0,1.0,0.0,0.0
92.0,113.0,1.0,0.0,0.0,67.0,19.6,2.0,0.0,1.0,0.0,0.0
29.0,351.0,1.0,0.0,0.0,21.0,30.8,2.0,0.0,1.0,0.0,0.0
126.0,86.0,1.0,0.0,0.0,78.0,29.9,2.0,0.0,3.0,0.0,0.0
69.0,405.0,1.0,0.0,0.0,59.0,28.6,2.0,0.0,1.0,0.0,0.0
44.0,172.0,1.0,0.0,0.0,28.0,14.6,2.0,0.0,1.0,0.0,0.0
129.0,144.0,1.0,0.0,0.0,99.0,19.5,2.0,0.0,1.0,0.0,0.0
56.5,353.5,2.0,0.0,1.0,57.5,20.0,2.0,0.0,2.0,57.5,0.0
105.0,396.0,1.0,0.0,0.0,89.0,24.5,2.0,0.0,3.0,0.0,0.0
92.66666666666667,290.0,3.0,0.0,0.0,60.666666666666664,23.2,2.0,0.0,2.0,8.219218670625303,0.0
95.5,204.5,2.0,0.0,0.0,65.5,17.950000000000003,2.0,0.0,1.0,31.5,0.0
57.0,391.5,2.0,0.0,1.0,31.5,16.95,2.0,0.0,2.0,31.5,0.0
66.0,432.0,1.0,0.0,0.0,41.0,28.1,2.0,0.0,1.0,0.0,0.0
48.5,180.5,2.0,0.0,1.0,31.0,13.15,2.0,0.0,3.0,31.0,0.0
89.33333333333333,244.33333333333334,3.0,0.0,0.0,64.0,23.5,2.0,0.0,1.0,45.614325235244536,0.0
56.0,201.0,1.0,0.0,0.0,23.0,28.5,2.0,0.0,1.0,0.0,0.0
81.0,144.0,1.0,0.0,0.0,56.0,31.4,2.0,0.0,1.0,0.0,0.0
56.0,214.0,1.0,0.0,0.0,48.0,11.9,2.0,0.0,1.0,0.0,0.0
55.0,454.5,2.0,0.0,0.0,48.5,28.7,2.0,0.0,1.0,48.5,0.0
15.0,364.0,1.0,0.0,0.0,0.0,29.9,2.0,0.0,0.0,0.0,0.0
63.5,297.0,4.0,0.0,1.0,45.0,19.474999999999998,2.0,0.0,2.25,36.39368077015569,0.0
78.0,260.0,3.0,0.0,0.0,60.666666666666664,29.433333333333334,2.0,0.0,2.0,22.89589968143253,0.0
107.5,249.0,2.0,0.0,0.0,76.5,31.2,2.0,0.0,1.0,9.5,0.0
99.0,174.0,1.0,0.0,0.0,85.0,14.7,2.0,0.0,1.0,0.0,0.0
103.0,130.0,1.0,0.0,0.0,89.0,24.1,2.0,0.0,1.0,0.0,0.0
3.0,194.0,1.0,0.0,0.0,0.0,20.8,2.0,0.0,0.0,0.0,0.0
110.0,295.0,1.0,0.0,0.0,92.0,18.2,2.0,0.0,1.0,0.0,0.0
86.0,429.0,1.0,0.0,0.0,67.0,30.5,2.0,0.0,3.0,0.0,0.0
17.0,509.0,1.0,0.0,0.0,0.0,25.6,2.0,0.0,1.0,0.0,0.0
94.0,360.0,1.0,0.0,0.0,67.0,19.4,2.0,0.0,1.0,0.0,0.0
89.66666666666667,129.66666666666666,3.0,0.0,0.0,56.666666666666664,19.36666666666667,2.0,0.0,1.6666666666666667,16.418147141366337,0.0
64.5,294.5,2.0,0.0,0.0,54.5,30.35,2.0,0.0,2.0,31.5,0.0
102.0,230.0,1.0,0.0,0.0,72.0,16.5,2.0,0.0,1.0,0.0,0.0
132.0,272.0,1.0,0.0,0.0,94.0,23.6,2.0,0.0,1.0,0.0,0.0
119.5,353.0,2.0,0.0,0.0,107.5,27.9,2.0,0.0,1.0,8.5,0.0
13.0,283.0,2.0,0.0,1.0,0.0,20.1,2.0,0.0,2.0,0.0,0.0
54.5,344.0,2.0,0.0,0.0,43.5,14.3,2.0,0.0,2.0,43.5,0.0
69.0,460.0,1.0,0.0,0.0,41.0,29.9,2.0,0.0,1.0,0.0,0.0
92.0,167.0,1.0,0.0,0.0,63.0,20.2,2.0,0.0,1.0,0.0,0.0
15.0,100.0,2.0,0.0,0.0,0.0,32.15,2.0,0.0,1.0,0.0,0.0
14.0,214.0,1.0,0.0,0.0,0.0,17.9,2.0,0.0,1.0,0.0,0.0
144.0,116.0,1.0,0.0,0.0,92.0,13.5,2.0,0.0,2.0,0.0,0.0
108.0,511.0,1.0,0.0,0.0,90.0,14.3,2.0,0.0,1.0,0.0,0.0
136.0,316.0,1.0,0.0,0.0,126.0,24.8,2.0,0.0,3.0,0.0,0.0
103.0,329.0,1.0,0.0,0.0,125.0,35.1,2.0,0.0,1.0,0.0,0.0
102.0,294.5,2.0,0.0,0.0,73.5,26.049999999999997,2.0,0.0,2.0,34.5,0.0
4.0,439.0,1.0,0.0,1.0,0.0,13.6,2.0,0.0,3.0,0.0,0.0
103.0,184.0,1.0,0.0,0.0,71.0,28.0,2.0,0.0,1.0,0.0,0.0
94.0,403.0,1.0,0.0,0.0,88.0,34.7,2.0,0.0,1.0,0.0,0.0
89.0,356.0,2.0,0.0,0.0,57.5,21.25,2.0,0.0,1.0,27.5,0.0
117.5,186.0,2.0,0.0,0.0,85.5,16.15,2.0,0.0,1.5,25.5,0.0
183.0,316.0,1.0,0.0,0.0,126.0,25.2,2.0,0.0,1.0,0.0,0.0
73.0,341.0,1.0,0.0,0.0,43.0,15.6,2.0,0.0,1.0,0.0,0.0
85.0,198.5,2.0,0.0,0.0,77.0,24.9,2.0,0.0,1.0,18.0,0.0
114.0,253.0,1.0,0.0,0.0,70.0,15.9,4.0,1.0,1.0,0.0,0.0
56.0,154.0,2.0,0.0,0.0,32.5,32.6,2.0,0.0,3.0,11.5,0.0
121.0,165.0,1.0,0.0,0.0,93.0,14.3,2.0,0.0,1.0,0.0,0.0
104.0,185.33333333333334,3.0,0.0,0.0,77.33333333333333,18.0,2.0,0.0,1.3333333333333333,31.541859312489635,0.0
114.0,185.0,1.0,0.0,0.0,86.0,10.9,2.0,0.0,1.0,0.0,0.0
182.0,230.0,1.0,0.0,0.0,136.0,22.6,2.0,0.0,1.0,0.0,0.0
145.0,341.0,1.0,0.0,0.0,100.0,32.3,2.0,0.0,2.0,0.0,0.0
66.5,176.5,2.0,0.0,0.0,53.5,23.3,2.0,0.0,1.5,5.5,0.0
11.0,348.0,1.0,0.0,1.0,0.0,17.7,2.0,0.0,3.0,0.0,0.0
128.0,280.0,1.0,0.0,0.0,87.0,36.4,2.0,0.0,1.0,0.0,0.0
44.0,374.0,1.0,0.0,0.0,40.0,16.2,2.0,0.0,1.0,0.0,0.0
77.0,314.0,1.0,0.0,0.0,41.0,18.3,2.0,0.0,1.0,0.0,0.0
108.0,243.0,1.0,0.0,0.0,90.0,26.8,2.0,0.0,1.0,0.0,0.0
140.0,325.0,1.0,0.0,0.0,118.0,27.1,2.0,0.0,1.0,0.0,0.0
108.0,125.0,1.0,0.0,0.0,88.0,27.4,2.0,0.0,3.0,0.0,0.0
33.5,252.25,4.0,0.0,0.0,22.75,29.200000000000003,2.0,0.0,1.3333333333333333,24.40671014290947,0.0
13.0,185.0,1.0,0.0,1.0,0.0,35.6,2.0,0.0,3.0,0.0,0.0
68.5,405.5,2.0,0.0,1.0,69.0,28.45,2.0,0.0,3.0,69.0,0.0
89.5,157.5,2.0,0.0,0.0,59.0,24.6,2.0,0.0,1.5,5.0,0.0
99.0,127.0,2.0,0.0,0.0,78.5,24.55,3.0,1.0,2.0,27.5,0.0
120.0,374.0,1.0,0.0,0.0,102.0,22.0,2.0,0.0,2.0,0.0,0.0
67.0,272.0,2.0,0.0,0.0,55.5,22.1,2.0,0.0,1.5,21.5,0.0
84.0,106.0,1.0,0.0,0.0,36.0,25.5,2.0,0.0,1.0,0.0,0.0
46.0,117.0,1.0,0.0,0.0,44.0,23.3,2.0,0.0,3.0,0.0,0.0
112.33333333333333,217.0,3.0,0.0,0.0,82.66666666666667,19.933333333333334,2.0,0.0,1.0,36.609045633862436,0.0
39.0,312.0,3.0,0.0,0.0,29.0,24.866666666666664,2.0,0.0,1.6666666666666667,24.99333244420733,0.0
120.0,505.0,1.0,0.0,0.0,98.0,12.9,4.0,1.0,2.0,0.0,0.0
8.0,487.0,1.0,0.0,0.0,0.0,29.3,2.0,0.0,1.0,0.0,0.0
120.0,318.0,1.0,0.0,0.0,91.0,20.1,2.0,0.0,3.0,0.0,0.0
55.0,281.0,1.0,0.0,0.0,41.0,32.9,2.0,0.0,3.0,0.0,0.0
114.5,417.5,2.0,0.0,0.0,87.0,19.6,2.0,0.0,1.0,33.0,0.0
3.0,314.0,1.0,0.0,0.0,0.0,10.1,2.0,0.0,1.0,0.0,0.0
89.5,233.0,2.0,0.0,0.0,77.0,21.2,2.0,0.0,2.0,52.0,0.0
117.0,166.5,2.0,0.0,0.0,76.5,23.8,2.0,0.0,2.0,19.5,0.0
73.66666666666667,276.3333333333333,3.0,0.0,0.0,47.0,16.333333333333332,2.0,0.0,1.0,22.015146301277824,0.0
58.0,114.0,1.0,0.0,0.0,35.0,21.3,2.0,0.0,1.0,0.0,0.0
20.0,441.0,1.0,0.0,0.0,0.0,15.3,2.0,0.0,1.0,0.0,0.0
144.0,498.0,1.0,0.0,0.0,109.0,10.7,2.0,0.0,1.0,0.0,0.0
120.0,402.0,1.0,0.0,0.0,114.0,30.2,2.0,0.0,2.0,0.0,0.0
55.0,349.5,2.0,0.0,0.0,35.5,24.0,2.0,0.0,1.0,35.5,0.0
83.0,227.0,1.0,0.0,0.0,67.0,20.3,2.0,0.0,1.0,0.0,0.0
98.0,409.0,1.0,0.0,0.0,88.0,25.5,2.0,0.0,1.0,0.0,0.0
51.5,295.5,2.0,0.0,0.0,29.5,20.5,2.0,0.0,2.0,1.5,0.0
119.0,154.0,1.0,0.0,0.0,81.0,16.5,2.0,0.0,3.0,0.0,0.0
125.0,486.0,1.0,0.0,0.0,98.0,13.4,2.0,0.0,1.0,0.0,0.0
38.0,378.0,1.0,0.0,0.0,25.0,21.1,2.0,0.0,1.0,0.0,0.0
66.0,153.5,2.0,0.0,0.0,50.0,24.65,3.0,1.0,1.0,5.0,0.0
80.5,320.0,2.0,0.0,0.0,78.5,21.549999999999997,2.0,0.0,1.0,3.5,0.0
11.0,148.0,1.0,0.0,0.0,0.0,15.6,2.0,0.0,1.0,0.0,0.0
109.5,381.5,2.0,0.0,0.0,87.5,20.35,2.0,0.0,1.0,2.5,0.0
10.5,466.0,2.0,0.0,1.0,0.0,26.75,2.0,0.0,2.0,0.0,0.0
57.0,246.5,2.0,0.0,1.0,39.0,26.200000000000003,2.0,0.0,2.0,39.0,0.0
9.0,104.0,1.0,0.0,0.0,0.0,25.4,2.0,0.0,0.0,0.0,0.0
58.0,155.0,1.0,0.0,0.0,26.0,32.2,2.0,0.0,3.0,0.0,0.0
71.0,457.0,1.0,0.0,0.0,61.0,29.7,2.0,0.0,1.0,0.0,0.0
53.0,146.0,1.0,0.0,0.0,41.0,13.1,2.0,0.0,1.0,0.0,0.0
14.0,455.0,1.0,0.0,0.0,0.0,12.4,2.0,0.0,1.0,0.0,0.0
4.0,337.0,1.0,0.0,0.0,0.0,26.5,2.0,0.0,1.0,0.0,0.0
73.5,416.0,2.0,0.0,0.0,51.5,20.75,2.0,0.0,1.0,14.5,0.0
81.33333333333333,304.0,3.0,0.0,0.0,65.66666666666667,24.53333333333333,2.0,0.0,1.6666666666666667,20.368821489936252,0.0
83.66666666666667,362.6666666666667,3.0,0.0,0.0,55.333333333333336,16.633333333333336,2.0,0.0,1.0,39.81066300488964,0.0
18.0,407.0,1.0,0.0,0.0,0.0,34.1,2.0,0.0,1.0,0.0,0.0
42.666666666666664,307.6666666666667,3.0,0.0,0.0,19.333333333333332,24.433333333333334,2.0,0.0,1.6666666666666667,13.888444437333106,0.0
117.0,508.0,1.0,0.0,0.0,98.0,29.9,2.0,0.0,1.0,0.0,0.0
67.0,194.0,1.0,0.0,0.0,59.0,18.4,2.0,0.0,1.0,0.0,0.0
18.0,416.0,1.0,0.0,0.0,0.0,27.7,2.0,0.0,1.0,0.0,0.0
92.66666666666667,356.0,3.0,0.0,0.0,79.66666666666667,23.86666666666667,2.0,0.0,1.3333333333333333,57.921402684058755,0.0
81.0,300.0,1.0,0.0,0.0,66.0,21.6,2.0,0.0,2.0,0.0,0.0
164.0,439.0,1.0,0.0,0.0,126.0,32.4,2.0,0.0,1.0,0.0,0.0
73.33333333333333,151.0,3.0,0.0,0.0,63.0,23.333333333333332,2.0,0.0,1.6666666666666667,29.40521495698793,0.0
9.0,217.0,1.0,0.0,1.0,0.0,9.4,2.0,0.0,3.0,0.0,0.0
120.0,252.0,1.0,0.0,0.0,106.0,22.5,2.0,0.0,3.0,0.0,0.0
99.0,425.6666666666667,3.0,0.0,0.0,90.66666666666667,23.166666666666668,2.0,0.0,1.0,6.847546194724712,0.0
19.5,191.0,2.0,0.0,0.0,10.5,21.799999999999997,2.0,0.0,0.5,10.5,0.0
6.0,207.0,1.0,0.0,1.0,0.0,18.2,2.0,0.0,3.0,0.0,0.0
12.0,91.0,1.0,0.0,0.0,0.0,31.6,2.0,0.0,1.0,0.0,0.0
117.0,176.0,1.0,0.0,0.0,91.0,32.9,2.0,0.0,3.0,0.0,0.0
6.0,431.0,1.0,0.0,0.0,0.0,12.2,2.0,0.0,1.0,0.0,0.0
38.0,251.5,2.0,0.0,0.0,30.5,12.65,2.0,0.0,2.0,7.5,0.0
73.0,440.5,2.0,0.0,0.0,40.5,29.200000000000003,2.0,0.0,2.0,19.5,0.0
92.0,186.0,2.0,0.0,0.0,62.5,18.15,2.0,0.0,2.0,19.5,0.0
13.0,275.0,1.0,0.0,1.0,0.0,14.7,2.0,0.0,3.0,0.0,0.0
15.0,177.0,1.0,0.0,0.0,0.0,15.3,2.0,0.0,1.0,0.0,0.0
16.0,271.0,1.0,0.0,0.0,0.0,34.5,2.0,0.0,1.0,0.0,0.0
85.0,166.66666666666666,3.0,0.0,0.0,74.0,16.46666666666667,2.0,0.0,1.6666666666666667,25.152865973217974,0.0
3.0,292.0,1.0,0.0,0.0,0.0,21.6,2.0,0.0,0.0,0.0,0.0
78.5,283.5,2.0,0.0,0.0,59.5,23.65,2.0,0.0,1.0,36.5,0.0
7.0,64.0,1.0,0.0,0.0,0.0,27.6,2.0,0.0,0.0,0.0,0.0
87.0,288.0,1.0,0.0,0.0,51.0,25.6,2.0,0.0,1.0,0.0,0.0
61.0,354.0,2.0,0.0,0.0,47.0,16.35,2.0,0.0,1.0,47.0,0.0
108.0,255.0,1.0,0.0,0.0,94.0,17.2,2.0,0.0,2.0,0.0,0.0
130.0,267.0,1.0,0.0,0.0,92.0,12.5,2.0,0.0,1.0,0.0,0.0
5.5,344.5,2.0,0.0,1.0,0.0,30.15,2.0,0.0,2.0,0.0,0.0
31.666666666666668,429.6666666666667,3.0,0.0,0.0,20.333333333333332,12.566666666666668,2.0,0.0,1.3333333333333333,15.062831370260005,0.0
83.0,130.0,1.0,0.0,0.0,68.0,22.3,2.0,0.0,3.0,0.0,0.0
4.0,188.0,1.0,0.0,0.0,0.0,18.5,4.0,1.0,1.0,0.0,0.0
4.0,229.0,1.0,0.0,0.0,0.0,24.4,2.0,0.0,0.0,0.0,0.0
7.0,291.0,1.0,0.0,0.0,0.0,31.6,2.0,0.0,1.0,0.0,0.0
121.0,98.0,1.0,0.0,0.0,71.0,21.9,2.0,0.0,2.0,0.0,0.0
93.0,321.0,1.0,0.0,0.0,67.0,23.7,2.0,0.0,1.0,0.0,0.0
38.5,128.0,2.0,0.0,0.0,10.0,20.65,2.0,0.0,1.5,10.0,0.0
26.0,422.0,1.0,0.0,0.0,21.0,10.5,2.0,0.0,3.0,0.0,0.0
10.0,308.5,2.0,0.0,0.0,0.0,15.45,2.0,0.0,0.5,0.0,0.0
72.0,88.0,1.0,0.0,0.0,72.0,28.7,2.0,0.0,1.0,0.0,0.0
129.0,267.0,1.0,0.0,0.0,98.0,12.9,2.0,0.0,1.0,0.0,0.0
109.0,379.5,2.0,0.0,0.0,84.0,33.55,2.0,0.0,2.0,23.0,0.0
6.0,98.0,1.0,0.0,0.0,0.0,23.9,2.0,0.0,1.0,0.0,0.0
57.0,459.5,2.0,0.0,0.0,28.5,23.75,2.0,0.0,1.0,28.5,0.0
49.0,251.0,2.0,0.0,0.0,33.5,24.5,3.0,1.0,0.5,33.5,0.0
56.0,431.0,1.0,0.0,0.0,43.0,17.2,2.0,0.0,1.0,0.0,0.0
117.0,360.0,2.0,0.0,0.0,83.0,18.049999999999997,2.0,0.0,2.0,48.0,0.0
137.0,115.0,1.0,0.0,0.0,119.0,33.5,2.0,0.0,1.0,0.0,0.0
55.0,434.0,1.0,0.0,0.0,52.0,23.5,2.0,0.0,1.0,0.0,0.0
98.0,471.0,1.0,0.0,0.0,77.0,32.3,2.0,0.0,1.0,0.0,0.0
59.0,133.0,1.0,0.0,0.0,49.0,12.6,2.0,0.0,1.0,0.0,0.0
52.5,349.5,2.0,0.0,0.0,46.5,19.25,2.0,0.0,1.5,46.5,0.0
37.0,179.0,1.0,0.0,0.0,30.0,23.0,2.0,0.0,1.0,0.0,0.0
11.0,109.0,2.0,0.0,0.0,0.0,20.65,3.0,1.0,0.5,0.0,0.0
96.0,196.0,1.0,0.0,0.0,60.0,13.6,2.0,0.0,2.0,0.0,0.0
126.0,512.0,1.0,0.0,0.0,114.0,22.9,2.0,0.0,1.0,0.0,0.0
48.0,65.0,1.0,0.0,0.0,36.0,32.4,2.0,0.0,1.0,0.0,0.0
124.5,363.5,2.0,0.0,0.0,111.0,19.6,2.0,0.0,1.0,11.0,0.0
8.0,317.0,1.0,0.0,0.0,0.0,13.3,2.0,0.0,1.0,0.0,0.0
170.0,371.0,1.0,0.0,0.0,121.0,21.0,2.0,0.0,1.0,0.0,0.0
145.0,391.0,1.0,0.0,0.0,121.0,26.1,2.0,0.0,1.0,0.0,0.0
157.0,417.0,1.0,0.0,0.0,121.0,14.9,2.0,0.0,1.0,0.0,0.0
93.0,89.0,1.0,0.0,0.0,83.0,16.0,2.0,0.0,3.0,0.0,0.0
2.0,136.0,1.0,0.0,0.0,0.0,13.1,2.0,0.0,1.0,0.0,0.0
80.0,324.5,2.0,0.0,0.0,57.5,14.95,2.0,0.0,1.0,57.5,0.0
103.0,382.6666666666667,3.0,0.0,0.0,77.33333333333333,20.0,2.0,0.0,1.0,27.932458220182163,0.0
100.0,181.0,1.0,0.0,0.0,92.0,19.1,2.0,0.0,3.0,0.0,0.0
58.0,87.0,1.0,0.0,0.0,54.0,34.7,2.0,0.0,1.0,0.0,0.0
85.0,232.0,1.0,0.0,0.0,73.0,30.2,2.0,0.0,3.0,0.0,0.0
64.5,223.0,2.0,0.0,1.0,49.5,12.75,2.0,0.0,3.0,49.5,0.0
79.0,140.0,1.0,0.0,0.0,60.0,15.1,2.0,0.0,3.0,0.0,0.0
20.0,271.0,1.0,0.0,0.0,0.0,10.9,2.0,0.0,1.0,0.0,0.0
82.0,397.0,1.0,0.0,0.0,71.0,32.5,2.0,0.0,1.0,0.0,0.0
3.0,157.0,1.0,0.0,1.0,0.0,14.5,2.0,0.0,3.0,0.0,0.0
97.0,195.0,1.0,0.0,0.0,71.0,18.7,2.0,0.0,1.0,0.0,0.0
91.0,301.0,1.0,0.0,0.0,76.0,23.3,2.0,0.0,2.0,0.0,0.0
7.0,155.0,1.0,0.0,0.0,0.0,14.8,2.0,0.0,1.0,0.0,0.0
62.0,221.0,2.0,0.0,1.0,48.5,24.9,2.0,0.0,2.0,48.5,0.0
54.0,336.0,2.0,0.0,0.0,38.0,30.049999999999997,2.0,0.0,1.0,38.0,0.0
71.0,209.0,1.0,0.0,0.0,48.0,18.4,2.0,0.0,1.0,0.0,0.0
102.0,129.0,1.0,0.0,0.0,92.0,26.0,2.0,0.0,3.0,0.0,0.0
71.0,235.5,2.0,0.0,0.0,59.0,26.35,2.0,0.0,1.0,59.0,0.0
113.0,210.0,1.0,0.0,0.0,95.0,18.2,2.0,0.0,3.0,0.0,0.0
68.0,462.0,1.0,0.0,0.0,36.0,29.6,2.0,0.0,1.0,0.0,0.0
72.0,267.0,1.0,0.0,0.0,65.0,27.8,2.0,0.0,1.0,0.0,0.0
108.0,144.0,1.0,0.0,0.0,108.0,17.1,2.0,0.0,1.0,0.0,0.0
73.0,353.5,2.0,0.0,0.0,57.0,28.4,2.0,0.0,1.0,57.0,0.0
76.0,96.0,1.0,0.0,0.0,83.0,14.7,2.0,0.0,1.0,0.0,0.0
11.0,68.0,1.0,0.0,0.0,0.0,20.0,2.0,0.0,1.0,0.0,0.0
89.5,257.5,2.0,0.0,0.0,76.5,27.5,2.0,0.0,1.0,3.5,0.0
56.5,294.5,2.0,0.0,0.0,48.5,14.0,2.0,0.0,0.5,48.5,0.0
90.0,481.0,1.0,0.0,0.0,80.0,18.7,2.0,0.0,3.0,0.0,0.0
97.0,110.0,1.0,0.0,0.0,79.0,27.6,2.0,0.0,1.0,0.0,0.0
118.0,437.0,1.0,0.0,0.0,102.0,26.7,2.0,0.0,1.0,0.0,0.0
19.0,199.0,1.0,0.0,0.0,0.0,23.4,2.0,0.0,1.0,0.0,0.0
41.0,156.0,1.0,0.0,0.0,39.0,32.8,2.0,0.0,1.0,0.0,0.0
89.0,190.0,1.0,0.0,0.0,80.0,25.4,2.0,0.0,1.0,0.0,0.0
54.0,326.0,1.0,0.0,0.0,24.0,23.9,2.0,0.0,3.0,0.0,0.0
134.0,440.0,1.0,0.0,0.0,124.0,14.6,2.0,0.0,1.0,0.0,0.0
7.0,74.0,1.0,0.0,0.0,0.0,12.7,2.0,0.0,1.0,0.0,0.0
18.0,163.0,1.0,0.0,1.0,0.0,15.4,2.0,0.0,3.0,0.0,0.0
122.0,324.0,1.0,0.0,0.0,100.0,16.8,2.0,0.0,1.0,0.0,0.0
133.0,161.0,1.0,0.0,0.0,105.0,26.5,2.0,0.0,1.0,0.0,0.0
85.0,276.0,1.0,0.0,0.0,48.0,21.7,2.0,0.0,1.0,0.0,0.0
52.0,175.0,1.0,0.0,0.0,26.0,28.3,2.0,0.0,1.0,0.0,0.0
38.5,320.5,2.0,0.0,0.0,27.5,20.75,2.0,0.0,1.0,27.5,0.0
9.0,163.0,1.0,0.0,0.0,0.0,24.0,2.0,0.0,1.0,0.0,0.0
34.5,332.0,2.0,0.0,0.0,18.5,24.3,2.0,0.0,1.0,18.5,0.0
11.0,342.0,1.0,0.0,0.0,0.0,31.4,2.0,0.0,0.0,0.0,0.0
42.5,259.0,2.0,0.0,1.0,29.0,34.7,2.0,0.0,2.0,29.0,0.0
110.0,239.5,2.0,0.0,0.0,101.0,20.7,2.0,0.0,1.0,1.0,0.0
11.0,336.0,1.0,0.0,1.0,0.0,30.5,2.0,0.0,3.0,0.0,0.0
52.0,425.0,1.0,0.0,0.0,20.0,28.2,2.0,0.0,3.0,0.0,0.0
80.0,231.0,1.0,0.0,0.0,37.0,24.1,2.0,0.0,1.0,0.0,0.0
105.0,94.0,1.0,0.0,0.0,62.0,27.6,2.0,0.0,1.0,0.0,0.0
151.0,431.0,1.0,0.0,0.0,125.0,26.2,2.0,0.0,3.0,0.0,0.0
68.0,334.5,2.0,0.0,0.0,57.5,21.55,2.0,0.0,1.5,25.5,0.0
117.0,355.3333333333333,3.0,0.0,0.0,90.0,21.53333333333333,2.0,0.0,1.0,13.589211407093005,0.0
42.333333333333336,287.3333333333333,3.0,0.0,0.0,24.666666666666668,27.0,2.0,0.0,1.3333333333333333,21.791945504908202,0.0
109.0,328.5,2.0,0.0,0.0,87.5,14.7,2.0,0.0,1.0,14.5,0.0
81.5,393.5,2.0,0.0,0.0,77.0,25.799999999999997,2.0,0.0,1.5,6.0,0.0
109.0,280.0,1.0,0.0,0.0,91.0,29.6,2.0,0.0,1.0,0.0,0.0
11.0,121.0,1.0,0.0,1.0,0.0,21.5,2.0,0.0,3.0,0.0,0.0
43.5,414.0,2.0,0.0,0.0,30.0,10.05,2.0,0.0,1.0,10.0,0.0
74.0,88.0,1.0,0.0,0.0,57.0,35.1,2.0,0.0,1.0,0.0,0.0
81.5,307.5,4.0,0.0,0.0,52.0,18.825,2.0,0.0,0.75,36.830693721405794,0.0
81.66666666666667,257.0,3.0,0.0,0.0,74.33333333333333,25.26666666666667,2.0,0.0,1.0,32.27313984655902,0.0
106.0,388.0,1.0,0.0,0.0,73.0,19.1,2.0,0.0,2.0,0.0,0.0
55.666666666666664,188.0,3.0,0.0,1.0,44.666666666666664,26.833333333333332,2.0,0.0,1.6666666666666667,43.14574782705192,0.0
59.0,305.0,1.0,0.0,0.0,49.0,30.5,2.0,0.0,1.0,0.0,0.0
15.0,163.0,1.0,0.0,1.0,0.0,31.9,2.0,0.0,3.0,0.0,0.0
106.0,326.0,1.0,0.0,0.0,86.0,12.5,2.0,0.0,1.0,0.0,0.0
20.0,290.0,1.0,0.0,1.0,0.0,26.4,2.0,0.0,3.0,0.0,0.0
10.0,256.0,1.0,0.0,0.0,0.0,10.8,2.0,0.0,1.0,0.0,0.0
76.0,211.0,1.0,0.0,0.0,38.0,29.8,2.0,0.0,3.0,0.0,0.0
98.0,351.0,1.0,0.0,0.0,70.0,29.2,2.0,0.0,1.0,0.0,0.0
85.0,201.0,2.0,0.0,0.0,65.0,27.9,2.0,0.0,1.0,35.0,0.0
71.5,189.0,2.0,1.0,0.0,48.5,18.5,3.0,1.0,2.0,30.5,0.5
97.5,202.5,2.0,0.0,0.0,84.5,15.1,2.0,0.0,2.0,12.5,0.0
47.0,342.75,4.0,0.0,0.0,19.5,18.225,2.0,0.0,1.0,21.558061137310098,0.0
34.0,490.0,1.0,0.0,0.0,29.0,17.0,2.0,0.0,1.0,0.0,0.0
84.0,445.0,1.0,0.0,0.0,79.0,23.1,2.0,0.0,1.0,0.0,0.0
13.0,132.0,1.0,0.0,0.0,0.0,16.3,2.0,0.0,1.0,0.0,0.0
88.0,502.0,1.0,0.0,0.0,88.0,21.4,2.0,0.0,3.0,0.0,0.0
146.0,420.0,1.0,0.0,0.0,118.0,29.5,2.0,0.0,1.0,0.0,0.0
2.0,171.0,1.0,0.0,0.0,0.0,17.9,2.0,0.0,1.0,0.0,0.0
98.0,504.0,1.0,0.0,0.0,70.0,19.5,2.0,0.0,1.0,0.0,0.0
102.0,75.0,1.0,0.0,0.0,107.0,20.8,2.0,0.0,1.0,0.0,0.0
13.0,378.0,1.0,0.0,0.0,0.0,12.4,2.0,0.0,1.0,0.0,0.0
103.0,144.5,2.0,0.0,0.0,70.0,26.799999999999997,2.0,0.0,1.0,11.0,0.0
124.0,335.0,3.0,0.0,0.0,96.33333333333333,20.233333333333334,2.6666666666666665,1.0,1.0,34.682688605252174,0.0
162.0,290.0,1.0,0.0,0.0,99.0,28.7,2.0,0.0,1.0,0.0,0.0
34.0,431.0,1.0,0.0,0.0,19.0,15.9,2.0,0.0,1.0,0.0,0.0
118.0,199.0,1.0,0.0,0.0,127.0,11.9,2.0,0.0,3.0,0.0,0.0
68.0,67.0,1.0,0.0,0.0,63.0,10.2,2.0,0.0,3.0,0.0,0.0
6.0,104.0,1.0,0.0,0.0,0.0,15.1,2.0,0.0,0.0,0.0,0.0
43.0,92.0,1.0,0.0,0.0,36.0,19.5,2.0,0.0,3.0,0.0,0.0
86.0,313.0,2.0,0.0,0.0,59.0,22.5,2.0,0.0,1.0,31.0,0.0
105.0,77.0,1.0,0.0,0.0,81.0,15.2,2.0,0.0,3.0,0.0,0.0
67.0,473.3333333333333,3.0,0.0,0.0,54.333333333333336,15.533333333333333,2.0,0.0,2.0,35.1789078220964,0.0
66.0,138.0,1.0,0.0,0.0,44.0,13.4,2.0,0.0,3.0,0.0,0.0
67.0,409.0,1.0,0.0,0.0,44.0,12.6,2.0,0.0,1.0,0.0,0.0
34.5,268.0,2.0,0.0,0.0,17.0,23.0,2.0,0.0,2.0,17.0,0.0
87.0,227.0,1.0,0.0,0.0,75.0,28.8,2.0,0.0,1.0,0.0,0.0
92.0,469.0,1.0,0.0,0.0,85.0,19.6,2.0,0.0,1.0,0.0,0.0
108.0,288.0,1.0,0.0,0.0,98.0,13.7,2.0,0.0,1.0,0.0,0.0
109.0,89.0,1.0,0.0,0.0,71.0,20.9,2.0,0.0,1.0,0.0,0.0
103.0,246.0,2.0,0.0,0.0,76.0,19.4,2.0,0.0,1.5,3.0,0.0
48.0,276.5,2.0,0.0,0.0,26.5,18.9,2.0,0.0,1.0,4.5,0.0
69.0,65.0,1.0,1.0,0.0,25.0,20.1,4.0,1.0,3.0,0.0,1.0
58.0,419.0,1.0,0.0,0.0,51.0,35.0,2.0,0.0,3.0,0.0,0.0
132.0,229.0,1.0,0.0,0.0,115.0,12.1,2.0,0.0,3.0,0.0,0.0
92.0,412.5,2.0,0.0,0.0,82.5,15.5,2.0,0.0,1.0,4.5,0.0
50.666666666666664,361.6666666666667,3.0,0.0,1.0,31.333333333333332,18.73333333333333,2.0,0.0,2.3333333333333335,25.72072229848057,0.0
17.0,214.0,1.0,0.0,1.0,0.0,22.5,2.0,0.0,3.0,0.0,0.0
96.0,241.0,1.0,1.0,0.0,67.0,28.4,4.0,1.0,3.0,0.0,1.0
74.0,170.33333333333334,3.0,0.0,0.0,60.666666666666664,22.166666666666668,2.0,0.0,1.5,24.608038433722335,0.0
55.333333333333336,269.6666666666667,3.0,0.0,0.0,37.0,29.666666666666668,2.0,0.0,1.3333333333333333,32.44482495971687,0.0
90.0,223.0,1.0,0.0,0.0,65.0,14.4,2.0,0.0,1.0,0.0,0.0
18.0,234.0,1.0,0.0,0.0,0.0,28.9,2.0,0.0,1.0,0.0,0.0
89.0,324.0,1.0,0.0,0.0,62.0,36.9,2.0,0.0,1.0,0.0,0.0
4.0,460.0,1.0,0.0,1.0,0.0,13.7,2.0,0.0,3.0,0.0,0.0
89.66666666666667,264.0,3.0,0.0,0.0,70.0,18.099999999999998,2.0,0.0,1.6666666666666667,24.779023386727733,0.0
89.5,102.0,2.0,0.0,0.0,66.5,22.6,2.0,0.0,1.0,50.5,0.0
41.0,91.0,1.0,0.0,0.0,26.0,15.4,2.0,0.0,1.0,0.0,0.0
140.0,386.0,1.0,0.0,0.0,112.0,28.8,2.0,0.0,3.0,0.0,0.0
112.0,484.0,1.0,0.0,0.0,90.0,26.0,2.0,0.0,1.0,0.0,0.0
138.0,75.0,1.0,0.0,0.0,88.0,28.0,2.0,0.0,1.0,0.0,0.0
83.0,430.0,1.0,0.0,0.0,53.0,18.9,2.0,0.0,3.0,0.0,0.0
135.0,410.0,1.0,0.0,0.0,97.0,21.7,2.0,0.0,1.0,0.0,0.0
38.0,350.0,1.0,0.0,0.0,33.0,30.4,2.0,0.0,2.0,0.0,0.0
65.0,71.0,1.0,0.0,0.0,45.0,28.5,2.0,0.0,1.0,0.0,0.0
115.0,468.0,1.0,0.0,0.0,74.0,18.3,2.0,0.0,1.0,0.0,0.0
2.0,262.0,1.0,0.0,1.0,0.0,13.8,2.0,0.0,3.0,0.0,0.0
10.5,376.0,2.0,0.0,0.0,0.0,25.15,2.0,0.0,1.0,0.0,0.0
32.0,111.0,1.0,0.0,0.0,20.0,32.3,2.0,0.0,1.0,0.0,0.0
39.5,404.0,2.0,0.0,0.0,21.0,23.9,2.0,0.0,2.0,21.0,0.0
61.8,264.4,5.0,0.0,1.0,36.8,18.1,2.0,0.0,1.8,22.49799991110321,0.0
100.0,439.0,1.0,0.0,0.0,68.0,20.9,4.0,1.0,1.0,0.0,0.0
86.0,312.5,2.0,0.0,0.0,67.5,20.25,2.0,0.0,1.0,32.5,0.0
60.0,344.0,2.0,0.0,0.0,43.0,21.1,2.0,0.0,1.5,43.0,0.0
97.0,382.0,2.0,0.0,0.0,88.0,25.65,2.0,0.0,1.0,19.0,0.0
18.0,247.0,1.0,0.0,1.0,0.0,27.7,2.0,0.0,3.0,0.0,0.0
12.0,187.0,1.0,0.0,0.0,0.0,27.3,2.0,0.0,1.0,0.0,0.0
12.0,255.0,1.0,0.0,1.0,0.0,9.5,2.0,0.0,3.0,0.0,0.0
82.0,112.0,1.0,0.0,0.0,53.0,24.4,2.0,0.0,3.0,0.0,0.0
98.0,243.0,2.0,0.0,0.0,74.5,24.7,2.0,0.0,2.0,4.5,0.0
51.0,285.0,1.0,0.0,0.0,47.0,16.1,2.0,0.0,1.0,0.0,0.0
136.0,379.0,1.0,0.0,0.0,113.0,13.6,2.0,0.0,1.0,0.0,0.0
85.5,270.5,4.0,0.0,0.0,61.25,16.275000000000002,2.0,0.0,1.75,27.48977082479954,0.0
59.0,393.0,3.0,0.0,1.0,37.666666666666664,24.53333333333333,2.0,0.0,1.6666666666666667,28.241026106633512,0.0
120.0,199.0,1.0,0.0,0.0,108.0,21.9,2.0,0.0,2.0,0.0,0.0
123.0,250.0,1.0,0.0,0.0,112.0,11.6,2.0,0.0,1.0,0.0,0.0
11.0,459.0,1.0,0.0,0.0,0.0,26.1,2.0,0.0,1.0,0.0,0.0
125.0,122.0,1.0,0.0,0.0,102.0,16.2,2.0,0.0,3.0,0.0,0.0
73.0,383.0,1.0,0.0,0.0,50.0,31.3,2.0,0.0,1.0,0.0,0.0
11.0,273.5,2.0,0.0,0.0,0.0,16.0,2.0,0.0,0.5,0.0,0.0
84.0,504.0,1.0,0.0,0.0,53.0,17.8,2.0,0.0,2.0,0.0,0.0
49.0,274.3333333333333,3.0,0.0,0.0,31.333333333333332,28.03333333333333,2.0,0.0,1.6666666666666667,22.395436042987768,0.0
62.0,238.66666666666666,3.0,0.0,0.0,39.666666666666664,20.1,2.6666666666666665,1.0,0.5,28.288199345702836,0.0
99.0,148.0,1.0,0.0,0.0,59.0,16.7,2.0,0.0,2.0,0.0,0.0
96.33333333333333,355.0,3.0,0.0,0.0,77.33333333333333,21.766666666666666,2.0,0.0,1.0,37.65043898224237,0.0
64.5,134.0,2.0,0.0,0.0,48.0,23.15,3.0,1.0,1.0,16.0,0.0
99.0,160.0,1.0,0.0,0.0,78.0,11.2,2.0,0.0,1.0,0.0,0.0
35.0,288.0,2.0,0.0,1.0,10.5,15.15,2.0,0.0,3.0,10.5,0.0
44.0,69.0,1.0,0.0,0.0,22.0,15.7,2.0,0.0,1.0,0.0,0.0
102.0,503.0,1.0,0.0,0.0,69.0,10.2,2.0,0.0,3.0,0.0,0.0
33.5,221.5,2.0,0.0,0.0,19.0,18.4,2.0,0.0,0.5,19.0,0.0
98.0,463.0,1.0,0.0,0.0,64.0,24.2,2.0,0.0,1.0,0.0,0.0
16.0,445.0,1.0,0.0,0.0,0.0,26.4,2.0,0.0,1.0,0.0,0.0
130.0,65.0,1.0,0.0,0.0,93.0,25.7,2.0,0.0,2.0,0.0,0.0
3.0,184.0,1.0,0.0,0.0,0.0,30.6,2.0,0.0,1.0,0.0,0.0
18.0,441.0,1.0,0.0,0.0,0.0,32.0,2.0,0.0,1.0,0.0,0.0
59.5,373.5,2.0,0.0,0.0,46.5,24.700000000000003,2.0,0.0,1.0,46.5,0.0
71.0,359.0,1.0,1.0,0.0,33.0,17.8,4.0,1.0,3.0,0.0,1.0
118.0,274.0,1.0,0.0,0.0,107.0,34.0,2.0,0.0,1.0,0.0,0.0
9.0,77.0,1.0,0.0,1.0,0.0,31.4,2.0,0.0,3.0,0.0,0.0
22.0,262.0,1.0,0.0,1.0,0.0,15.9,2.0,0.0,3.0,0.0,0.0
115.0,472.0,1.0,0.0,0.0,98.0,25.5,2.0,0.0,1.0,0.0,0.0
122.0,370.0,3.0,0.0,0.0,87.0,23.266666666666666,2.0,0.0,1.6666666666666667,30.40833219146796,0.0
89.0,248.5,2.0,0.0,0.0,63.0,23.700000000000003,2.0,0.0,2.0,20.0,0.0
86.0,337.0,1.0,0.0,0.0,69.0,16.9,2.0,0.0,1.0,0.0,0.0
131.0,108.0,1.0,0.0,0.0,103.0,26.6,2.0,0.0,2.0,0.0,0.0
43.0,294.0,1.0,0.0,0.0,27.0,28.3,2.0,0.0,3.0,0.0,0.0
56.5,198.0,2.0,0.0,1.0,48.0,18.85,2.0,0.0,2.0,48.0,0.0
19.0,116.0,1.0,0.0,0.0,0.0,25.2,2.0,0.0,1.0,0.0,0.0
59.0,402.0,1.0,0.0,0.0,20.0,24.8,2.0,0.0,1.0,0.0,0.0
66.0,407.5,2.0,0.0,0.0,51.5,17.85,2.0,0.0,1.0,30.5,0.0
60.0,335.0,1.0,0.0,0.0,40.0,14.1,2.0,0.0,1.0,0.0,0.0
69.0,216.0,1.0,0.0,0.0,41.0,19.1,2.0,0.0,3.0,0.0,0.0
21.0,68.0,1.0,0.0,0.0,0.0,22.5,2.0,0.0,0.0,0.0,0.0
49.0,200.0,2.0,0.0,0.0,35.5,24.45,2.0,0.0,1.0,35.5,0.0
67.0,462.0,1.0,0.0,0.0,51.0,29.7,2.0,0.0,1.0,0.0,0.0
85.0,329.0,1.0,0.0,0.0,58.0,13.8,2.0,0.0,3.0,0.0,0.0
71.5,318.0,2.0,0.0,0.0,55.5,13.350000000000001,2.0,0.0,1.0,55.5,0.0
90.0,207.5,2.0,0.0,0.0,74.0,25.05,2.0,0.0,1.0,26.0,0.0
102.0,112.0,1.0,0.0,0.0,53.0,34.1,2.0,0.0,1.0,0.0,0.0
71.5,313.0,2.0,0.0,0.0,63.0,20.45,2.0,0.0,1.0,21.0,0.0
11.0,393.0,1.0,0.0,0.0,0.0,29.4,2.0,0.0,0.0,0.0,0.0
2.5,155.5,2.0,0.0,0.0,0.0,34.4,2.0,0.0,0.5,0.0,0.0
123.0,189.0,1.0,0.0,0.0,100.0,19.2,2.0,0.0,3.0,0.0,0.0
75.0,222.0,1.0,0.0,0.0,49.0,17.4,2.0,0.0,1.0,0.0,0.0
3.0,499.0,1.0,0.0,0.0,0.0,22.5,2.0,0.0,1.0,0.0,0.0
59.0,163.0,1.0,0.0,0.0,43.0,29.3,2.0,0.0,1.0,0.0,0.0
63.0,302.3333333333333,3.0,0.0,0.0,31.333333333333332,26.833333333333332,2.6666666666666665,1.0,1.6666666666666667,27.52372713779069,0.0
31.0,426.5,2.0,0.0,0.0,20.5,16.25,2.0,0.0,1.0,20.5,0.0
52.0,400.0,1.0,0.0,0.0,32.0,16.4,2.0,0.0,1.0,0.0,0.0
65.0,267.0,1.0,0.0,0.0,25.0,12.6,2.0,0.0,1.0,0.0,0.0
66.0,131.5,2.0,0.0,0.0,56.5,17.5,2.0,0.0,1.0,35.5,0.0
124.0,203.0,2.0,0.0,0.0,97.5,25.9,2.0,0.0,1.5,19.5,0.0
63.0,131.0,1.0,0.0,0.0,50.0,34.0,2.0,0.0,1.0,0.0,0.0
195.0,322.0,1.0,0.0,0.0,132.0,32.3,2.0,0.0,3.0,0.0,0.0
65.0,507.0,1.0,0.0,0.0,45.0,32.7,2.0,0.0,3.0,0.0,0.0
6.0,475.0,1.0,0.0,1.0,0.0,15.5,2.0,0.0,3.0,0.0,0.0
35.666666666666664,238.0,3.0,0.0,0.0,16.666666666666668,19.266666666666666,2.0,0.0,0.6666666666666666,12.47219128924647,0.0
2.0,480.0,1.0,0.0,0.0,0.0,20.4,2.0,0.0,1.0,0.0,0.0
97.5,240.5,2.0,0.0,0.0,91.0,25.15,2.0,0.0,2.0,16.0,0.0
115.0,263.0,2.0,0.0,0.0,90.0,12.3,2.0,0.0,2.0,10.0,0.0
96.5,326.5,2.0,0.0,0.0,86.0,23.400000000000002,2.0,0.0,1.0,9.0,0.0
51.0,258.0,1.0,0.0,0.0,21.0,31.9,2.0,0.0,1.0,0.0,0.0
56.0,130.0,1.0,0.0,0.0,41.0,18.1,2.0,0.0,3.0,0.0,0.0
62.0,173.0,1.0,0.0,0.0,31.0,30.9,2.0,0.0,1.0,0.0,0.0
16.0,452.0,1.0,0.0,1.0,0.0,22.6,2.0,0.0,3.0,0.0,0.0
69.0,347.0,1.0,0.0,0.0,49.0,26.6,2.0,0.0,1.0,0.0,0.0
140.0,188.0,1.0,0.0,0.0,100.0,20.9,2.0,0.0,1.0,0.0,0.0
57.333333333333336,182.66666666666666,3.0,0.0,0.0,36.666666666666664,17.7,2.0,0.0,1.0,27.18251071716682,0.0
85.0,212.0,1.0,0.0,0.0,45.0,17.3,2.0,0.0,1.0,0.0,0.0
103.33333333333333,280.3333333333333,3.0,0.0,0.0,74.66666666666667,25.3,2.6666666666666665,1.0,1.0,21.23414441151065,0.0
68.0,409.3333333333333,3.0,0.0,0.0,59.0,20.966666666666665,2.6666666666666665,1.0,1.0,20.83266665599966,0.0
54.0,505.0,1.0,0.0,0.0,30.0,16.8,2.0,0.0,1.0,0.0,0.0
4.0,167.0,1.0,0.0,0.0,0.0,9.6,2.0,0.0,0.0,0.0,0.0
121.0,383.0,1.0,0.0,0.0,88.0,15.8,2.0,0.0,1.0,0.0,0.0
63.5,341.0,2.0,0.0,0.0,37.5,25.05,3.0,1.0,1.0,17.5,0.0
117.0,447.0,1.0,0.0,0.0,95.0,32.2,2.0,0.0,1.0,0.0,0.0
64.0,445.0,1.0,0.0,0.0,51.0,12.1,2.0,0.0,1.0,0.0,0.0
66.0,351.0,1.0,0.0,0.0,57.0,25.9,2.0,0.0,1.0,0.0,0.0
125.5,243.5,2.0,0.0,0.0,93.0,19.4,2.0,0.0,1.0,17.0,0.0
77.5,266.75,4.0,0.0,0.0,57.5,24.349999999999998,2.0,0.0,1.6666666666666667,15.074813431681335,0.0
13.0,327.0,1.0,0.0,1.0,0.0,26.5,2.0,0.0,3.0,0.0,0.0
52.0,142.0,1.0,0.0,0.0,42.0,29.2,2.0,0.0,1.0,0.0,0.0
97.0,477.0,1.0,0.0,0.0,77.0,10.7,2.0,0.0,3.0,0.0,0.0
92.0,505.0,1.0,0.0,0.0,46.0,23.9,2.0,0.0,1.0,0.0,0.0
107.0,72.0,1.0,0.0,0.0,94.0,28.9,2.0,0.0,1.0,0.0,0.0
81.0,478.0,1.0,0.0,0.0,63.0,26.6,2.0,0.0,3.0,0.0,0.0
85.0,71.5,2.0,0.0,0.0,70.0,13.0,2.0,0.0,1.0,31.0,0.0
96.0,508.0,1.0,0.0,0.0,93.0,18.3,2.0,0.0,1.0,0.0,0.0
53.0,376.0,1.0,0.0,0.0,25.0,9.4,2.0,0.0,3.0,0.0,0.0
71.0,299.0,1.0,0.0,0.0,54.0,17.2,2.0,0.0,1.0,0.0,0.0
13.0,493.0,1.0,0.0,1.0,0.0,25.0,2.0,0.0,3.0,0.0,0.0
118.0,248.0,2.0,0.0,0.0,94.5,20.4,3.0,1.0,1.0,11.5,0.0
115.0,498.0,1.0,0.0,0.0,90.0,20.2,2.0,0.0,1.0,0.0,0.0
11.0,303.0,1.0,0.0,0.0,0.0,33.4,2.0,0.0,1.0,0.0,0.0
25.0,366.6666666666667,3.0,0.0,2.0,14.0,20.933333333333334,2.0,0.0,3.0,19.79898987322333,0.0
123.0,411.0,1.0,0.0,0.0,92.0,32.6,2.0,0.0,1.0,0.0,0.0
126.0,308.5,2.0,0.0,0.0,103.0,23.05,2.0,0.0,1.0,9.0,0.0
17.0,504.0,1.0,0.0,0.0,0.0,11.3,2.0,0.0,1.0,0.0,0.0
57.5,414.0,2.0,0.0,0.0,28.0,23.299999999999997,2.0,0.0,1.0,1.0,0.0
117.0,396.0,1.0,0.0,0.0,82.0,30.0,4.0,1.0,1.0,0.0,0.0
3.0,87.0,1.0,0.0,0.0,0.0,22.3,2.0,0.0,0.0,0.0,0.0
94.0,328.0,1.0,0.0,0.0,62.0,11.4,2.0,0.0,1.0,0.0,0.0
6.0,90.0,1.0,0.0,0.0,0.0,36.5,2.0,0.0,1.0,0.0,0.0
133.0,483.0,1.0,0.0,0.0,124.0,22.9,2.0,0.0,1.0,0.0,0.0
171.0,475.0,1.0,0.0,0.0,120.0,19.8,2.0,0.0,1.0,0.0,0.0
87.0,435.0,1.0,0.0,0.0,74.0,21.5,2.0,0.0,1.0,0.0,0.0
101.0,245.0,1.0,0.0,0.0,83.0,28.4,2.0,0.0,1.0,0.0,0.0
125.0,350.0,1.0,0.0,0.0,113.0,22.2,2.0,0.0,1.0,0.0,0.0
55.0,217.0,1.0,0.0,0.0,35.0,22.0,2.0,0.0,1.0,0.0,0.0
15.5,349.5,2.0,0.0,1.0,0.0,14.45,2.0,0.0,2.0,0.0,0.0
117.0,276.0,2.0,0.0,0.0,108.0,23.35,2.0,0.0,1.0,22.0,0.0
11.0,271.0,1.0,0.0,0.0,0.0,15.6,2.0,0.0,1.0,0.0,0.0
15.0,123.0,1.0,0.0,0.0,0.0,21.3,2.0,0.0,0.0,0.0,0.0
94.0,135.0,1.0,0.0,0.0,64.0,15.0,2.0,0.0,1.0,0.0,0.0
79.33333333333333,215.66666666666666,3.0,0.0,0.0,56.0,18.900000000000002,2.0,0.0,1.0,33.67491648096547,0.0
73.66666666666667,256.3333333333333,3.0,0.0,1.0,53.0,24.133333333333336,2.0,0.0,1.6666666666666667,56.32642955723953,0.0
73.66666666666667,273.0,3.0,0.0,0.0,54.0,20.1,2.0,0.0,2.0,22.642143596988927,0.0
14.0,391.0,1.0,0.0,0.0,0.0,31.1,2.0,0.0,0.0,0.0,0.0
42.0,239.0,1.0,0.0,0.0,26.0,28.8,2.0,0.0,3.0,0.0,0.0
94.0,140.0,1.0,0.0,0.0,62.0,26.1,2.0,0.0,1.0,0.0,0.0
56.0,321.0,1.0,0.0,0.0,24.0,33.5,2.0,0.0,3.0,0.0,0.0
95.0,285.0,1.0,0.0,0.0,82.0,13.2,2.0,0.0,1.0,0.0,0.0
93.0,387.0,1.0,0.0,0.0,70.0,14.8,2.0,0.0,1.0,0.0,0.0
82.0,281.0,1.0,0.0,0.0,47.0,13.2,2.0,0.0,1.0,0.0,0.0
55.333333333333336,312.6666666666667,3.0,0.0,0.0,35.0,25.433333333333334,2.0,0.0,1.6666666666666667,28.994252303976847,0.0
76.5,290.75,4.0,0.0,0.0,58.25,26.424999999999997,2.0,0.0,1.75,36.70405290972647,0.0
67.0,212.0,2.0,0.0,0.0,47.5,14.55,2.0,0.0,1.0,25.5,0.0
36.5,214.0,2.0,0.0,1.0,16.0,23.799999999999997,2.0,0.0,2.0,16.0,0.0
145.0,235.0,1.0,0.0,0.0,111.0,20.2,2.0,0.0,1.0,0.0,0.0
107.0,339.5,2.0,0.0,0.0,80.0,24.45,2.0,0.0,2.0,35.0,0.0
7.0,446.0,1.0,0.0,0.0,0.0,31.6,2.0,0.0,1.0,0.0,0.0
16.0,190.0,1.0,0.0,1.0,0.0,17.7,2.0,0.0,3.0,0.0,0.0
102.5,262.5,2.0,0.0,0.0,76.5,23.95,2.0,0.0,1.0,28.5,0.0
10.75,286.0,4.0,0.0,2.0,0.0,17.025000000000002,2.5,1.0,1.6666666666666667,0.0,0.0
75.5,122.5,2.0,0.0,0.0,57.0,25.8,2.0,0.0,3.0,14.0,0.0
46.666666666666664,291.6666666666667,3.0,0.0,0.0,32.0,18.8,2.0,0.0,1.0,45.254833995939045,0.0
14.0,500.0,1.0,0.0,0.0,0.0,39.1,2.0,0.0,0.0,0.0,0.0
201.0,496.0,1.0,0.0,0.0,132.0,17.0,2.0,0.0,1.0,0.0,0.0
21.0,212.0,1.0,0.0,0.0,0.0,25.6,2.0,0.0,0.0,0.0,0.0
17.0,498.0,1.0,0.0,0.0,0.0,31.5,2.0,0.0,0.0,0.0,0.0
4.0,451.0,1.0,0.0,0.0,0.0,14.3,2.0,0.0,1.0,0.0,0.0
122.0,330.0,1.0,0.0,0.0,98.0,20.2,2.0,0.0,1.0,0.0,0.0
120.0,293.0,1.0,0.0,0.0,92.0,20.8,2.0,0.0,1.0,0.0,0.0
47.0,403.0,1.0,0.0,0.0,25.0,26.2,2.0,0.0,1.0,0.0,0.0
37.0,462.0,1.0,0.0,0.0,34.0,37.4,2.0,0.0,1.0,0.0,0.0
121.66666666666667,248.33333333333334,3.0,0.0,0.0,90.0,29.2,2.0,0.0,1.0,30.342489460600735,0.0
75.0,156.0,1.0,0.0,0.0,40.0,27.1,2.0,0.0,1.0,0.0,0.0
31.0,80.0,1.0,0.0,0.0,21.0,16.5,2.0,0.0,2.0,0.0,0.0
111.0,314.0,1.0,0.0,0.0,75.0,17.2,2.0,0.0,3.0,0.0,0.0
122.5,483.5,2.0,0.0,0.0,106.5,16.8,2.0,0.0,1.0,20.5,0.0
96.0,473.0,1.0,0.0,0.0,77.0,10.2,2.0,0.0,1.0,0.0,0.0
115.0,318.0,1.0,0.0,0.0,109.0,38.4,2.0,0.0,1.0,0.0,0.0
8.0,421.0,1.0,0.0,1.0,0.0,23.1,2.0,0.0,3.0,0.0,0.0
75.0,247.0,1.0,0.0,0.0,35.0,10.0,2.0,0.0,1.0,0.0,0.0
4.0,254.0,1.0,0.0,1.0,0.0,16.9,2.0,0.0,3.0,0.0,0.0
17.0,135.0,1.0,0.0,0.0,0.0,14.2,2.0,0.0,0.0,0.0,0.0
120.0,294.0,2.0,0.0,0.0,103.0,18.8,3.0,1.0,1.0,6.0,0.0
58.0,371.0,1.0,0.0,0.0,31.0,18.1,2.0,0.0,3.0,0.0,0.0
51.0,206.0,1.0,0.0,0.0,47.0,38.4,2.0,0.0,2.0,0.0,0.0
89.5,262.25,4.0,0.0,0.0,50.75,25.499999999999996,2.0,0.0,1.6666666666666667,30.825111516424396,0.0
59.666666666666664,313.3333333333333,3.0,0.0,0.0,47.333333333333336,25.933333333333337,2.6666666666666665,1.0,2.0,37.985377303495206,0.0
75.0,67.0,1.0,0.0,0.0,44.0,23.1,2.0,0.0,2.0,0.0,0.0
9.5,209.5,2.0,0.0,1.0,0.0,20.8,2.0,0.0,2.0,0.0,0.0
90.33333333333333,252.0,3.0,0.0,0.0,69.0,23.96666666666667,2.0,0.0,1.3333333333333333,21.64871050817269,0.0
82.0,256.0,1.0,0.0,0.0,65.0,21.3,2.0,0.0,1.0,0.0,0.0
50.0,276.0,1.0,0.0,0.0,42.0,17.4,2.0,0.0,1.0,0.0,0.0
56.666666666666664,462.0,3.0,0.0,0.0,34.666666666666664,23.133333333333336,2.0,0.0,1.0,35.235714205271265,0.0
96.33333333333333,335.3333333333333,3.0,0.0,0.0,80.0,18.900000000000002,2.0,0.0,1.0,28.61235164516658,0.0
81.0,274.0,1.0,0.0,0.0,53.0,24.0,2.0,0.0,1.0,0.0,0.0
64.0,205.0,3.0,0.0,0.0,58.666666666666664,23.633333333333336,2.0,0.0,1.0,41.994708661396324,0.0
92.0,162.0,1.0,0.0,0.0,93.0,12.1,2.0,0.0,3.0,0.0,0.0
87.0,70.0,1.0,0.0,0.0,70.0,13.1,2.0,0.0,3.0,0.0,0.0
16.0,77.0,1.0,0.0,0.0,0.0,24.4,2.0,0.0,1.0,0.0,0.0
107.0,280.0,1.0,0.0,0.0,81.0,30.5,2.0,0.0,1.0,0.0,0.0
11.0,421.0,1.0,0.0,0.0,0.0,27.0,2.0,0.0,1.0,0.0,0.0
100.0,486.0,1.0,0.0,0.0,95.0,11.2,2.0,0.0,1.0,0.0,0.0
75.0,318.5,2.0,0.0,1.0,51.0,14.95,2.0,0.0,3.0,51.0,0.0
78.0,324.0,1.0,0.0,0.0,52.0,15.7,2.0,0.0,3.0,0.0,0.0
106.5,171.0,2.0,0.0,0.0,99.0,23.9,2.0,0.0,2.0,5.0,0.0
9.0,494.0,1.0,0.0,0.0,0.0,13.3,2.0,0.0,0.0,0.0,0.0
100.0,311.0,1.0,0.0,0.0,98.0,20.3,2.0,0.0,1.0,0.0,0.0
102.5,303.0,2.0,0.0,0.0,62.0,24.65,2.0,0.0,2.0,2.0,0.0
91.0,255.0,1.0,0.0,0.0,39.0,23.0,2.0,0.0,1.0,0.0,0.0
124.0,190.0,1.0,0.0,0.0,91.0,17.9,2.0,0.0,1.0,0.0,0.0
8.0,168.0,1.0,0.0,0.0,0.0,23.7,2.0,0.0,1.0,0.0,0.0
147.0,479.0,1.0,0.0,0.0,136.0,12.9,2.0,0.0,1.0,0.0,0.0
18.0,482.0,1.0,0.0,1.0,0.0,32.3,2.0,0.0,3.0,0.0,0.0
93.0,304.0,1.0,0.0,0.0,73.0,33.1,2.0,0.0,1.0,0.0,0.0
52.0,314.0,1.0,0.0,0.0,44.0,26.1,2.0,0.0,1.0,0.0,0.0
15.0,462.0,1.0,0.0,1.0,0.0,14.2,2.0,0.0,3.0,0.0,0.0
42.5,277.0,2.0,0.0,0.0,35.0,12.15,2.0,0.0,1.0,8.0,0.0
98.0,308.0,1.0,0.0,0.0,97.0,17.6,2.0,0.0,1.0,0.0,0.0
90.33333333333333,146.0,3.0,0.0,0.0,78.66666666666667,20.333333333333332,2.0,0.0,1.5,57.53453069437711,0.0
114.0,370.0,1.0,0.0,0.0,82.0,17.6,2.0,0.0,1.0,0.0,0.0
21.0,209.0,1.0,0.0,0.0,0.0,32.9,2.0,0.0,1.0,0.0,0.0
59.0,411.0,1.0,0.0,0.0,51.0,12.2,2.0,0.0,1.0,0.0,0.0
95.0,222.0,1.0,0.0,0.0,77.0,28.7,2.0,0.0,1.0,0.0,0.0
73.0,207.0,1.0,0.0,0.0,44.0,19.3,2.0,0.0,3.0,0.0,0.0
97.33333333333333,225.0,3.0,0.0,0.0,77.33333333333333,27.166666666666668,2.0,0.0,3.0,12.814921857827391,0.0
8.0,188.0,1.0,0.0,0.0,0.0,33.8,2.0,0.0,0.0,0.0,0.0
121.0,242.0,1.0,0.0,0.0,99.0,36.9,2.0,0.0,1.0,0.0,0.0
107.5,173.5,2.0,0.0,0.0,92.5,17.75,2.0,0.0,1.0,7.5,0.0
110.33333333333333,287.6666666666667,3.0,0.0,0.0,68.66666666666667,16.2,2.0,0.0,1.3333333333333333,27.353650985238193,0.0
130.5,410.0,2.0,0.0,0.0,93.5,26.3,2.0,0.0,1.5,19.5,0.0
104.0,372.0,1.0,0.0,0.0,93.0,30.9,2.0,0.0,1.0,0.0,0.0
95.5,413.0,2.0,0.0,0.0,64.5,29.1,2.0,0.0,1.0,3.5,0.0
96.0,366.0,1.0,0.0,0.0,68.0,21.8,2.0,0.0,1.0,0.0,0.0
123.33333333333333,367.6666666666667,3.0,0.0,0.0,108.33333333333333,24.7,2.0,0.0,1.6666666666666667,26.246692913372705,0.0
104.0,96.0,1.0,0.0,0.0,101.0,17.5,2.0,0.0,2.0,0.0,0.0
59.0,499.0,1.0,0.0,0.0,45.0,24.0,2.0,0.0,1.0,0.0,0.0
80.0,479.0,1.0,0.0,0.0,51.0,28.3,2.0,0.0,1.0,0.0,0.0
58.0,329.0,1.0,0.0,0.0,50.0,32.9,2.0,0.0,1.0,0.0,0.0
26.0,315.6666666666667,3.0,0.0,0.0,11.666666666666666,20.733333333333334,2.6666666666666665,1.0,1.0,16.49915822768611,0.0
74.33333333333333,230.66666666666666,3.0,0.0,1.0,63.666666666666664,24.233333333333334,2.0,0.0,2.0,51.84806864505391,0.0
138.0,202.0,1.0,0.0,0.0,101.0,24.6,2.0,0.0,1.0,0.0,0.0
77.0,350.0,1.0,0.0,0.0,77.0,12.2,2.0,0.0,1.0,0.0,0.0
6.0,171.0,1.0,0.0,0.0,0.0,24.8,2.0,0.0,1.0,0.0,0.0
155.0,347.0,1.0,0.0,0.0,126.0,17.6,2.0,0.0,1.0,0.0,0.0
50.0,342.0,1.0,0.0,0.0,33.0,22.3,2.0,0.0,1.0,0.0,0.0
128.5,422.5,2.0,0.0,0.0,109.5,14.05,2.0,0.0,2.0,6.5,0.0
33.0,264.0,1.0,0.0,0.0,39.0,22.9,4.0,1.0,1.0,0.0,0.0
81.0,101.0,1.0,0.0,0.0,79.0,18.1,2.0,0.0,1.0,0.0,0.0
70.0,289.0,1.0,0.0,0.0,54.0,32.5,2.0,0.0,1.0,0.0,0.0
11.0,321.0,1.0,0.0,0.0,0.0,13.6,2.0,0.0,1.0,0.0,0.0
58.5,263.0,2.0,0.0,0.0,36.0,23.75,2.0,0.0,1.0,3.0,0.0
58.5,360.5,2.0,0.0,0.0,48.5,20.55,3.0,1.0,2.0,25.5,0.0
103.0,267.0,1.0,0.0,0.0,80.0,15.9,2.0,0.0,1.0,0.0,0.0
41.0,313.0,1.0,0.0,0.0,21.0,34.2,2.0,0.0,1.0,0.0,0.0
82.5,257.0,2.0,0.0,1.0,57.5,21.2,2.0,0.0,2.0,57.5,0.0
23.5,250.0,2.0,0.0,0.0,9.0,20.05,2.0,0.0,1.0,9.0,0.0
94.0,207.0,1.0,0.0,0.0,69.0,17.0,2.0,0.0,2.0,0.0,0.0
59.0,243.0,2.0,0.0,0.0,43.5,29.5,2.0,0.0,1.0,18.5,0.0
122.0,300.5,2.0,0.0,0.0,103.0,32.3,2.0,0.0,2.0,21.0,0.0
113.0,395.0,1.0,0.0,0.0,94.0,11.7,2.0,0.0,1.0,0.0,0.0
130.0,136.0,1.0,0.0,0.0,121.0,27.4,2.0,0.0,1.0,0.0,0.0
99.0,461.0,1.0,0.0,0.0,76.0,16.5,2.0,0.0,1.0,0.0,0.0
160.0,148.0,1.0,0.0,0.0,126.0,19.2,2.0,0.0,2.0,0.0,0.0
42.666666666666664,373.6666666666667,3.0,0.0,0.0,32.0,23.866666666666664,2.6666666666666665,1.0,1.0,22.642143596988927,0.0
14.0,121.0,1.0,0.0,1.0,0.0,31.6,2.0,0.0,3.0,0.0,0.0
109.5,244.5,2.0,0.0,0.0,100.0,15.5,2.0,0.0,2.0,18.0,0.0
67.0,205.5,2.0,0.0,0.0,57.5,24.950000000000003,2.0,0.0,2.0,57.5,0.0
81.0,324.5,2.0,0.0,0.0,62.0,18.65,2.0,0.0,1.0,29.0,0.0
55.5,285.5,2.0,0.0,0.0,38.0,16.3,2.0,0.0,1.0,38.0,0.0
104.0,347.0,1.0,0.0,0.0,91.0,20.5,2.0,0.0,1.0,0.0,0.0
76.0,166.0,1.0,0.0,0.0,33.0,34.9,2.0,0.0,1.0,0.0,0.0
59.666666666666664,251.0,3.0,0.0,0.0,36.333333333333336,22.066666666666666,2.0,0.0,1.0,31.116269413639905,0.0
150.0,434.0,1.0,0.0,0.0,126.0,12.1,2.0,0.0,1.0,0.0,0.0
106.0,330.0,1.0,0.0,0.0,103.0,26.0,2.0,0.0,3.0,0.0,0.0
49.0,437.0,1.0,0.0,0.0,28.0,11.8,2.0,0.0,1.0,0.0,0.0
71.33333333333333,195.0,3.0,0.0,0.0,50.333333333333336,26.333333333333332,2.0,0.0,1.6666666666666667,9.672412085697939,0.0
73.5,178.0,2.0,0.0,0.0,57.0,23.4,2.0,0.0,1.0,57.0,0.0
41.0,479.0,1.0,0.0,0.0,24.0,21.9,2.0,0.0,1.0,0.0,0.0
16.5,351.5,2.0,0.0,0.0,0.0,15.6,2.0,0.0,0.5,0.0,0.0
41.5,323.0,2.0,0.0,1.0,33.5,27.3,2.0,0.0,2.0,33.5,0.0
100.0,217.0,1.0,0.0,0.0,73.0,30.4,2.0,0.0,2.0,0.0,0.0
122.5,150.5,2.0,0.0,0.0,99.0,21.7,2.0,0.0,2.0,4.0,0.0
90.0,202.0,1.0,0.0,0.0,80.0,24.0,2.0,0.0,3.0,0.0,0.0
7.0,239.0,1.0,0.0,1.0,0.0,25.8,4.0,1.0,3.0,0.0,0.0
12.5,290.0,2.0,0.0,2.0,0.0,23.5,2.0,0.0,3.0,0.0,0.0
79.0,172.0,1.0,0.0,0.0,57.0,21.2,2.0,0.0,3.0,0.0,0.0
113.0,298.0,1.0,0.0,0.0,110.0,26.1,2.0,0.0,1.0,0.0,0.0
129.0,472.0,1.0,0.0,0.0,90.0,18.1,2.0,0.0,1.0,0.0,0.0
130.0,133.0,1.0,0.0,0.0,124.0,33.0,2.0,0.0,1.0,0.0,0.0
83.0,474.0,1.0,0.0,0.0,82.0,18.5,2.0,0.0,1.0,0.0,0.0
44.666666666666664,358.0,3.0,0.0,1.0,22.666666666666668,23.8,2.0,0.0,1.6666666666666667,32.05550741379015,0.0
45.0,305.5,4.0,0.0,0.0,28.0,25.825,2.0,0.0,1.0,28.5657137141714,0.0
124.0,172.0,1.0,0.0,0.0,104.0,32.2,2.0,0.0,2.0,0.0,0.0
151.0,289.0,1.0,0.0,0.0,116.0,27.5,2.0,0.0,3.0,0.0,0.0
47.5,261.5,2.0,0.0,0.0,22.5,19.8,3.0,1.0,1.0,22.5,0.0
16.0,134.0,1.0,0.0,1.0,0.0,28.8,2.0,0.0,3.0,0.0,0.0
102.0,450.0,1.0,0.0,0.0,76.0,24.8,2.0,0.0,1.0,0.0,0.0
164.0,246.0,1.0,0.0,0.0,125.0,29.5,2.0,0.0,1.0,0.0,0.0
56.0,490.0,1.0,0.0,0.0,50.0,12.0,2.0,0.0,1.0,0.0,0.0
151.5,245.5,2.0,0.0,0.0,117.5,32.25,2.0,0.0,1.0,16.5,0.0
93.0,122.66666666666667,3.0,0.0,0.0,70.66666666666667,26.900000000000002,2.0,0.0,1.3333333333333333,14.383632673594278,0.0
12.0,210.0,1.0,0.0,0.0,0.0,27.7,2.0,0.0,1.0,0.0,0.0
110.0,98.0,1.0,0.0,0.0,55.0,19.4,2.0,0.0,2.0,0.0,0.0
121.0,193.0,1.0,0.0,0.0,77.0,15.6,2.0,0.0,1.0,0.0,0.0
9.0,208.0,1.0,0.0,1.0,0.0,24.7,2.0,0.0,3.0,0.0,0.0
72.0,309.0,1.0,0.0,0.0,64.0,34.1,2.0,0.0,1.0,0.0,0.0
107.66666666666667,281.6666666666667,3.0,0.0,0.0,84.66666666666667,24.599999999999998,2.0,0.0,1.3333333333333333,13.299958228840003,0.0
110.5,312.5,2.0,0.0,0.0,89.0,25.799999999999997,2.0,0.0,1.5,15.0,0.0
10.0,164.0,1.0,0.0,1.0,0.0,13.4,2.0,0.0,3.0,0.0,0.0
62.0,215.0,1.0,0.0,0.0,35.0,11.9,2.0,0.0,3.0,0.0,0.0
94.0,75.0,1.0,0.0,0.0,64.0,17.8,2.0,0.0,2.0,0.0,0.0
138.0,192.0,2.0,0.0,0.0,102.0,17.6,2.0,0.0,2.0,7.0,0.0
126.0,491.0,1.0,0.0,0.0,100.0,10.9,2.0,0.0,1.0,0.0,0.0
94.5,138.5,2.0,0.0,0.0,79.0,19.5,2.0,0.0,1.5,26.0,0.0
118.0,394.0,1.0,0.0,0.0,95.0,20.2,2.0,0.0,1.0,0.0,0.0
62.0,109.0,1.0,0.0,0.0,57.0,29.0,2.0,0.0,1.0,0.0,0.0
56.0,296.0,2.0,0.0,0.0,39.5,17.6,2.0,0.0,0.5,39.5,0.0
3.0,418.0,1.0,0.0,1.0,0.0,24.3,2.0,0.0,3.0,0.0,0.0
60.0,168.0,1.0,0.0,0.0,25.0,24.2,2.0,0.0,1.0,0.0,0.0
89.0,436.0,1.0,0.0,0.0,64.0,13.4,2.0,0.0,3.0,0.0,0.0
128.0,114.0,1.0,0.0,0.0,91.0,10.6,2.0,0.0,1.0,0.0,0.0
109.0,173.0,1.0,0.0,0.0,76.0,28.8,4.0,1.0,1.0,0.0,0.0
10.0,221.0,1.0,0.0,0.0,0.0,36.6,2.0,0.0,1.0,0.0,0.0
108.0,365.0,1.0,0.0,0.0,73.0,15.6,2.0,0.0,1.0,0.0,0.0
95.0,391.0,1.0,0.0,0.0,72.0,17.9,2.0,0.0,1.0,0.0,0.0
62.0,261.0,2.0,0.0,0.0,53.5,22.35,2.0,0.0,1.0,53.5,0.0
52.5,238.5,2.0,0.0,1.0,41.5,25.15,2.0,0.0,2.0,41.5,0.0
147.0,493.0,1.0,0.0,0.0,115.0,17.6,2.0,0.0,1.0,0.0,0.0
63.0,223.0,1.0,0.0,0.0,31.0,25.5,2.0,0.0,1.0,0.0,0.0
54.0,95.0,1.0,0.0,0.0,36.0,13.9,2.0,0.0,1.0,0.0,0.0
43.0,353.0,2.0,0.0,0.0,27.0,23.95,2.0,0.0,0.5,27.0,0.0
87.33333333333333,428.6666666666667,3.0,0.0,0.0,53.0,21.066666666666666,2.0,0.0,1.6666666666666667,15.297058540778355,0.0
44.5,220.0,2.0,0.0,0.0,22.5,26.65,2.0,0.0,1.0,22.5,0.0
62.0,317.0,1.0,0.0,0.0,39.0,19.1,2.0,0.0,1.0,0.0,0.0
54.0,504.0,1.0,0.0,0.0,23.0,31.5,2.0,0.0,1.0,0.0,0.0
164.0,374.0,1.0,0.0,0.0,109.0,20.4,2.0,0.0,1.0,0.0,0.0
93.0,203.0,1.0,0.0,0.0,70.0,32.1,2.0,0.0,1.0,0.0,0.0
109.0,457.0,1.0,0.0,0.0,101.0,20.3,2.0,0.0,1.0,0.0,0.0
40.0,302.0,1.0,0.0,0.0,30.0,13.7,2.0,0.0,1.0,0.0,0.0
22.0,228.33333333333334,3.0,0.0,1.0,8.666666666666666,18.566666666666666,2.0,0.0,1.6666666666666667,12.256517540566826,0.0
61.0,157.0,2.0,0.0,0.0,26.5,28.55,2.0,0.0,0.5,26.5,0.0
77.0,291.5,2.0,0.0,0.0,55.5,19.45,2.0,0.0,1.0,3.5,0.0
53.5,254.0,2.0,0.0,0.0,40.0,12.75,2.0,0.0,1.0,40.0,0.0
108.0,434.5,2.0,0.0,0.0,80.0,33.4,2.0,0.0,1.0,56.0,0.0
134.0,269.0,1.0,0.0,0.0,112.0,23.8,2.0,0.0,1.0,0.0,0.0
99.5,268.5,2.0,0.0,0.0,72.0,21.5,2.0,0.0,1.0,39.0,0.0
14.0,408.0,1.0,0.0,0.0,0.0,27.1,2.0,0.0,1.0,0.0,0.0
136.0,185.0,1.0,0.0,0.0,115.0,29.1,2.0,0.0,3.0,0.0,0.0
58.0,422.0,1.0,0.0,0.0,38.0,17.3,2.0,0.0,1.0,0.0,0.0
56.0,294.0,1.0,0.0,0.0,49.0,18.0,2.0,0.0,3.0,0.0,0.0
123.0,298.5,2.0,0.0,0.0,90.5,21.450000000000003,2.0,0.0,1.0,15.5,0.0
96.0,197.0,1.0,0.0,0.0,81.0,19.3,2.0,0.0,3.0,0.0,0.0
101.33333333333333,268.3333333333333,3.0,0.0,0.0,67.0,26.76666666666667,2.6666666666666665,1.0,2.0,22.22611077089287,0.0
74.0,342.0,1.0,0.0,0.0,47.0,25.9,2.0,0.0,1.0,0.0,0.0
91.0,192.5,2.0,0.0,0.0,57.0,25.8,2.0,0.0,2.0,10.0,0.0
68.0,86.0,1.0,0.0,0.0,46.0,33.1,2.0,0.0,1.0,0.0,0.0
44.0,269.0,1.0,0.0,0.0,22.0,27.4,2.0,0.0,1.0,0.0,0.0
30.5,153.5,2.0,0.0,0.0,27.0,22.2,3.0,1.0,0.5,27.0,0.0
113.0,390.0,1.0,0.0,0.0,84.0,19.7,2.0,0.0,3.0,0.0,0.0
10.0,66.0,1.0,0.0,0.0,0.0,33.3,2.0,0.0,1.0,0.0,0.0
19.0,252.0,1.0,0.0,0.0,0.0,12.5,2.0,0.0,0.0,0.0,0.0
83.0,239.0,2.0,0.0,1.0,49.5,22.799999999999997,2.0,0.0,2.0,49.5,0.0
124.0,433.0,2.0,0.0,0.0,92.5,25.2,2.0,0.0,3.0,19.5,0.0
127.0,199.0,1.0,0.0,0.0,95.0,32.2,2.0,0.0,1.0,0.0,0.0
11.5,418.5,2.0,0.0,1.0,0.0,24.35,3.0,1.0,2.0,0.0,0.0
140.0,368.0,1.0,0.0,0.0,124.0,24.9,2.0,0.0,1.0,0.0,0.0
87.0,264.0,1.0,0.0,0.0,58.0,26.8,2.0,0.0,1.0,0.0,0.0
98.0,262.0,1.0,0.0,0.0,93.0,18.9,2.0,0.0,1.0,0.0,0.0
8.0,247.5,2.0,0.0,0.0,0.0,24.5,2.0,0.0,0.5,0.0,0.0
29.0,362.5,2.0,0.0,0.0,23.0,25.299999999999997,2.0,0.0,1.0,23.0,0.0
56.0,211.0,1.0,0.0,0.0,46.0,32.4,2.0,0.0,1.0,0.0,0.0
85.5,137.5,2.0,0.0,0.0,79.0,23.799999999999997,2.0,0.0,2.0,44.0,0.0
46.0,155.0,3.0,0.0,0.0,34.0,18.366666666666667,2.0,0.0,2.0,25.96150997149434,0.0
130.0,367.0,1.0,0.0,0.0,123.0,27.2,2.0,0.0,1.0,0.0,0.0
77.0,192.0,1.0,0.0,0.0,40.0,13.9,2.0,0.0,1.0,0.0,0.0
84.0,112.5,2.0,0.0,0.0,56.5,24.9,2.0,0.0,1.0,2.5,0.0
116.0,98.0,1.0,0.0,0.0,69.0,10.9,2.0,0.0,1.0,0.0,0.0
91.0,227.0,1.0,0.0,0.0,85.0,14.2,2.0,0.0,1.0,0.0,0.0
73.0,285.5,2.0,0.0,1.0,43.0,27.2,2.0,0.0,2.0,43.0,0.0
23.0,338.0,2.0,0.0,0.0,17.5,27.25,2.0,0.0,2.0,17.5,0.0
62.0,433.0,1.0,0.0,0.0,31.0,36.2,2.0,0.0,1.0,0.0,0.0
117.0,125.0,1.0,0.0,0.0,99.0,13.7,2.0,0.0,1.0,0.0,0.0
111.0,450.0,1.0,0.0,0.0,75.0,23.6,2.0,0.0,1.0,0.0,0.0
80.0,389.0,1.0,0.0,0.0,60.0,26.9,2.0,0.0,1.0,0.0,0.0
94.5,369.5,2.0,0.0,0.0,73.0,23.35,2.0,0.0,1.5,34.0,0.0
80.0,298.5,2.0,0.0,0.0,60.0,23.65,2.0,0.0,1.5,8.0,0.0
107.0,421.0,1.0,0.0,0.0,72.0,12.3,2.0,0.0,3.0,0.0,0.0
52.0,80.0,1.0,0.0,0.0,44.0,25.8,2.0,0.0,1.0,0.0,0.0
47.0,187.0,1.0,0.0,0.0,36.0,15.3,2.0,0.0,1.0,0.0,0.0
61.333333333333336,265.0,3.0,0.0,0.0,48.666666666666664,27.03333333333333,2.0,0.0,1.3333333333333333,39.60078562632593,0.0
103.0,267.5,2.0,0.0,0.0,74.0,18.6,3.0,1.0,1.0,28.0,0.0
13.0,358.0,1.0,0.0,1.0,0.0,30.3,2.0,0.0,3.0,0.0,0.0
144.0,191.0,1.0,0.0,0.0,136.0,30.7,2.0,0.0,1.0,0.0,0.0
135.0,434.0,1.0,0.0,0.0,115.0,35.3,2.0,0.0,1.0,0.0,0.0
74.0,142.0,1.0,0.0,0.0,47.0,31.0,2.0,0.0,2.0,0.0,0.0
38.0,241.0,1.0,0.0,0.0,30.0,10.0,2.0,0.0,1.0,0.0,0.0
129.0,104.0,1.0,0.0,0.0,95.0,32.0,2.0,0.0,2.0,0.0,0.0
90.0,120.0,1.0,0.0,0.0,58.0,22.0,2.0,0.0,1.0,0.0,0.0
96.33333333333333,212.33333333333334,3.0,0.0,0.0,69.0,27.733333333333334,2.0,0.0,1.6666666666666667,34.72751070837067,0.0
25.0,131.0,1.0,0.0,0.0,20.0,22.6,2.0,0.0,1.0,0.0,0.0
45.0,272.3333333333333,3.0,0.0,1.0,27.0,20.133333333333333,2.0,0.0,2.3333333333333335,38.18376618407357,0.0
17.0,119.0,1.0,0.0,0.0,0.0,34.4,2.0,0.0,1.0,0.0,0.0
65.0,298.0,1.0,0.0,0.0,44.0,19.4,2.0,0.0,1.0,0.0,0.0
130.0,116.0,1.0,0.0,0.0,107.0,25.5,2.0,0.0,1.0,0.0,0.0
114.0,286.0,1.0,0.0,0.0,66.0,19.2,2.0,0.0,3.0,0.0,0.0
55.0,284.0,1.0,0.0,0.0,24.0,16.3,2.0,0.0,1.0,0.0,0.0
113.0,72.0,1.0,0.0,0.0,86.0,33.9,4.0,1.0,1.0,0.0,0.0
35.5,194.0,2.0,0.0,0.0,26.0,17.85,4.0,1.0,1.0,26.0,0.0
98.0,344.0,1.0,0.0,0.0,84.0,13.4,2.0,0.0,3.0,0.0,0.0
104.0,185.0,1.0,0.0,0.0,90.0,18.5,2.0,0.0,1.0,0.0,0.0
14.0,354.0,1.0,0.0,0.0,0.0,16.8,2.0,0.0,0.0,0.0,0.0
78.0,144.0,1.0,0.0,0.0,37.0,22.4,2.0,0.0,1.0,0.0,0.0
59.5,251.0,2.0,0.0,1.0,34.0,30.3,2.0,0.0,3.0,34.0,0.0
89.0,486.0,1.0,0.0,0.0,59.0,14.5,2.0,0.0,3.0,0.0,0.0
64.0,484.0,2.0,0.0,0.0,35.0,17.7,2.0,0.0,3.0,5.0,0.0
60.0,277.0,1.0,0.0,0.0,33.0,28.8,2.0,0.0,1.0,0.0,0.0
90.0,137.5,2.0,0.0,0.0,74.0,17.5,2.0,0.0,1.0,25.0,0.0
114.0,406.0,1.0,0.0,0.0,79.0,11.2,2.0,0.0,1.0,0.0,0.0
89.0,439.0,1.0,0.0,0.0,55.0,26.3,2.0,0.0,1.0,0.0,0.0
66.5,135.0,2.0,0.0,0.0,40.0,18.35,2.0,0.0,1.5,7.0,0.0
92.0,144.0,1.0,0.0,0.0,64.0,23.9,2.0,0.0,3.0,0.0,0.0
93.0,478.0,1.0,0.0,0.0,73.0,18.6,2.0,0.0,1.0,0.0,0.0
10.0,296.0,1.0,0.0,1.0,0.0,29.5,2.0,0.0,3.0,0.0,0.0
15.0,105.0,1.0,0.0,1.0,0.0,19.1,4.0,1.0,3.0,0.0,0.0
12.0,74.0,1.0,0.0,1.0,0.0,18.1,2.0,0.0,3.0,0.0,0.0
33.5,199.5,2.0,0.0,1.0,16.5,25.8,2.0,0.0,2.0,16.5,0.0
70.0,455.0,1.0,0.0,0.0,41.0,37.0,2.0,0.0,1.0,0.0,0.0
59.0,137.5,2.0,0.0,0.0,41.0,22.0,2.0,0.0,1.0,41.0,0.0
131.5,247.5,2.0,0.0,0.0,100.5,23.049999999999997,2.0,0.0,3.0,1.5,0.0
31.0,241.0,2.0,0.0,0.0,16.5,30.05,2.0,0.0,1.0,16.5,0.0
124.0,348.0,2.0,0.0,0.0,101.0,19.9,2.0,0.0,1.0,6.0,0.0
153.0,197.0,1.0,0.0,0.0,131.0,25.4,2.0,0.0,1.0,0.0,0.0
130.0,250.0,1.0,0.0,0.0,96.0,30.5,2.0,0.0,1.0,0.0,0.0
99.5,335.0,2.0,0.0,0.0,83.0,23.6,2.0,0.0,3.0,52.0,0.0
14.0,267.0,1.0,0.0,0.0,0.0,15.0,2.0,0.0,1.0,0.0,0.0
18.0,162.0,1.0,0.0,1.0,0.0,13.0,2.0,0.0,3.0,0.0,0.0
81.0,404.0,1.0,0.0,0.0,66.0,28.4,2.0,0.0,3.0,0.0,0.0
81.0,343.5,2.0,0.0,0.0,58.5,26.75,2.0,0.0,2.0,30.5,0.0
96.5,340.0,2.0,0.0,0.0,86.0,28.55,2.0,0.0,2.0,18.0,0.0
83.5,352.0,2.0,0.0,0.0,68.0,20.15,2.0,0.0,1.0,28.0,0.0
71.0,372.0,1.0,0.0,0.0,51.0,34.8,2.0,0.0,1.0,0.0,0.0
85.5,280.0,2.0,0.0,0.0,49.0,29.05,2.0,0.0,1.0,1.0,0.0
85.0,102.0,1.0,0.0,0.0,71.0,11.1,2.0,0.0,1.0,0.0,0.0
63.5,415.0,2.0,0.0,0.0,36.5,12.45,2.0,0.0,1.0,8.5,0.0
22.0,153.0,1.0,0.0,1.0,0.0,30.3,2.0,0.0,3.0,0.0,0.0
54.0,169.0,1.0,0.0,0.0,53.0,11.7,4.0,1.0,3.0,0.0,0.0
109.0,390.0,1.0,0.0,0.0,78.0,37.1,2.0,0.0,1.0,0.0,0.0
101.0,389.0,1.0,0.0,0.0,75.0,31.3,2.0,0.0,1.0,0.0,0.0
98.0,379.0,1.0,0.0,0.0,68.0,13.7,2.0,0.0,3.0,0.0,0.0
34.0,187.5,2.0,0.0,1.0,16.5,20.6,2.0,0.0,2.5,16.5,0.0
57.666666666666664,286.3333333333333,3.0,0.0,1.0,36.333333333333336,22.5,2.0,0.0,3.0,37.52628708281999,0.0
124.0,270.5,2.0,0.0,0.0,95.5,22.450000000000003,2.0,0.0,2.0,22.5,0.0
67.5,307.0,2.0,0.0,0.0,56.5,22.5,2.0,0.0,1.0,4.5,0.0
166.0,212.0,1.0,0.0,0.0,122.0,12.6,2.0,0.0,1.0,0.0,0.0
64.66666666666667,170.66666666666666,3.0,0.0,0.0,40.333333333333336,22.100000000000005,2.0,0.0,1.0,43.05293898859352,0.0
98.0,230.0,1.0,0.0,0.0,86.0,28.0,2.0,0.0,2.0,0.0,0.0
12.0,153.0,1.0,0.0,1.0,0.0,30.1,2.0,0.0,3.0,0.0,0.0
17.0,491.0,1.0,0.0,1.0,0.0,22.7,2.0,0.0,3.0,0.0,0.0
86.5,420.0,2.0,0.0,0.0,75.0,24.6,2.0,0.0,1.0,19.0,0.0
89.0,87.0,1.0,0.0,0.0,57.0,20.1,2.0,0.0,1.0,0.0,0.0
5.0,335.0,1.0,0.0,0.0,0.0,27.9,2.0,0.0,1.0,0.0,0.0
30.0,95.0,1.0,0.0,0.0,18.0,18.0,2.0,0.0,1.0,0.0,0.0
89.0,326.0,1.0,0.0,0.0,63.0,23.7,2.0,0.0,1.0,0.0,0.0
92.25,223.5,4.0,0.0,0.0,64.25,16.5,2.0,0.0,1.0,41.390669238368204,0.0
92.0,295.5,2.0,0.0,0.0,66.5,27.2,2.0,0.0,2.0,8.5,0.0
17.0,93.0,1.0,0.0,0.0,0.0,34.9,2.0,0.0,1.0,0.0,0.0
108.0,262.0,1.0,0.0,0.0,93.0,27.2,2.0,0.0,1.0,0.0,0.0
81.0,130.0,1.0,0.0,0.0,82.0,14.2,2.0,0.0,3.0,0.0,0.0
92.5,257.0,2.0,0.0,0.0,72.0,26.55,2.0,0.0,1.0,8.0,0.0
84.0,473.0,1.0,0.0,0.0,68.0,13.4,2.0,0.0,2.0,0.0,0.0
85.66666666666667,347.0,3.0,0.0,0.0,60.0,17.633333333333336,2.0,0.0,1.6666666666666667,46.396838972786355,0.0
16.0,272.0,1.0,0.0,1.0,0.0,25.5,2.0,0.0,3.0,0.0,0.0
67.0,210.0,2.0,0.0,0.0,51.0,23.7,2.0,0.0,1.0,29.0,0.0
152.0,346.0,1.0,0.0,0.0,126.0,30.1,2.0,0.0,1.0,0.0,0.0
109.0,499.0,1.0,0.0,0.0,75.0,14.4,2.0,0.0,1.0,0.0,0.0
81.66666666666667,259.0,3.0,0.0,0.0,59.333333333333336,21.133333333333336,2.0,0.0,1.0,33.9050963065371,0.0
74.0,143.33333333333334,3.0,0.0,0.0,52.666666666666664,20.233333333333334,2.0,0.0,0.5,44.13111776916097,0.0
137.5,390.5,2.0,0.0,0.0,102.5,17.2,2.0,0.0,1.0,1.5,0.0
112.5,217.5,2.0,0.0,0.0,79.0,25.1,2.0,0.0,1.0,10.0,0.0
114.0,64.0,1.0,0.0,0.0,71.0,24.2,2.0,0.0,1.0,0.0,0.0
68.0,127.0,1.0,0.0,0.0,48.0,25.5,2.0,0.0,1.0,0.0,0.0
44.0,312.0,1.0,0.0,0.0,32.0,23.2,2.0,0.0,3.0,0.0,0.0
110.0,344.0,1.0,0.0,0.0,77.0,19.6,2.0,0.0,1.0,0.0,0.0
103.0,381.0,1.0,0.0,0.0,79.0,25.8,2.0,0.0,1.0,0.0,0.0
13.0,447.0,1.0,0.0,0.0,0.0,21.4,2.0,0.0,1.0,0.0,0.0
71.0,303.0,2.0,0.0,0.0,42.5,25.7,2.0,0.0,1.0,12.5,0.0
13.0,508.0,1.0,0.0,0.0,0.0,25.3,2.0,0.0,0.0,0.0,0.0
121.0,239.0,1.0,0.0,0.0,81.0,25.3,2.0,0.0,1.0,0.0,0.0
35.0,286.0,2.0,0.0,1.0,25.0,17.65,2.0,0.0,2.0,25.0,0.0
63.0,233.0,1.0,0.0,0.0,25.0,16.5,2.0,0.0,2.0,0.0,0.0
17.0,123.0,1.0,0.0,0.0,0.0,30.0,2.0,0.0,1.0,0.0,0.0
66.0,403.0,1.0,0.0,0.0,38.0,24.4,4.0,1.0,1.0,0.0,0.0
130.0,96.0,1.0,0.0,0.0,113.0,18.1,2.0,0.0,1.0,0.0,0.0
77.0,297.0,1.0,0.0,0.0,32.0,28.0,2.0,0.0,1.0,0.0,0.0
66.0,478.0,1.0,0.0,0.0,54.0,26.5,2.0,0.0,1.0,0.0,0.0
121.0,365.0,1.0,0.0,0.0,87.0,15.3,2.0,0.0,1.0,0.0,0.0
110.0,123.0,1.0,0.0,0.0,97.0,34.5,2.0,0.0,1.0,0.0,0.0
46.0,259.0,3.0,0.0,0.0,26.0,22.066666666666663,2.0,0.0,1.0,36.76955262170047,0.0
146.0,309.0,1.0,0.0,0.0,103.0,13.7,2.0,0.0,3.0,0.0,0.0
52.0,508.0,1.0,0.0,0.0,26.0,29.6,2.0,0.0,1.0,0.0,0.0
135.5,120.5,2.0,0.0,0.0,120.5,21.299999999999997,2.0,0.0,2.0,6.5,0.0
74.0,209.0,1.0,0.0,0.0,48.0,16.6,2.0,0.0,1.0,0.0,0.0
102.0,349.0,1.0,0.0,0.0,84.0,19.7,2.0,0.0,1.0,0.0,0.0
111.0,296.5,2.0,0.0,0.0,86.5,17.2,2.0,0.0,1.0,13.5,0.0
19.0,153.0,1.0,0.0,0.0,0.0,19.1,2.0,0.0,1.0,0.0,0.0
130.0,467.0,1.0,0.0,0.0,82.0,18.2,2.0,0.0,1.0,0.0,0.0
10.0,272.0,1.0,0.0,0.0,0.0,17.4,2.0,0.0,1.0,0.0,0.0
56.0,152.0,1.0,0.0,0.0,43.0,24.1,2.0,0.0,1.0,0.0,0.0
49.0,467.0,1.0,0.0,0.0,41.0,19.6,2.0,0.0,1.0,0.0,0.0
36.0,396.0,1.0,0.0,0.0,25.0,22.9,2.0,0.0,1.0,0.0,0.0
11.0,260.0,2.0,0.0,0.0,0.0,19.4,3.0,1.0,1.0,0.0,0.0
148.0,446.0,1.0,0.0,0.0,126.0,15.0,2.0,0.0,1.0,0.0,0.0
96.5,303.0,2.0,0.0,0.0,67.0,13.45,2.0,0.0,2.5,16.0,0.0
115.0,145.0,1.0,0.0,0.0,79.0,10.5,2.0,0.0,1.0,0.0,0.0
68.0,409.0,2.0,0.0,0.0,58.0,30.9,2.0,0.0,1.0,58.0,0.0
109.0,281.0,1.0,0.0,0.0,88.0,28.2,2.0,0.0,1.0,0.0,0.0
84.0,207.0,1.0,0.0,0.0,48.0,14.3,2.0,0.0,1.0,0.0,0.0
65.0,250.0,2.0,0.0,0.0,47.0,25.8,2.0,0.0,1.5,47.0,0.0
76.0,364.5,2.0,0.0,0.0,42.0,31.0,2.0,0.0,1.0,13.0,0.0
30.0,168.0,2.0,0.0,1.0,19.0,15.1,2.0,0.0,2.0,19.0,0.0
137.0,443.0,1.0,0.0,0.0,117.0,31.3,2.0,0.0,1.0,0.0,0.0
9.0,108.0,1.0,0.0,0.0,0.0,13.5,2.0,0.0,1.0,0.0,0.0
93.0,273.0,2.0,0.0,0.0,70.5,18.5,2.0,0.0,1.0,42.5,0.0
89.0,310.6666666666667,3.0,0.0,0.0,65.0,19.433333333333334,2.0,0.0,1.0,12.832251036613439,0.0
39.0,395.5,2.0,0.0,0.0,26.5,17.9,3.0,1.0,2.0,6.5,0.0
122.0,195.0,1.0,0.0,0.0,81.0,12.6,2.0,0.0,1.0,0.0,0.0
5.0,102.0,1.0,0.0,1.0,0.0,10.3,2.0,0.0,3.0,0.0,0.0
56.0,497.0,1.0,0.0,0.0,23.0,10.1,2.0,0.0,1.0,0.0,0.0
117.0,267.0,1.0,0.0,0.0,109.0,14.7,2.0,0.0,3.0,0.0,0.0
19.0,473.0,1.0,0.0,0.0,0.0,19.0,2.0,0.0,1.0,0.0,0.0
119.0,235.0,1.0,0.0,0.0,101.0,12.6,2.0,0.0,1.0,0.0,0.0
77.0,246.0,1.0,0.0,0.0,65.0,25.5,2.0,0.0,1.0,0.0,0.0
39.0,336.0,1.0,0.0,0.0,25.0,15.3,4.0,1.0,1.0,0.0,0.0
95.0,314.0,2.0,0.0,0.0,78.0,30.7,2.0,0.0,2.0,26.0,0.0
40.5,308.0,2.0,0.0,0.0,26.0,18.4,2.0,0.0,1.0,26.0,0.0
70.0,318.6666666666667,3.0,0.0,0.0,57.0,26.566666666666666,2.0,0.0,1.3333333333333333,41.38437708443449,0.0
75.0,221.0,1.0,0.0,0.0,64.0,12.5,2.0,0.0,3.0,0.0,0.0
44.0,477.0,1.0,0.0,0.0,26.0,29.4,2.0,0.0,1.0,0.0,0.0
35.75,186.75,4.0,0.0,0.0,25.75,23.45,2.5,1.0,1.0,31.846310618343217,0.0
155.0,400.0,1.0,0.0,0.0,128.0,20.6,2.0,0.0,1.0,0.0,0.0
19.0,152.0,1.0,0.0,1.0,0.0,32.8,2.0,0.0,3.0,0.0,0.0
79.5,283.5,2.0,0.0,0.0,55.5,25.5,3.0,1.0,1.0,55.5,0.0
135.0,224.0,1.0,0.0,0.0,132.0,16.3,2.0,0.0,1.0,0.0,0.0
95.0,357.0,1.0,0.0,0.0,90.0,32.2,2.0,0.0,1.0,0.0,0.0
43.0,372.0,2.0,0.0,1.0,32.5,22.799999999999997,2.0,0.0,2.0,32.5,0.0
95.0,123.0,1.0,0.0,0.0,70.0,14.3,2.0,0.0,1.0,0.0,0.0
79.0,249.0,1.0,0.0,0.0,60.0,16.6,2.0,0.0,3.0,0.0,0.0
148.0,213.0,1.0,0.0,0.0,97.0,9.9,2.0,0.0,1.0,0.0,0.0
50.0,122.0,2.0,0.0,1.0,21.5,20.65,2.0,0.0,2.0,21.5,0.0
60.5,289.0,2.0,0.0,0.0,48.0,26.1,2.0,0.0,1.5,48.0,0.0
60.0,292.0,1.0,0.0,0.0,25.0,30.2,2.0,0.0,1.0,0.0,0.0
156.0,319.0,1.0,0.0,0.0,123.0,17.3,2.0,0.0,1.0,0.0,0.0
46.0,131.0,2.0,0.0,0.0,24.0,31.450000000000003,2.0,0.0,2.0,24.0,0.0
11.5,372.0,2.0,0.0,0.0,0.0,32.95,2.0,0.0,0.5,0.0,0.0
48.5,227.0,2.0,0.0,1.0,38.5,17.2,2.0,0.0,3.0,38.5,0.0
137.0,268.0,1.0,0.0,0.0,116.0,30.5,2.0,0.0,1.0,0.0,0.0
122.5,404.5,2.0,0.0,0.0,85.5,29.7,2.0,0.0,1.0,5.5,0.0
71.0,82.0,1.0,0.0,0.0,44.0,25.6,2.0,0.0,1.0,0.0,0.0
132.0,168.0,1.0,0.0,0.0,119.0,16.8,2.0,0.0,1.0,0.0,0.0
78.5,166.0,2.0,0.0,0.0,56.5,18.4,2.0,0.0,2.0,5.5,0.0
13.0,148.0,1.0,0.0,0.0,0.0,29.7,2.0,0.0,1.0,0.0,0.0
105.0,266.0,1.0,0.0,0.0,75.0,27.1,2.0,0.0,1.0,0.0,0.0
93.0,158.0,1.0,0.0,0.0,60.0,14.6,2.0,0.0,1.0,0.0,0.0
48.0,375.0,3.0,0.0,0.0,36.333333333333336,28.233333333333334,2.0,0.0,0.6666666666666666,51.383092766222454,0.0
76.0,258.5,2.0,0.0,1.0,54.0,22.3,2.0,0.0,2.0,54.0,0.0
65.5,140.0,2.0,0.0,0.0,47.5,22.15,2.0,0.0,2.0,5.5,0.0
123.0,282.0,1.0,0.0,0.0,104.0,13.0,2.0,0.0,1.0,0.0,0.0
125.0,170.0,1.0,0.0,0.0,112.0,33.3,2.0,0.0,1.0,0.0,0.0
72.0,386.0,1.0,0.0,0.0,45.0,28.4,2.0,0.0,1.0,0.0,0.0
119.0,390.0,1.0,0.0,0.0,98.0,29.7,2.0,0.0,2.0,0.0,0.0
96.0,416.0,1.0,0.0,0.0,50.0,26.9,2.0,0.0,1.0,0.0,0.0
137.0,272.0,2.0,0.0,0.0,92.0,23.35,2.0,0.0,1.5,2.0,0.0
123.0,325.0,1.0,0.0,0.0,81.0,16.9,2.0,0.0,1.0,0.0,0.0
65.5,128.0,2.0,0.0,0.0,51.5,18.450000000000003,2.0,0.0,1.0,51.5,0.0
79.0,481.0,1.0,0.0,0.0,47.0,28.0,2.0,0.0,1.0,0.0,0.0
57.0,507.0,2.0,0.0,1.0,27.0,23.95,2.0,0.0,3.0,27.0,0.0
116.5,387.5,2.0,0.0,0.0,92.0,28.5,2.0,0.0,1.0,33.0,0.0
134.0,490.0,1.0,0.0,0.0,100.0,25.5,2.0,0.0,1.0,0.0,0.0
93.0,369.0,1.0,0.0,0.0,52.0,31.1,2.0,0.0,1.0,0.0,0.0
4.5,431.5,2.0,0.0,1.0,0.0,22.75,3.0,1.0,1.5,0.0,0.0
126.5,204.5,2.0,0.0,0.0,95.0,13.95,2.0,0.0,3.0,7.0,0.0
53.0,319.6666666666667,3.0,0.0,0.0,37.0,28.400000000000002,2.0,0.0,2.0,8.602325267042627,0.0
59.5,248.5,2.0,0.0,1.0,51.0,23.549999999999997,2.0,0.0,3.0,51.0,0.0
109.0,418.0,1.0,0.0,0.0,84.0,27.7,2.0,0.0,1.0,0.0,0.0
121.0,136.0,1.0,0.0,0.0,104.0,12.9,2.0,0.0,1.0,0.0,0.0
85.0,498.0,1.0,0.0,0.0,46.0,22.3,2.0,0.0,1.0,0.0,0.0
71.75,269.0,4.0,0.0,0.0,55.0,26.1,2.0,0.0,1.25,40.54010360124897,0.0
65.0,201.0,2.0,0.0,0.0,45.5,18.65,2.0,0.0,2.0,23.5,0.0
82.0,348.0,4.0,0.0,0.0,53.5,29.85,2.0,0.0,1.6666666666666667,11.521718621802913,0.0
99.5,475.0,2.0,0.0,0.0,74.0,25.549999999999997,2.0,0.0,1.0,15.0,0.0
64.0,445.0,1.0,0.0,0.0,40.0,27.2,2.0,0.0,1.0,0.0,0.0
108.0,383.5,2.0,0.0,0.0,106.0,25.6,2.0,0.0,1.0,9.0,0.0
9.0,347.0,1.0,0.0,1.0,0.0,18.6,4.0,1.0,3.0,0.0,0.0
119.0,104.0,1.0,0.0,0.0,123.0,23.6,2.0,0.0,1.0,0.0,0.0
57.0,389.0,1.0,0.0,0.0,31.0,17.2,4.0,1.0,1.0,0.0,0.0
82.33333333333333,357.3333333333333,3.0,0.0,0.0,55.0,29.933333333333334,2.0,0.0,1.0,19.252705437591537,0.0
141.0,205.0,1.0,0.0,0.0,116.0,25.4,2.0,0.0,1.0,0.0,0.0
107.5,188.5,2.0,0.0,0.0,73.0,24.25,2.0,0.0,3.0,22.0,0.0
76.0,492.0,1.0,0.0,0.0,66.0,35.6,2.0,0.0,1.0,0.0,0.0
90.0,297.0,1.0,0.0,0.0,73.0,13.7,2.0,0.0,1.0,0.0,0.0
67.0,211.5,2.0,1.0,0.0,44.5,29.950000000000003,3.0,1.0,2.0,22.5,0.5
46.666666666666664,208.33333333333334,3.0,0.0,0.0,20.333333333333332,24.966666666666665,2.0,0.0,1.0,14.839886193034712,0.0
62.0,426.0,1.0,0.0,0.0,48.0,36.0,2.0,0.0,1.0,0.0,0.0
91.0,269.0,1.0,0.0,0.0,68.0,32.9,2.0,0.0,1.0,0.0,0.0
144.0,330.0,1.0,0.0,0.0,117.0,11.2,2.0,0.0,3.0,0.0,0.0
61.5,171.0,2.0,0.0,1.0,50.0,25.65,2.0,0.0,2.0,50.0,0.0
21.0,109.0,1.0,0.0,0.0,0.0,15.1,2.0,0.0,1.0,0.0,0.0
4.0,197.0,1.0,0.0,0.0,0.0,33.1,2.0,0.0,1.0,0.0,0.0
100.66666666666667,282.0,3.0,0.0,0.0,91.66666666666667,27.599999999999994,2.0,0.0,1.0,21.013223349965983,0.0
113.0,300.0,1.0,0.0,0.0,91.0,31.6,2.0,0.0,1.0,0.0,0.0
49.0,220.0,1.0,0.0,0.0,42.0,23.5,2.0,0.0,3.0,0.0,0.0
43.5,306.0,2.0,0.0,1.0,30.0,21.85,2.0,0.0,2.5,30.0,0.0
115.0,272.0,1.0,0.0,0.0,79.0,27.2,2.0,0.0,1.0,0.0,0.0
71.0,251.0,2.0,0.0,0.0,49.0,29.6,2.0,0.0,0.5,49.0,0.0
88.0,166.0,1.0,0.0,0.0,44.0,18.6,2.0,0.0,1.0,0.0,0.0
64.0,278.5,2.0,0.0,0.0,34.0,24.950000000000003,2.0,0.0,1.0,16.0,0.0
123.0,272.0,1.0,0.0,0.0,97.0,28.2,2.0,0.0,1.0,0.0,0.0
43.0,196.0,2.0,0.0,0.0,24.0,26.9,2.0,0.0,2.0,24.0,0.0
52.0,464.0,1.0,0.0,0.0,25.0,11.4,2.0,0.0,1.0,0.0,0.0
75.0,413.0,1.0,0.0,0.0,79.0,35.2,2.0,0.0,1.0,0.0,0.0
42.0,505.0,1.0,0.0,0.0,22.0,17.3,2.0,0.0,1.0,0.0,0.0
97.0,501.0,1.0,0.0,0.0,64.0,29.8,4.0,1.0,1.0,0.0,0.0
89.5,212.0,2.0,0.0,0.0,70.5,14.7,2.0,0.0,2.0,12.5,0.0
59.5,309.5,2.0,0.0,0.0,34.5,24.65,2.0,0.0,1.5,34.5,0.0
102.0,191.0,1.0,0.0,0.0,70.0,10.9,2.0,0.0,1.0,0.0,0.0
64.0,272.0,2.0,0.0,0.0,47.0,20.05,2.0,0.0,1.0,47.0,0.0
134.0,289.0,1.0,0.0,0.0,98.0,31.0,2.0,0.0,1.0,0.0,0.0
58.0,401.0,1.0,0.0,0.0,49.0,33.2,2.0,0.0,1.0,0.0,0.0
11.0,446.0,1.0,0.0,0.0,0.0,26.9,2.0,0.0,1.0,0.0,0.0
117.0,490.0,1.0,0.0,0.0,102.0,34.0,2.0,0.0,1.0,0.0,0.0
56.5,301.5,2.0,0.0,0.0,41.0,19.4,2.0,0.0,1.0,1.0,0.0
56.333333333333336,358.6666666666667,3.0,0.0,0.0,39.666666666666664,18.533333333333335,2.0,0.0,1.0,28.193773938387338,0.0
111.0,464.0,1.0,0.0,0.0,101.0,30.6,4.0,1.0,1.0,0.0,0.0
8.0,451.0,1.0,0.0,1.0,0.0,35.5,2.0,0.0,3.0,0.0,0.0
94.0,358.0,2.0,0.0,0.0,55.0,27.15,2.0,0.0,1.0,22.0,0.0
103.66666666666667,268.6666666666667,3.0,0.0,0.0,75.33333333333333,26.03333333333333,2.0,0.0,2.0,15.15109090315135,0.0
60.0,366.0,1.0,0.0,0.0,24.0,24.9,2.0,0.0,1.0,0.0,0.0
85.0,409.0,1.0,0.0,0.0,58.0,22.6,4.0,1.0,1.0,0.0,0.0
12.0,371.0,1.0,0.0,0.0,0.0,22.0,2.0,0.0,0.0,0.0,0.0
109.0,411.0,1.0,0.0,0.0,81.0,34.6,2.0,0.0,1.0,0.0,0.0
123.0,236.0,1.0,0.0,0.0,95.0,17.2,2.0,0.0,3.0,0.0,0.0
73.5,160.0,2.0,0.0,0.0,43.5,21.45,2.0,0.0,1.0,21.5,0.0
97.0,79.0,1.0,0.0,0.0,92.0,14.8,2.0,0.0,1.0,0.0,0.0
84.0,156.0,2.0,0.0,0.0,59.5,18.0,2.0,0.0,0.5,59.5,0.0
143.0,394.0,1.0,1.0,0.0,123.0,20.7,4.0,1.0,3.0,0.0,1.0
126.0,319.0,1.0,0.0,0.0,101.0,29.0,2.0,0.0,1.0,0.0,0.0
94.0,261.0,2.0,0.0,0.0,75.5,15.25,2.0,0.0,1.0,16.5,0.0
62.5,337.5,2.0,0.0,0.0,46.0,28.549999999999997,2.0,0.0,1.0,24.0,0.0
136.0,140.0,1.0,0.0,0.0,111.0,28.6,2.0,0.0,1.0,0.0,0.0
72.0,272.0,1.0,0.0,0.0,41.0,12.4,2.0,0.0,1.0,0.0,0.0
72.0,223.0,1.0,0.0,0.0,63.0,35.1,2.0,0.0,1.0,0.0,0.0
3.0,425.0,1.0,0.0,0.0,0.0,30.8,2.0,0.0,0.0,0.0,0.0
56.0,90.0,1.0,0.0,0.0,44.0,18.7,2.0,0.0,1.0,0.0,0.0
92.0,91.0,1.0,0.0,0.0,73.0,26.4,2.0,0.0,1.0,0.0,0.0
104.0,148.0,1.0,0.0,0.0,71.0,17.3,2.0,0.0,1.0,0.0,0.0
68.5,302.0,2.0,0.0,0.0,41.5,16.65,2.0,0.0,1.0,13.5,0.0
53.0,272.5,2.0,0.0,1.0,40.0,17.75,2.0,0.0,2.0,40.0,0.0
68.0,303.0,3.0,0.0,0.0,58.333333333333336,22.46666666666667,2.0,0.0,2.0,41.411216945278106,0.0
6.0,86.0,1.0,0.0,0.0,0.0,12.6,2.0,0.0,1.0,0.0,0.0
2.0,234.0,1.0,0.0,0.0,0.0,16.4,2.0,0.0,0.0,0.0,0.0
50.0,86.0,1.0,0.0,0.0,53.0,21.3,2.0,0.0,3.0,0.0,0.0
14.0,316.5,2.0,0.0,1.0,0.0,18.1,2.0,0.0,2.0,0.0,0.0
89.0,167.0,1.0,0.0,0.0,64.0,20.6,2.0,0.0,1.0,0.0,0.0
55.0,414.0,2.0,0.0,0.0,32.5,22.2,2.0,0.0,1.0,32.5,0.0
7.5,286.0,2.0,0.0,1.0,0.0,28.35,2.0,0.0,1.5,0.0,0.0
107.33333333333333,287.6666666666667,3.0,0.0,0.0,76.33333333333333,31.999999999999996,2.0,0.0,1.6666666666666667,18.926759422104517,0.0
10.0,65.0,1.0,0.0,1.0,0.0,20.9,2.0,0.0,3.0,0.0,0.0
18.0,69.0,1.0,0.0,0.0,0.0,14.4,2.0,0.0,0.0,0.0,0.0
116.0,385.0,1.0,0.0,0.0,105.0,27.6,2.0,0.0,1.0,0.0,0.0
106.5,193.0,2.0,0.0,0.0,76.5,21.15,2.0,0.0,1.0,9.5,0.0
79.0,267.0,2.0,0.0,0.0,60.0,25.75,2.0,0.0,2.0,22.0,0.0
88.0,356.0,1.0,0.0,0.0,48.0,10.6,2.0,0.0,1.0,0.0,0.0
84.5,427.0,2.0,0.0,0.0,75.0,18.0,2.0,0.0,3.0,30.0,0.0
60.0,334.0,1.0,0.0,0.0,20.0,21.2,2.0,0.0,1.0,0.0,0.0
85.33333333333333,214.0,3.0,0.0,0.0,63.666666666666664,27.233333333333334,2.0,0.0,1.0,32.78549814916481,0.0
58.5,260.0,2.0,0.0,1.0,46.5,26.700000000000003,2.0,0.0,3.0,46.5,0.0
60.5,160.0,2.0,0.0,0.0,43.5,18.95,2.0,0.0,1.0,43.5,0.0
104.0,282.0,1.0,0.0,0.0,88.0,34.0,2.0,0.0,3.0,0.0,0.0
92.0,143.5,2.0,0.0,0.0,67.0,26.55,2.0,0.0,1.0,35.0,0.0
84.0,184.0,1.0,0.0,0.0,71.0,24.8,2.0,0.0,1.0,0.0,0.0
54.0,473.0,1.0,0.0,0.0,37.0,20.0,2.0,0.0,1.0,0.0,0.0
13.0,415.0,1.0,0.0,1.0,0.0,21.8,2.0,0.0,3.0,0.0,0.0
16.0,317.0,1.0,0.0,1.0,0.0,12.4,2.0,0.0,3.0,0.0,0.0
144.0,294.0,1.0,0.0,0.0,121.0,32.3,2.0,0.0,1.0,0.0,0.0
104.0,72.0,1.0,0.0,0.0,51.0,21.0,2.0,0.0,1.0,0.0,0.0
84.33333333333333,250.33333333333334,3.0,0.0,0.0,71.0,22.366666666666664,2.0,0.0,2.0,19.200694431886227,0.0
74.0,470.0,1.0,0.0,0.0,62.0,24.1,2.0,0.0,2.0,0.0,0.0
62.0,181.0,1.0,0.0,0.0,61.0,32.7,2.0,0.0,1.0,0.0,0.0
95.0,378.3333333333333,3.0,0.0,0.0,66.66666666666667,21.5,2.6666666666666665,1.0,2.0,23.32857094256359,0.0
58.0,287.0,1.0,0.0,0.0,52.0,27.3,2.0,0.0,1.0,0.0,0.0
48.0,353.0,1.0,0.0,0.0,28.0,21.9,2.0,0.0,3.0,0.0,0.0
58.0,321.0,1.0,0.0,0.0,35.0,23.1,2.0,0.0,1.0,0.0,0.0
36.5,317.5,2.0,0.0,0.0,23.5,32.9,2.0,0.0,0.5,23.5,0.0
117.0,159.0,1.0,0.0,0.0,90.0,32.0,2.0,0.0,1.0,0.0,0.0
69.0,224.0,1.0,0.0,0.0,51.0,23.4,2.0,0.0,3.0,0.0,0.0
37.0,490.0,1.0,0.0,0.0,26.0,35.5,2.0,0.0,3.0,0.0,0.0
57.0,289.0,1.0,0.0,0.0,23.0,11.7,2.0,0.0,1.0,0.0,0.0
78.0,155.0,1.0,0.0,0.0,63.0,16.4,2.0,0.0,1.0,0.0,0.0
73.0,138.0,1.0,0.0,0.0,57.0,17.0,2.0,0.0,1.0,0.0,0.0
99.33333333333333,410.0,3.0,0.0,0.0,74.0,21.23333333333333,2.0,0.0,1.0,20.314198646923455,0.0
37.0,441.0,1.0,0.0,0.0,25.0,30.1,2.0,0.0,1.0,0.0,0.0
57.5,311.5,4.0,0.0,0.0,36.25,18.549999999999997,2.0,0.0,1.0,21.706853756359994,0.0
17.0,501.0,1.0,0.0,1.0,0.0,16.2,2.0,0.0,3.0,0.0,0.0
116.5,143.0,2.0,0.0,0.0,94.5,15.5,2.0,0.0,2.0,4.5,0.0
52.5,253.0,2.0,0.0,0.0,30.0,21.75,2.0,0.0,1.0,30.0,0.0
169.0,486.0,1.0,0.0,0.0,111.0,12.9,2.0,0.0,1.0,0.0,0.0
94.0,244.0,1.0,0.0,0.0,63.0,33.9,2.0,0.0,1.0,0.0,0.0
80.0,258.0,2.0,1.0,0.0,60.0,21.65,3.0,1.0,2.0,5.0,0.5
10.0,160.0,1.0,0.0,0.0,0.0,27.2,2.0,0.0,0.0,0.0,0.0
51.0,476.0,1.0,0.0,0.0,24.0,12.2,2.0,0.0,3.0,0.0,0.0
78.0,340.5,2.0,0.0,0.0,43.5,23.45,2.0,0.0,1.5,16.5,0.0
18.0,314.0,1.0,0.0,0.0,0.0,35.0,2.0,0.0,1.0,0.0,0.0
97.0,273.3333333333333,3.0,0.0,0.0,68.33333333333333,28.53333333333333,2.0,0.0,1.0,28.592928418676454,0.0
91.0,367.6666666666667,3.0,0.0,0.0,75.33333333333333,21.933333333333334,2.0,0.0,1.3333333333333333,18.803073034893938,0.0
61.0,432.0,1.0,0.0,0.0,44.0,28.8,4.0,1.0,1.0,0.0,0.0
57.0,159.0,1.0,0.0,0.0,27.0,27.3,2.0,0.0,1.0,0.0,0.0
19.0,294.0,1.0,0.0,0.0,0.0,21.6,2.0,0.0,1.0,0.0,0.0
43.0,443.0,1.0,0.0,0.0,26.0,23.1,2.0,0.0,1.0,0.0,0.0
15.0,273.0,1.0,0.0,0.0,0.0,34.3,2.0,0.0,1.0,0.0,0.0
127.0,301.0,1.0,0.0,0.0,110.0,20.0,2.0,0.0,1.0,0.0,0.0
72.5,264.0,2.0,0.0,0.0,55.0,28.15,2.0,0.0,1.0,55.0,0.0
12.0,197.0,1.0,0.0,0.0,0.0,10.1,2.0,0.0,1.0,0.0,0.0
40.5,294.5,2.0,0.0,0.0,26.0,12.85,2.0,0.0,0.5,26.0,0.0
111.0,249.0,3.0,0.0,0.0,92.66666666666667,19.666666666666668,2.0,0.0,2.0,15.456030825826174,0.0
7.5,232.5,2.0,0.0,0.0,0.0,23.0,2.0,0.0,0.0,0.0,0.0
64.0,101.0,1.0,0.0,0.0,64.0,24.5,2.0,0.0,1.0,0.0,0.0
18.0,447.0,1.0,0.0,1.0,0.0,27.0,2.0,0.0,3.0,0.0,0.0
107.0,432.0,1.0,0.0,0.0,109.0,13.2,2.0,0.0,1.0,0.0,0.0
59.0,236.0,1.0,0.0,0.0,22.0,11.7,2.0,0.0,1.0,0.0,0.0
104.0,131.0,1.0,0.0,0.0,70.0,22.0,2.0,0.0,1.0,0.0,0.0
2.0,135.0,1.0,0.0,0.0,0.0,14.6,2.0,0.0,1.0,0.0,0.0
7.0,450.0,1.0,0.0,0.0,0.0,31.1,2.0,0.0,1.0,0.0,0.0
92.0,425.0,1.0,0.0,0.0,87.0,19.1,2.0,0.0,1.0,0.0,0.0
69.0,317.5,2.0,0.0,0.0,48.5,26.75,2.0,0.0,1.0,10.5,0.0
78.0,261.5,2.0,0.0,0.0,52.0,27.6,2.0,0.0,1.0,19.0,0.0
82.0,251.5,2.0,0.0,0.0,67.0,22.5,2.0,0.0,1.5,12.0,0.0
71.5,215.0,2.0,0.0,0.0,50.0,18.4,2.0,0.0,1.0,4.0,0.0
39.0,322.0,1.0,0.0,0.0,33.0,11.0,2.0,0.0,1.0,0.0,0.0
128.0,411.0,1.0,0.0,0.0,101.0,27.6,2.0,0.0,1.0,0.0,0.0
80.0,288.0,2.0,0.0,0.0,69.0,22.799999999999997,2.0,0.0,1.0,24.0,0.0
75.0,98.0,1.0,0.0,0.0,53.0,20.3,2.0,0.0,3.0,0.0,0.0
76.0,328.0,1.0,0.0,0.0,68.0,26.5,2.0,0.0,1.0,0.0,0.0
84.5,152.5,2.0,0.0,0.0,70.0,15.5,2.0,0.0,1.0,31.0,0.0
15.0,243.0,1.0,0.0,0.0,0.0,12.2,2.0,0.0,1.0,0.0,0.0
39.0,506.0,1.0,0.0,0.0,18.0,20.2,2.0,0.0,1.0,0.0,0.0
83.0,364.0,1.0,0.0,0.0,69.0,18.5,2.0,0.0,1.0,0.0,0.0
6.0,410.0,1.0,0.0,0.0,0.0,21.3,2.0,0.0,0.0,0.0,0.0
13.5,370.0,2.0,0.0,0.0,10.0,23.35,2.0,0.0,0.5,10.0,0.0
39.0,440.0,2.0,0.0,1.0,23.5,26.65,2.0,0.0,3.0,23.5,0.0
20.0,352.0,1.0,0.0,0.0,0.0,22.1,2.0,0.0,1.0,0.0,0.0
55.5,322.0,2.0,0.0,1.0,28.0,25.75,2.0,0.0,2.0,28.0,0.0
94.0,103.5,2.0,0.0,0.0,69.5,20.7,2.0,0.0,1.0,33.5,0.0
139.0,466.0,1.0,0.0,0.0,106.0,36.6,2.0,0.0,1.0,0.0,0.0
14.0,461.0,1.0,0.0,0.0,0.0,32.5,2.0,0.0,1.0,0.0,0.0
103.5,199.5,2.0,0.0,0.0,81.5,18.8,2.0,0.0,1.0,30.5,0.0
97.0,190.0,1.0,0.0,0.0,92.0,28.7,4.0,1.0,1.0,0.0,0.0
85.0,473.0,1.0,0.0,0.0,53.0,34.4,2.0,0.0,2.0,0.0,0.0
47.0,224.0,3.0,0.0,1.0,21.0,28.333333333333332,2.0,0.0,2.3333333333333335,15.297058540778355,0.0
93.5,125.5,2.0,0.0,0.0,60.0,21.0,2.0,0.0,2.0,37.0,0.0
66.0,243.0,2.0,0.0,0.0,58.0,27.75,2.0,0.0,1.0,58.0,0.0
10.0,471.0,1.0,0.0,1.0,0.0,22.0,2.0,0.0,3.0,0.0,0.0
41.0,379.5,2.0,0.0,1.0,15.5,28.8,2.0,0.0,3.0,15.5,0.0
109.0,482.0,1.0,0.0,0.0,86.0,28.0,2.0,0.0,1.0,0.0,0.0
129.0,499.0,1.0,0.0,0.0,87.0,16.0,2.0,0.0,1.0,0.0,0.0
45.0,163.0,1.0,0.0,0.0,36.0,29.2,2.0,0.0,3.0,0.0,0.0
40.0,406.0,1.0,0.0,0.0,23.0,24.1,2.0,0.0,3.0,0.0,0.0
142.0,356.0,1.0,0.0,0.0,79.0,26.7,2.0,0.0,1.0,0.0,0.0
121.0,231.0,1.0,0.0,0.0,110.0,12.7,2.0,0.0,1.0,0.0,0.0
87.0,372.0,1.0,0.0,0.0,57.0,36.0,2.0,0.0,1.0,0.0,0.0
97.5,385.5,2.0,0.0,0.0,73.0,24.700000000000003,2.0,0.0,1.0,37.0,0.0
66.33333333333333,256.6666666666667,3.0,0.0,0.0,40.666666666666664,18.26666666666667,2.0,0.0,1.6666666666666667,28.75567576825293,0.0
121.5,202.0,2.0,0.0,0.0,111.0,16.85,2.0,0.0,1.0,2.0,0.0
90.5,256.5,2.0,0.0,0.0,70.0,17.9,2.0,0.0,1.0,14.0,0.0
83.0,89.0,1.0,0.0,0.0,93.0,14.8,2.0,0.0,3.0,0.0,0.0
138.0,273.0,2.0,0.0,0.0,112.5,26.7,2.0,0.0,1.0,18.5,0.0
15.5,264.0,2.0,0.0,1.0,0.0,24.299999999999997,2.0,0.0,1.5,0.0,0.0
7.0,94.0,1.0,0.0,0.0,0.0,27.8,2.0,0.0,1.0,0.0,0.0
78.0,322.0,1.0,0.0,0.0,43.0,14.0,2.0,0.0,3.0,0.0,0.0
27.0,296.0,2.0,0.0,1.0,21.5,28.75,2.0,0.0,3.0,21.5,0.0
99.0,160.0,1.0,0.0,0.0,97.0,10.9,2.0,0.0,1.0,0.0,0.0
62.0,287.5,2.0,0.0,0.0,43.5,16.55,2.0,0.0,1.5,43.5,0.0
98.0,204.0,1.0,0.0,0.0,79.0,25.9,2.0,0.0,1.0,0.0,0.0
37.5,250.5,2.0,0.0,1.0,24.5,23.299999999999997,2.0,0.0,2.0,24.5,0.0
6.0,425.0,1.0,0.0,1.0,0.0,23.9,2.0,0.0,3.0,0.0,0.0
10.0,158.0,1.0,0.0,0.0,0.0,26.4,2.0,0.0,1.0,0.0,0.0
7.0,176.0,1.0,0.0,0.0,0.0,25.7,2.0,0.0,1.0,0.0,0.0
71.0,374.0,1.0,0.0,0.0,39.0,11.1,2.0,0.0,1.0,0.0,0.0
115.5,444.0,2.0,0.0,0.0,94.0,20.6,2.0,0.0,1.0,3.0,0.0
19.0,89.0,1.0,0.0,0.0,0.0,17.2,2.0,0.0,0.0,0.0,0.0
127.0,235.0,1.0,0.0,0.0,118.0,24.0,2.0,0.0,1.0,0.0,0.0
49.0,440.0,1.0,0.0,0.0,34.0,30.1,2.0,0.0,1.0,0.0,0.0
73.5,230.0,2.0,0.0,0.0,66.0,20.700000000000003,2.0,0.0,1.0,24.0,0.0
98.0,108.0,1.0,0.0,0.0,87.0,19.9,2.0,0.0,3.0,0.0,0.0
72.0,203.0,1.0,0.0,0.0,55.0,27.8,2.0,0.0,1.0,0.0,0.0
44.5,145.5,2.0,0.0,0.0,40.5,20.55,2.0,0.0,2.0,40.5,0.0
72.5,259.5,2.0,0.0,0.0,54.0,19.05,2.0,0.0,2.0,54.0,0.0
101.0,187.0,1.0,0.0,0.0,80.0,12.0,2.0,0.0,1.0,0.0,0.0
115.0,367.0,1.0,0.0,0.0,86.0,11.1,2.0,0.0,1.0,0.0,0.0
39.0,417.0,1.0,0.0,0.0,37.0,17.7,2.0,0.0,1.0,0.0,0.0
153.0,175.0,1.0,0.0,0.0,120.0,19.1,2.0,0.0,1.0,0.0,0.0
75.0,368.5,2.0,0.0,0.0,45.5,24.0,2.0,0.0,1.0,45.5,0.0
2.0,400.0,1.0,0.0,0.0,0.0,37.5,2.0,0.0,1.0,0.0,0.0
89.0,258.0,1.0,0.0,0.0,73.0,33.5,2.0,0.0,1.0,0.0,0.0
95.0,121.0,1.0,0.0,0.0,63.0,20.9,2.0,0.0,1.0,0.0,0.0
68.0,511.0,1.0,0.0,0.0,46.0,14.9,2.0,0.0,2.0,0.0,0.0
77.0,272.0,3.0,0.0,0.0,55.0,16.266666666666666,2.0,0.0,2.0,44.5495978283381,0.0
42.5,275.5,2.0,0.0,0.0,25.0,23.450000000000003,3.0,1.0,0.5,25.0,0.0
92.0,237.0,1.0,0.0,0.0,83.0,31.1,2.0,0.0,1.0,0.0,0.0
84.5,319.0,2.0,0.0,0.0,66.5,26.799999999999997,2.0,0.0,2.5,24.5,0.0
35.5,259.0,2.0,0.0,0.0,14.0,23.3,2.0,0.0,2.0,14.0,0.0
12.0,115.0,1.0,0.0,0.0,0.0,22.9,2.0,0.0,1.0,0.0,0.0
72.0,353.0,1.0,0.0,0.0,71.0,11.3,2.0,0.0,1.0,0.0,0.0
11.0,289.0,1.0,0.0,0.0,0.0,31.5,2.0,0.0,1.0,0.0,0.0
82.0,465.0,1.0,0.0,0.0,47.0,16.3,2.0,0.0,1.0,0.0,0.0
92.0,435.0,2.0,0.0,0.0,76.5,21.7,3.0,1.0,1.0,16.5,0.0
67.0,372.0,1.0,0.0,0.0,28.0,29.2,2.0,0.0,1.0,0.0,0.0
31.5,319.5,2.0,0.0,0.0,27.5,18.25,2.0,0.0,1.0,27.5,0.0
69.0,417.0,1.0,0.0,0.0,40.0,14.4,2.0,0.0,1.0,0.0,0.0
12.0,157.0,1.0,0.0,0.0,0.0,11.1,2.0,0.0,1.0,0.0,0.0
64.0,139.0,1.0,0.0,0.0,33.0,16.4,2.0,0.0,1.0,0.0,0.0
7.0,387.0,1.0,0.0,0.0,0.0,28.4,2.0,0.0,1.0,0.0,0.0
121.0,126.0,1.0,0.0,0.0,83.0,23.7,2.0,0.0,3.0,0.0,0.0
96.0,436.0,1.0,0.0,0.0,49.0,19.8,2.0,0.0,2.0,0.0,0.0
30.5,291.5,2.0,0.0,0.0,18.5,14.2,2.0,0.0,1.5,18.5,0.0
42.5,325.5,2.0,0.0,1.0,33.5,19.9,2.0,0.0,2.0,33.5,0.0
141.0,188.0,1.0,0.0,0.0,127.0,11.7,2.0,0.0,1.0,0.0,0.0
17.0,103.0,1.0,0.0,0.0,0.0,18.9,2.0,0.0,0.0,0.0,0.0
19.0,121.0,1.0,0.0,0.0,0.0,28.3,2.0,0.0,0.0,0.0,0.0
98.0,392.0,1.0,0.0,0.0,76.0,16.9,2.0,0.0,3.0,0.0,0.0
95.0,442.0,1.0,0.0,0.0,80.0,35.3,2.0,0.0,1.0,0.0,0.0
93.0,78.0,1.0,0.0,0.0,59.0,22.3,2.0,0.0,1.0,0.0,0.0
117.0,223.0,1.0,0.0,0.0,118.0,24.6,2.0,0.0,1.0,0.0,0.0
27.0,317.0,3.0,0.0,0.0,15.333333333333334,27.53333333333333,2.0,0.0,0.6666666666666666,21.684607956387456,0.0
133.0,345.0,2.0,1.0,0.0,98.0,17.25,3.0,1.0,2.0,2.0,0.5
4.0,472.0,1.0,0.0,0.0,0.0,16.2,2.0,0.0,0.0,0.0,0.0
127.0,512.0,1.0,0.0,0.0,107.0,23.8,2.0,0.0,3.0,0.0,0.0
68.0,298.0,1.0,0.0,0.0,43.0,29.3,2.0,0.0,3.0,0.0,0.0
136.0,365.0,1.0,0.0,0.0,124.0,18.1,2.0,0.0,1.0,0.0,0.0
114.0,358.0,2.0,0.0,0.0,97.0,20.5,2.0,0.0,1.5,9.0,0.0
6.0,452.0,1.0,0.0,1.0,0.0,14.7,2.0,0.0,3.0,0.0,0.0
84.0,75.0,1.0,0.0,0.0,55.0,10.7,2.0,0.0,1.0,0.0,0.0
81.0,333.0,1.0,0.0,0.0,72.0,14.8,2.0,0.0,1.0,0.0,0.0
124.0,116.0,1.0,0.0,0.0,109.0,11.1,2.0,0.0,1.0,0.0,0.0
11.0,213.0,1.0,0.0,0.0,0.0,21.1,2.0,0.0,1.0,0.0,0.0
77.33333333333333,192.0,3.0,0.0,0.0,60.666666666666664,20.433333333333334,2.0,0.0,0.6666666666666666,43.091633629846164,0.0
10.0,300.5,2.0,0.0,1.0,0.0,28.15,2.0,0.0,2.0,0.0,0.0
18.0,254.0,1.0,0.0,0.0,0.0,29.5,2.0,0.0,0.0,0.0,0.0
89.0,71.0,1.0,0.0,0.0,73.0,25.6,2.0,0.0,3.0,0.0,0.0
58.0,230.0,2.0,0.0,0.0,37.0,19.8,2.0,0.0,1.0,37.0,0.0
54.666666666666664,312.6666666666667,3.0,0.0,1.0,47.333333333333336,21.366666666666664,2.0,0.0,2.3333333333333335,49.10080334260213,0.0
19.0,456.0,1.0,0.0,1.0,0.0,10.7,2.0,0.0,3.0,0.0,0.0
134.0,86.0,1.0,0.0,0.0,106.0,22.4,2.0,0.0,1.0,0.0,0.0
116.0,431.0,1.0,0.0,0.0,97.0,25.7,2.0,0.0,1.0,0.0,0.0
54.5,252.0,2.0,0.0,0.0,36.0,17.6,2.0,0.0,1.0,36.0,0.0
115.0,276.0,1.0,0.0,0.0,100.0,22.2,2.0,0.0,1.0,0.0,0.0
13.0,102.0,1.0,0.0,0.0,0.0,18.3,2.0,0.0,1.0,0.0,0.0
65.66666666666667,364.0,3.0,0.0,0.0,51.666666666666664,22.03333333333333,2.0,0.0,1.0,42.88226776756202,0.0
120.0,107.0,1.0,0.0,0.0,107.0,18.4,2.0,0.0,1.0,0.0,0.0
14.0,179.0,1.0,0.0,0.0,0.0,15.3,2.0,0.0,1.0,0.0,0.0
34.0,365.6666666666667,3.0,0.0,2.0,22.0,24.733333333333334,2.0,0.0,2.0,31.11269837220809,0.0
6.0,326.0,2.0,0.0,2.0,0.0,31.95,2.0,0.0,3.0,0.0,0.0
5.0,322.0,1.0,0.0,0.0,0.0,10.6,2.0,0.0,1.0,0.0,0.0
79.5,381.5,2.0,0.0,1.0,54.5,16.0,2.0,0.0,2.0,54.5,0.0
106.0,153.0,1.0,0.0,0.0,74.0,21.8,2.0,0.0,1.0,0.0,0.0
35.666666666666664,205.66666666666666,3.0,0.0,1.0,27.0,26.766666666666666,2.0,0.0,1.6666666666666667,38.18376618407357,0.0
92.0,290.0,1.0,0.0,0.0,78.0,17.9,2.0,0.0,1.0,0.0,0.0
78.5,215.5,2.0,0.0,0.0,58.0,30.15,2.0,0.0,1.0,58.0,0.0
44.333333333333336,233.0,3.0,0.0,1.0,27.666666666666668,24.633333333333336,2.0,0.0,1.6666666666666667,20.75786330258702,0.0
16.5,303.0,2.0,0.0,2.0,0.0,17.6,2.0,0.0,3.0,0.0,0.0
59.0,290.0,1.0,0.0,0.0,42.0,22.2,2.0,0.0,3.0,0.0,0.0
62.5,213.0,2.0,0.0,1.0,43.5,25.450000000000003,2.0,0.0,2.0,43.5,0.0
10.0,352.0,1.0,0.0,1.0,0.0,29.9,2.0,0.0,3.0,0.0,0.0
31.0,84.0,1.0,0.0,0.0,20.0,19.0,2.0,0.0,3.0,0.0,0.0
97.0,358.0,1.0,0.0,0.0,70.0,14.6,2.0,0.0,1.0,0.0,0.0
8.0,117.0,1.0,0.0,1.0,0.0,22.6,2.0,0.0,3.0,0.0,0.0
10.5,237.0,2.0,0.0,1.0,0.0,19.700000000000003,2.0,0.0,2.0,0.0,0.0
92.0,277.5,2.0,0.0,0.0,59.5,25.599999999999998,2.0,0.0,2.0,19.5,0.0
58.666666666666664,308.0,3.0,0.0,0.0,44.666666666666664,18.766666666666666,2.0,0.0,0.6666666666666666,63.168205785998246,0.0
140.0,415.5,2.0,0.0,0.0,116.0,23.15,2.0,0.0,1.0,26.0,0.0
115.0,335.0,1.0,0.0,0.0,80.0,11.6,2.0,0.0,1.0,0.0,0.0
111.0,448.0,1.0,0.0,0.0,85.0,23.5,2.0,0.0,1.0,0.0,0.0
14.0,295.0,1.0,0.0,0.0,0.0,29.2,2.0,0.0,1.0,0.0,0.0
99.5,455.5,2.0,0.0,0.0,73.0,31.55,2.0,0.0,2.0,45.0,0.0
84.0,118.0,2.0,0.0,0.0,55.5,20.75,2.0,0.0,1.0,0.5,0.0
106.0,191.0,1.0,0.0,0.0,85.0,14.9,2.0,0.0,3.0,0.0,0.0
149.0,430.0,1.0,0.0,0.0,114.0,36.4,2.0,0.0,3.0,0.0,0.0
72.5,416.0,2.0,0.0,0.0,61.0,20.55,2.0,0.0,1.0,29.0,0.0
97.33333333333333,254.66666666666666,3.0,0.0,0.0,75.0,26.933333333333334,2.0,0.0,1.6666666666666667,41.52910625894406,0.0
87.0,285.5,2.0,0.0,0.0,74.5,14.9,2.0,0.0,2.0,21.5,0.0
2.0,161.0,1.0,0.0,0.0,0.0,34.3,2.0,0.0,0.0,0.0,0.0
122.0,216.0,1.0,0.0,0.0,74.0,14.0,2.0,0.0,1.0,0.0,0.0
106.0,266.0,1.0,0.0,0.0,89.0,15.5,2.0,0.0,1.0,0.0,0.0
110.0,429.0,1.0,0.0,0.0,79.0,28.1,2.0,0.0,1.0,0.0,0.0
24.5,346.5,2.0,0.0,0.0,14.5,21.35,2.0,0.0,1.5,14.5,0.0
63.0,325.0,1.0,0.0,0.0,51.0,21.7,2.0,0.0,2.0,0.0,0.0
98.0,215.0,1.0,0.0,0.0,79.0,18.2,2.0,0.0,3.0,0.0,0.0
11.0,284.0,1.0,0.0,1.0,0.0,37.3,2.0,0.0,3.0,0.0,0.0
73.0,442.5,2.0,0.0,0.0,60.5,21.200000000000003,2.0,0.0,1.0,11.5,0.0
76.66666666666667,224.33333333333334,3.0,0.0,0.0,65.66666666666667,19.833333333333332,2.0,0.0,2.0,47.541794478355804,0.0
131.0,323.0,1.0,0.0,0.0,113.0,32.4,2.0,0.0,1.0,0.0,0.0
63.0,510.0,1.0,0.0,0.0,58.0,19.1,2.0,0.0,1.0,0.0,0.0
9.0,428.0,1.0,0.0,0.0,0.0,16.8,2.0,0.0,1.0,0.0,0.0
11.5,223.5,2.0,0.0,1.0,0.0,20.4,2.0,0.0,2.0,0.0,0.0
77.0,450.0,1.0,0.0,0.0,49.0,26.2,2.0,0.0,1.0,0.0,0.0
100.0,302.0,1.0,0.0,0.0,89.0,11.2,2.0,0.0,1.0,0.0,0.0
60.0,305.0,1.0,0.0,0.0,36.0,10.4,2.0,0.0,1.0,0.0,0.0
130.0,409.0,1.0,0.0,0.0,86.0,29.8,2.0,0.0,1.0,0.0,0.0
122.0,257.0,1.0,0.0,0.0,104.0,17.0,2.0,0.0,1.0,0.0,0.0
123.0,294.0,2.0,0.0,0.0,95.0,18.549999999999997,2.0,0.0,2.0,11.0,0.0
13.0,85.0,1.0,0.0,0.0,0.0,16.1,2.0,0.0,1.0,0.0,0.0
12.0,491.0,1.0,0.0,0.0,0.0,25.2,2.0,0.0,1.0,0.0,0.0
140.0,298.0,1.0,0.0,0.0,102.0,32.4,2.0,0.0,1.0,0.0,0.0
47.0,463.0,1.0,0.0,0.0,24.0,17.6,2.0,0.0,1.0,0.0,0.0
78.0,252.5,2.0,0.0,0.0,51.0,25.0,2.0,0.0,0.5,51.0,0.0
109.0,402.0,1.0,0.0,0.0,79.0,26.0,2.0,0.0,1.0,0.0,0.0
48.0,124.0,1.0,0.0,0.0,28.0,38.4,2.0,0.0,1.0,0.0,0.0
16.0,419.0,1.0,0.0,0.0,0.0,31.6,2.0,0.0,0.0,0.0,0.0
53.5,256.0,2.0,0.0,0.0,51.0,30.15,2.0,0.0,1.0,32.0,0.0
92.0,162.0,1.0,0.0,0.0,84.0,31.0,2.0,0.0,3.0,0.0,0.0
140.0,94.0,1.0,0.0,0.0,125.0,20.2,2.0,0.0,1.0,0.0,0.0
133.0,169.0,1.0,0.0,0.0,105.0,30.9,2.0,0.0,1.0,0.0,0.0
95.0,479.0,1.0,0.0,0.0,72.0,20.9,2.0,0.0,1.0,0.0,0.0
106.0,493.0,1.0,0.0,0.0,102.0,27.0,2.0,0.0,1.0,0.0,0.0
127.0,163.0,1.0,0.0,0.0,102.0,16.8,2.0,0.0,1.0,0.0,0.0
54.0,87.0,1.0,0.0,0.0,53.0,27.9,2.0,0.0,3.0,0.0,0.0
107.5,290.5,2.0,0.0,0.0,80.0,26.15,2.0,0.0,2.0,30.0,0.0
101.0,416.0,1.0,0.0,0.0,55.0,12.7,2.0,0.0,1.0,0.0,0.0
34.5,273.5,2.0,0.0,1.0,17.5,28.0,2.0,0.0,3.0,17.5,0.0
39.0,179.0,1.0,0.0,0.0,31.0,10.3,2.0,0.0,3.0,0.0,0.0
68.33333333333333,155.66666666666666,3.0,0.0,1.0,44.333333333333336,24.933333333333334,2.0,0.0,2.0,32.72443871006635,0.0
111.0,320.0,1.0,0.0,0.0,107.0,24.6,2.0,0.0,1.0,0.0,0.0
73.0,178.0,1.0,0.0,0.0,46.0,33.5,2.0,0.0,1.0,0.0,0.0
2.0,225.0,1.0,0.0,1.0,0.0,25.4,2.0,0.0,3.0,0.0,0.0
42.5,228.5,2.0,0.0,0.0,23.0,16.1,2.0,0.0,1.0,23.0,0.0
128.0,226.0,1.0,0.0,0.0,97.0,17.2,2.0,0.0,1.0,0.0,0.0
67.0,98.0,1.0,0.0,0.0,36.0,28.8,2.0,0.0,1.0,0.0,0.0
128.0,101.0,1.0,0.0,0.0,93.0,32.1,2.0,0.0,3.0,0.0,0.0
68.5,279.5,2.0,0.0,0.0,57.0,16.3,2.0,0.0,1.0,57.0,0.0
96.0,298.5,2.0,0.0,0.0,68.0,20.450000000000003,3.0,1.0,2.0,38.0,0.0
35.0,321.0,2.0,0.0,0.0,13.0,26.6,2.0,0.0,1.0,13.0,0.0
47.0,431.0,3.0,0.0,0.0,30.0,17.2,2.0,0.0,1.0,42.42640687119285,0.0
42.0,209.5,2.0,0.0,1.0,26.0,27.1,2.0,0.0,2.0,26.0,0.0
85.0,273.0,2.0,0.0,0.0,55.5,21.9,2.0,0.0,2.0,5.5,0.0
68.0,497.0,1.0,0.0,0.0,53.0,30.6,4.0,1.0,1.0,0.0,0.0
18.0,237.0,1.0,0.0,0.0,0.0,12.7,2.0,0.0,0.0,0.0,0.0
54.0,279.0,1.0,0.0,0.0,34.0,14.4,2.0,0.0,1.0,0.0,0.0
4.0,493.0,1.0,0.0,1.0,0.0,29.0,2.0,0.0,3.0,0.0,0.0
107.0,395.0,2.0,0.0,0.0,86.0,20.7,2.0,0.0,1.0,2.0,0.0
74.0,346.0,1.0,0.0,0.0,53.0,34.4,2.0,0.0,3.0,0.0,0.0
115.0,466.0,1.0,0.0,0.0,84.0,29.3,2.0,0.0,1.0,0.0,0.0
68.0,268.75,4.0,0.0,0.0,50.25,25.025,2.0,0.0,1.5,39.99609355924651,0.0
14.0,401.0,1.0,0.0,0.0,0.0,12.7,2.0,0.0,1.0,0.0,0.0
100.0,362.0,1.0,0.0,0.0,71.0,23.9,2.0,0.0,1.0,0.0,0.0
131.0,252.0,1.0,0.0,0.0,92.0,31.3,2.0,0.0,1.0,0.0,0.0
120.0,446.0,1.0,0.0,0.0,84.0,28.8,2.0,0.0,3.0,0.0,0.0
76.0,152.0,1.0,0.0,0.0,55.0,11.2,2.0,0.0,1.0,0.0,0.0
100.0,405.0,1.0,0.0,0.0,66.0,16.3,2.0,0.0,1.0,0.0,0.0
107.0,255.0,2.0,0.0,0.0,95.5,30.200000000000003,2.0,0.0,1.0,27.5,0.0
7.5,422.5,2.0,0.0,0.0,0.0,26.4,2.0,0.0,1.0,0.0,0.0
37.5,417.0,2.0,0.0,0.0,22.0,22.1,2.0,0.0,2.0,22.0,0.0
5.0,318.0,1.0,0.0,0.0,0.0,28.2,2.0,0.0,1.0,0.0,0.0
118.33333333333333,192.0,3.0,0.0,0.0,78.0,20.833333333333332,2.0,0.0,1.0,26.770630673681683,0.0
108.0,107.0,1.0,0.0,0.0,104.0,33.3,2.0,0.0,1.0,0.0,0.0
94.5,308.5,2.0,0.0,0.0,72.5,23.3,2.0,0.0,1.0,29.5,0.0
141.0,376.0,1.0,0.0,0.0,113.0,20.4,2.0,0.0,1.0,0.0,0.0
53.0,194.0,1.0,0.0,0.0,47.0,18.8,2.0,0.0,1.0,0.0,0.0
3.0,166.0,1.0,0.0,1.0,0.0,30.2,2.0,0.0,3.0,0.0,0.0
59.5,318.0,2.0,0.0,0.0,39.0,32.3,2.0,0.0,1.0,7.0,0.0
88.5,420.0,2.0,0.0,0.0,65.0,24.95,2.0,0.0,1.0,7.0,0.0
119.5,328.5,2.0,0.0,0.0,92.0,22.75,2.0,0.0,1.5,24.0,0.0
135.0,96.0,1.0,0.0,0.0,113.0,23.3,2.0,0.0,1.0,0.0,0.0
67.0,312.0,2.0,0.0,0.0,39.0,19.549999999999997,2.0,0.0,2.0,3.0,0.0
110.0,217.0,1.0,0.0,0.0,82.0,24.3,2.0,0.0,1.0,0.0,0.0
126.0,313.0,1.0,0.0,0.0,93.0,21.5,2.0,0.0,3.0,0.0,0.0
91.0,309.0,1.0,0.0,0.0,87.0,30.9,2.0,0.0,1.0,0.0,0.0
60.0,240.0,1.0,0.0,0.0,21.0,13.2,2.0,0.0,1.0,0.0,0.0
2.0,371.0,1.0,0.0,1.0,0.0,23.1,2.0,0.0,3.0,0.0,0.0
119.5,306.5,2.0,0.0,0.0,85.5,21.55,2.0,0.0,1.0,15.5,0.0
117.5,223.0,2.0,0.0,0.0,85.0,27.5,2.0,0.0,2.0,32.0,0.0
98.0,347.0,2.0,0.0,0.0,80.0,20.7,2.0,0.0,1.0,16.0,0.0
111.0,97.0,1.0,0.0,0.0,88.0,17.0,2.0,0.0,3.0,0.0,0.0
119.0,177.0,1.0,0.0,0.0,73.0,18.2,2.0,0.0,1.0,0.0,0.0
37.5,278.5,2.0,0.0,0.0,14.0,19.4,2.0,0.0,0.5,14.0,0.0
108.0,210.0,1.0,0.0,0.0,57.0,21.0,2.0,0.0,1.0,0.0,0.0
68.5,276.0,2.0,0.0,0.0,38.5,23.1,2.0,0.0,2.0,38.5,0.0
47.5,364.0,2.0,0.0,0.0,20.0,22.85,2.0,0.0,1.0,20.0,0.0
91.33333333333333,204.66666666666666,3.0,0.0,0.0,62.333333333333336,24.3,2.0,0.0,2.0,15.195028426721974,0.0
69.0,331.0,1.0,0.0,0.0,47.0,24.7,2.0,0.0,1.0,0.0,0.0
105.0,178.0,1.0,0.0,0.0,66.0,12.4,2.0,0.0,1.0,0.0,0.0
8.0,65.0,1.0,0.0,1.0,0.0,10.4,2.0,0.0,3.0,0.0,0.0
42.0,490.0,2.0,0.0,0.0,34.5,17.5,2.0,0.0,1.0,34.5,0.0
43.0,278.5,2.0,0.0,0.0,22.0,25.0,2.0,0.0,2.5,4.0,0.0
39.0,326.5,2.0,0.0,1.0,33.0,17.8,2.0,0.0,2.0,33.0,0.0
14.0,258.0,1.0,0.0,0.0,0.0,29.5,4.0,1.0,1.0,0.0,0.0
116.0,72.0,1.0,0.0,0.0,104.0,11.2,2.0,0.0,1.0,0.0,0.0
19.0,467.0,1.0,0.0,1.0,0.0,22.6,2.0,0.0,3.0,0.0,0.0
118.0,269.0,1.0,0.0,0.0,116.0,25.0,2.0,0.0,1.0,0.0,0.0
125.0,317.0,1.0,0.0,0.0,112.0,18.7,2.0,0.0,1.0,0.0,0.0
32.0,171.0,1.0,0.0,0.0,29.0,22.7,2.0,0.0,3.0,0.0,0.0
127.0,181.0,1.0,0.0,0.0,94.0,11.1,2.0,0.0,1.0,0.0,0.0
97.0,273.0,1.0,0.0,0.0,69.0,16.2,2.0,0.0,1.0,0.0,0.0
60.0,266.0,1.0,0.0,0.0,42.0,17.4,2.0,0.0,1.0,0.0,0.0
15.0,387.0,1.0,0.0,1.0,0.0,21.8,2.0,0.0,3.0,0.0,0.0
68.5,180.0,2.0,0.0,0.0,55.0,17.6,2.0,0.0,1.0,20.0,0.0
142.0,198.0,1.0,0.0,0.0,124.0,18.2,2.0,0.0,3.0,0.0,0.0
33.0,195.0,1.0,0.0,0.0,29.0,32.7,2.0,0.0,1.0,0.0,0.0
65.5,290.0,2.0,0.0,0.0,46.5,17.45,2.0,0.0,1.5,46.5,0.0
13.0,126.0,1.0,0.0,0.0,0.0,35.2,2.0,0.0,1.0,0.0,0.0
19.0,252.0,1.0,0.0,0.0,0.0,10.7,2.0,0.0,0.0,0.0,0.0
82.0,141.0,1.0,0.0,0.0,59.0,26.6,2.0,0.0,2.0,0.0,0.0
87.0,145.0,1.0,0.0,0.0,72.0,12.8,2.0,0.0,1.0,0.0,0.0
14.0,361.0,1.0,0.0,1.0,0.0,34.3,2.0,0.0,3.0,0.0,0.0
17.0,467.0,1.0,0.0,1.0,0.0,25.2,2.0,0.0,3.0,0.0,0.0
87.0,415.0,1.0,0.0,0.0,58.0,30.4,2.0,0.0,1.0,0.0,0.0
98.0,311.0,1.0,0.0,0.0,75.0,17.2,2.0,0.0,2.0,0.0,0.0
103.0,471.0,1.0,0.0,0.0,108.0,11.3,2.0,0.0,1.0,0.0,0.0
35.0,339.0,1.0,0.0,0.0,24.0,21.4,2.0,0.0,1.0,0.0,0.0
174.0,460.0,1.0,0.0,0.0,132.0,28.0,2.0,0.0,1.0,0.0,0.0
49.5,291.5,2.0,0.0,0.0,40.0,20.1,2.0,0.0,1.0,40.0,0.0
109.0,274.0,1.0,0.0,0.0,102.0,28.8,2.0,0.0,1.0,0.0,0.0
144.0,496.0,1.0,0.0,0.0,105.0,10.6,2.0,0.0,3.0,0.0,0.0
62.333333333333336,326.3333333333333,3.0,0.0,0.0,41.666666666666664,18.933333333333334,2.0,0.0,1.3333333333333333,30.09245014211298,0.0
99.0,85.0,1.0,0.0,0.0,71.0,10.9,2.0,0.0,1.0,0.0,0.0
87.0,304.6666666666667,3.0,0.0,0.0,55.666666666666664,22.400000000000002,2.0,0.0,1.6666666666666667,23.697163449568293,0.0
69.66666666666667,206.66666666666666,3.0,0.0,1.0,58.666666666666664,28.633333333333336,2.0,0.0,1.6666666666666667,41.61196409153929,0.0
47.5,438.5,2.0,0.0,1.0,32.0,28.45,2.0,0.0,2.0,32.0,0.0
94.5,256.0,2.0,0.0,0.0,59.0,18.9,2.0,0.0,2.0,11.0,0.0
127.0,120.0,1.0,0.0,0.0,105.0,20.6,2.0,0.0,1.0,0.0,0.0
66.0,268.0,1.0,0.0,0.0,42.0,16.2,2.0,0.0,1.0,0.0,0.0
78.0,108.0,1.0,0.0,0.0,60.0,15.3,2.0,0.0,1.0,0.0,0.0
14.0,309.0,1.0,0.0,0.0,0.0,19.5,2.0,0.0,1.0,0.0,0.0
13.0,289.0,1.0,0.0,1.0,0.0,10.6,2.0,0.0,3.0,0.0,0.0
8.0,269.0,1.0,0.0,0.0,0.0,21.8,2.0,0.0,1.0,0.0,0.0
11.0,123.0,1.0,0.0,0.0,0.0,29.7,2.0,0.0,1.0,0.0,0.0
100.0,331.5,2.0,0.0,0.0,94.5,22.85,2.0,0.0,2.0,4.5,0.0
13.5,279.5,2.0,0.0,1.0,0.0,23.2,2.0,0.0,1.5,0.0,0.0
16.0,79.0,1.0,0.0,0.0,0.0,20.8,2.0,0.0,1.0,0.0,0.0
128.5,332.0,2.0,0.0,0.0,90.0,27.45,3.0,1.0,2.0,23.0,0.0
110.0,219.0,1.0,0.0,0.0,106.0,17.0,2.0,0.0,3.0,0.0,0.0
16.0,128.0,1.0,0.0,1.0,0.0,14.2,2.0,0.0,3.0,0.0,0.0
5.0,114.0,1.0,0.0,0.0,0.0,20.3,2.0,0.0,0.0,0.0,0.0
5.0,230.0,1.0,0.0,1.0,0.0,29.8,2.0,0.0,3.0,0.0,0.0
98.0,391.0,1.0,0.0,0.0,75.0,23.3,2.0,0.0,1.0,0.0,0.0
95.5,446.0,2.0,0.0,0.0,79.5,16.75,2.0,0.0,1.0,15.5,0.0
3.0,285.0,1.0,0.0,0.0,0.0,30.2,2.0,0.0,1.0,0.0,0.0
68.0,335.0,1.0,0.0,0.0,53.0,17.8,2.0,0.0,1.0,0.0,0.0
3.0,110.0,1.0,0.0,0.0,0.0,28.7,2.0,0.0,1.0,0.0,0.0
43.5,363.5,2.0,0.0,0.0,36.5,24.4,2.0,0.0,0.5,36.5,0.0
125.0,354.5,2.0,0.0,0.0,95.5,16.15,2.0,0.0,1.0,28.5,0.0
108.0,318.0,1.0,0.0,0.0,106.0,13.8,2.0,0.0,3.0,0.0,0.0
100.5,382.5,2.0,0.0,0.0,87.0,14.200000000000001,3.0,1.0,1.0,48.0,0.0
136.0,324.0,2.0,0.0,0.0,100.0,18.55,2.0,0.0,2.0,1.0,0.0
76.0,323.5,2.0,0.0,0.0,64.0,29.35,2.0,0.0,1.0,20.0,0.0
3.0,332.0,1.0,0.0,0.0,0.0,22.6,2.0,0.0,1.0,0.0,0.0
27.5,368.0,2.0,0.0,0.0,10.5,16.0,2.0,0.0,2.0,10.5,0.0
80.0,358.0,1.0,0.0,0.0,52.0,18.1,2.0,0.0,3.0,0.0,0.0
95.0,364.3333333333333,3.0,0.0,0.0,79.0,15.933333333333332,2.0,0.0,1.0,31.822423959633664,0.0
140.0,353.0,1.0,0.0,0.0,106.0,12.3,2.0,0.0,1.0,0.0,0.0
116.5,122.0,2.0,0.0,0.0,92.0,29.35,2.0,0.0,2.0,14.0,0.0
134.5,226.5,2.0,0.0,0.0,91.5,23.549999999999997,2.0,0.0,1.0,5.5,0.0
66.0,294.5,2.0,0.0,0.0,47.5,26.0,2.0,0.0,1.0,24.5,0.0
3.0,113.0,1.0,0.0,0.0,0.0,19.4,2.0,0.0,1.0,0.0,0.0
81.5,316.5,2.0,0.0,0.0,58.0,22.65,2.0,0.0,1.5,58.0,0.0
54.5,276.5,2.0,0.0,1.0,46.5,25.200000000000003,2.0,0.0,2.0,46.5,0.0
82.0,429.0,1.0,0.0,0.0,70.0,23.8,2.0,0.0,3.0,0.0,0.0
38.5,233.5,2.0,0.0,0.0,15.0,23.95,3.0,1.0,2.0,15.0,0.0
27.5,270.5,2.0,0.0,0.0,12.5,20.9,2.0,0.0,2.0,12.5,0.0
119.0,94.0,1.0,0.0,0.0,95.0,16.2,2.0,0.0,1.0,0.0,0.0
93.0,422.0,1.0,0.0,0.0,55.0,20.6,2.0,0.0,2.0,0.0,0.0
5.0,158.0,1.0,0.0,0.0,0.0,28.3,2.0,0.0,0.0,0.0,0.0
22.0,463.0,1.0,0.0,0.0,0.0,29.6,2.0,0.0,1.0,0.0,0.0
117.0,260.0,1.0,0.0,0.0,67.0,29.6,2.0,0.0,1.0,0.0,0.0
104.5,341.5,2.0,0.0,0.0,78.5,28.15,2.0,0.0,2.0,2.5,0.0
61.0,228.0,1.0,0.0,0.0,49.0,12.7,2.0,0.0,1.0,0.0,0.0
80.0,147.0,1.0,0.0,0.0,71.0,27.0,2.0,0.0,1.0,0.0,0.0
96.5,368.5,2.0,0.0,0.0,62.5,28.5,2.0,0.0,2.0,1.5,0.0
85.5,323.0,2.0,0.0,0.0,52.0,30.95,2.0,0.0,2.0,31.0,0.0
75.0,131.0,1.0,0.0,0.0,64.0,16.6,2.0,0.0,3.0,0.0,0.0
87.0,171.0,1.0,0.0,0.0,55.0,12.5,2.0,0.0,1.0,0.0,0.0
92.0,439.0,1.0,0.0,0.0,75.0,19.3,2.0,0.0,1.0,0.0,0.0
142.0,440.0,1.0,0.0,0.0,89.0,17.0,2.0,0.0,1.0,0.0,0.0
84.0,293.5,2.0,0.0,0.0,71.5,22.15,2.0,0.0,1.0,17.5,0.0
33.5,323.0,2.0,0.0,0.0,21.0,24.15,2.0,0.0,2.0,21.0,0.0
61.0,374.0,1.0,0.0,0.0,31.0,10.8,2.0,0.0,2.0,0.0,0.0
20.0,164.0,1.0,0.0,0.0,0.0,13.4,2.0,0.0,1.0,0.0,0.0
37.0,127.5,2.0,0.0,0.0,23.0,28.349999999999998,2.0,0.0,0.5,23.0,0.0
72.0,299.6666666666667,3.0,0.0,0.0,42.333333333333336,23.633333333333336,2.0,0.0,1.6666666666666667,6.79869268479038,0.0
112.0,380.0,1.0,0.0,0.0,94.0,27.5,2.0,0.0,1.0,0.0,0.0
88.0,365.0,1.0,0.0,0.0,51.0,34.0,2.0,0.0,1.0,0.0,0.0
82.0,309.0,1.0,0.0,0.0,48.0,34.8,2.0,0.0,2.0,0.0,0.0
29.0,199.0,1.0,0.0,0.0,27.0,29.2,2.0,0.0,1.0,0.0,0.0
130.0,156.0,1.0,0.0,0.0,88.0,18.9,2.0,0.0,1.0,0.0,0.0
37.5,295.0,2.0,0.0,0.0,28.5,24.15,2.0,0.0,1.0,1.5,0.0
70.0,226.0,2.0,0.0,0.0,52.5,32.55,2.0,0.0,2.0,33.5,0.0
21.0,114.0,1.0,0.0,0.0,0.0,21.4,2.0,0.0,1.0,0.0,0.0
64.0,103.0,1.0,0.0,0.0,40.0,32.6,2.0,0.0,1.0,0.0,0.0
60.0,329.6666666666667,3.0,0.0,1.0,49.333333333333336,20.7,2.0,0.0,2.3333333333333335,38.177945931591914,0.0
137.0,473.0,1.0,0.0,0.0,109.0,22.4,2.0,0.0,1.0,0.0,0.0
156.0,463.0,1.0,0.0,0.0,123.0,30.7,2.0,0.0,1.0,0.0,0.0
66.0,259.0,1.0,0.0,0.0,25.0,37.8,2.0,0.0,1.0,0.0,0.0
17.0,456.0,1.0,0.0,1.0,0.0,11.0,2.0,0.0,3.0,0.0,0.0
56.0,133.0,2.0,0.0,1.0,37.0,19.15,2.0,0.0,2.0,37.0,0.0
10.0,280.5,2.0,0.0,0.0,0.0,20.7,2.0,0.0,1.0,0.0,0.0
114.5,394.0,2.0,0.0,0.0,83.5,16.1,2.0,0.0,2.0,47.5,0.0
146.0,242.0,1.0,0.0,0.0,112.0,10.1,2.0,0.0,3.0,0.0,0.0
92.0,382.0,1.0,0.0,0.0,76.0,38.7,2.0,0.0,2.0,0.0,0.0
100.0,240.0,1.0,0.0,0.0,82.0,28.8,2.0,0.0,1.0,0.0,0.0
155.0,407.0,1.0,0.0,0.0,117.0,9.4,2.0,0.0,1.0,0.0,0.0
114.0,485.0,1.0,0.0,0.0,113.0,29.7,2.0,0.0,1.0,0.0,0.0
119.0,236.0,1.0,0.0,0.0,115.0,13.3,2.0,0.0,1.0,0.0,0.0
97.0,341.0,1.0,0.0,0.0,81.0,30.0,2.0,0.0,3.0,0.0,0.0
45.0,478.0,1.0,0.0,0.0,30.0,29.4,2.0,0.0,1.0,0.0,0.0
108.0,377.0,1.0,0.0,0.0,67.0,29.8,2.0,0.0,1.0,0.0,0.0
72.0,392.5,2.0,0.0,0.0,48.0,19.2,2.0,0.0,0.5,48.0,0.0
54.0,244.5,2.0,0.0,1.0,33.0,28.5,2.0,0.0,2.0,33.0,0.0
63.0,304.0,1.0,0.0,0.0,56.0,16.0,2.0,0.0,1.0,0.0,0.0
92.0,289.0,2.0,0.0,0.0,65.0,12.25,2.0,0.0,1.0,43.0,0.0
92.5,379.5,2.0,0.0,0.0,57.5,29.45,2.0,0.0,2.0,21.5,0.0
13.0,156.0,1.0,0.0,0.0,0.0,26.3,2.0,0.0,1.0,0.0,0.0
70.0,221.0,2.0,0.0,0.0,43.0,16.65,2.0,0.0,3.0,16.0,0.0
127.0,474.0,1.0,0.0,0.0,87.0,27.8,2.0,0.0,2.0,0.0,0.0
124.0,334.5,2.0,0.0,0.0,115.0,19.8,2.0,0.0,2.0,2.0,0.0
67.0,376.0,1.0,0.0,0.0,52.0,18.0,2.0,0.0,3.0,0.0,0.0
3.0,346.0,1.0,0.0,1.0,0.0,24.1,2.0,0.0,3.0,0.0,0.0
124.0,117.0,1.0,0.0,0.0,107.0,18.1,2.0,0.0,1.0,0.0,0.0
49.0,282.0,1.0,0.0,0.0,45.0,16.2,2.0,0.0,3.0,0.0,0.0
96.0,233.5,2.0,0.0,0.0,59.5,14.75,3.0,1.0,2.0,17.5,0.0
62.0,134.0,1.0,0.0,0.0,30.0,25.3,4.0,1.0,1.0,0.0,0.0
83.0,352.5,2.0,0.0,0.0,67.5,19.55,2.0,0.0,1.5,21.5,0.0
133.0,223.0,1.0,0.0,0.0,104.0,22.9,2.0,0.0,1.0,0.0,0.0
91.0,410.0,1.0,0.0,0.0,76.0,17.8,2.0,0.0,1.0,0.0,0.0
50.0,349.0,1.0,0.0,0.0,29.0,28.1,2.0,0.0,1.0,0.0,0.0
90.5,358.5,2.0,0.0,0.0,64.5,13.95,2.0,0.0,1.0,15.5,0.0
108.0,389.0,1.0,0.0,0.0,107.0,23.0,2.0,0.0,1.0,0.0,0.0
100.0,184.0,1.0,0.0,0.0,89.0,11.1,2.0,0.0,3.0,0.0,0.0
113.0,368.0,1.0,0.0,0.0,94.0,14.1,2.0,0.0,1.0,0.0,0.0
112.0,273.0,1.0,0.0,0.0,73.0,29.8,2.0,0.0,1.0,0.0,0.0
42.333333333333336,340.6666666666667,3.0,0.0,1.0,28.0,22.066666666666666,2.0,0.0,2.3333333333333335,24.657656011875904,0.0
104.0,120.0,2.0,0.0,0.0,62.5,30.25,2.0,0.0,1.0,29.5,0.0
124.0,288.0,1.0,0.0,0.0,106.0,18.4,2.0,0.0,3.0,0.0,0.0
16.0,134.0,1.0,0.0,0.0,0.0,21.9,2.0,0.0,1.0,0.0,0.0
105.5,206.5,2.0,0.0,0.0,73.0,26.6,2.0,0.0,1.0,9.0,0.0
102.0,138.0,1.0,0.0,0.0,68.0,23.9,2.0,0.0,1.0,0.0,0.0
51.0,179.5,2.0,0.0,0.0,36.0,35.15,2.0,0.0,0.5,36.0,0.0
133.0,130.0,1.0,0.0,0.0,96.0,35.1,2.0,0.0,3.0,0.0,0.0
59.0,341.5,2.0,0.0,0.0,51.0,14.85,2.0,0.0,1.0,13.0,0.0
120.0,352.0,1.0,0.0,0.0,123.0,27.5,2.0,0.0,1.0,0.0,0.0
84.5,378.5,2.0,0.0,0.0,58.0,24.7,2.0,0.0,0.5,58.0,0.0
80.0,273.0,1.0,0.0,0.0,71.0,8.8,2.0,0.0,1.0,0.0,0.0
13.0,269.5,2.0,0.0,1.0,0.0,24.849999999999998,2.0,0.0,2.0,0.0,0.0
103.0,64.0,1.0,0.0,0.0,54.0,24.1,2.0,0.0,1.0,0.0,0.0
72.0,257.0,1.0,0.0,0.0,58.0,19.1,2.0,0.0,1.0,0.0,0.0
138.0,276.0,1.0,0.0,0.0,112.0,17.7,2.0,0.0,1.0,0.0,0.0
8.0,381.0,1.0,0.0,1.0,0.0,27.7,4.0,1.0,3.0,0.0,0.0
45.0,436.0,2.0,0.0,0.0,20.0,25.7,2.0,0.0,1.0,20.0,0.0
91.5,103.5,2.0,0.0,0.0,60.0,30.75,2.0,0.0,1.5,5.0,0.0
67.0,271.0,1.0,0.0,0.0,48.0,21.0,2.0,0.0,1.0,0.0,0.0
129.0,147.0,1.0,0.0,0.0,116.0,24.6,2.0,0.0,1.0,0.0,0.0
42.0,322.5,2.0,0.0,0.0,16.0,13.95,2.0,0.0,1.0,16.0,0.0
22.0,338.6666666666667,3.0,0.0,1.0,7.666666666666667,28.26666666666667,2.0,0.0,1.6666666666666667,10.842303978193728,0.0
74.5,271.5,2.0,0.0,0.0,51.0,26.5,2.0,0.0,1.0,15.0,0.0
67.0,233.0,1.0,0.0,0.0,54.0,15.0,2.0,0.0,1.0,0.0,0.0
92.0,332.0,2.0,0.0,0.0,58.0,22.9,2.0,0.0,1.0,15.0,0.0
83.0,339.0,1.0,0.0,0.0,82.0,19.7,2.0,0.0,3.0,0.0,0.0
116.0,367.0,1.0,0.0,0.0,109.0,32.8,2.0,0.0,3.0,0.0,0.0
88.0,456.0,1.0,0.0,0.0,87.0,20.0,2.0,0.0,1.0,0.0,0.0
141.0,91.0,1.0,0.0,0.0,110.0,29.6,2.0,0.0,1.0,0.0,0.0
41.0,236.0,1.0,0.0,0.0,17.0,9.7,2.0,0.0,1.0,0.0,0.0
16.0,423.0,1.0,0.0,0.0,0.0,33.4,2.0,0.0,1.0,0.0,0.0
60.0,461.0,1.0,0.0,0.0,55.0,28.6,2.0,0.0,1.0,0.0,0.0
33.0,508.0,1.0,0.0,0.0,29.0,23.2,2.0,0.0,1.0,0.0,0.0
131.0,275.0,1.0,0.0,0.0,93.0,9.8,4.0,1.0,1.0,0.0,0.0
128.0,73.0,1.0,0.0,0.0,95.0,23.5,2.0,0.0,1.0,0.0,0.0
120.0,266.0,2.0,0.0,0.0,79.0,29.15,2.0,0.0,1.0,23.0,0.0
56.0,284.75,4.0,0.0,1.0,38.0,25.65,2.0,0.0,1.5,28.939592256975562,0.0
73.0,224.5,2.0,0.0,1.0,40.5,23.55,2.0,0.0,2.0,40.5,0.0
10.5,470.0,2.0,0.0,0.0,0.0,26.35,2.0,0.0,0.0,0.0,0.0
96.0,379.0,1.0,0.0,0.0,55.0,25.5,2.0,0.0,1.0,0.0,0.0
3.0,74.0,1.0,0.0,0.0,0.0,18.8,2.0,0.0,1.0,0.0,0.0
4.0,509.0,1.0,0.0,0.0,0.0,28.8,2.0,0.0,1.0,0.0,0.0
34.5,211.0,2.0,0.0,1.0,25.0,14.299999999999999,2.0,0.0,2.0,25.0,0.0
118.0,111.0,1.0,0.0,0.0,69.0,21.6,2.0,0.0,3.0,0.0,0.0
180.0,499.0,1.0,0.0,0.0,123.0,14.6,2.0,0.0,1.0,0.0,0.0
68.5,239.5,2.0,0.0,0.0,48.0,28.4,2.0,0.0,1.0,48.0,0.0
16.0,376.0,1.0,0.0,0.0,0.0,32.9,2.0,0.0,0.0,0.0,0.0
21.0,421.0,1.0,0.0,0.0,0.0,28.5,2.0,0.0,1.0,0.0,0.0
97.0,283.0,2.0,0.0,0.0,73.5,28.9,2.0,0.0,1.0,22.5,0.0
16.0,377.0,1.0,0.0,1.0,0.0,23.9,2.0,0.0,3.0,0.0,0.0
78.0,359.0,1.0,0.0,0.0,42.0,29.5,2.0,0.0,1.0,0.0,0.0
84.5,200.0,2.0,0.0,0.0,59.0,26.75,3.0,1.0,1.0,31.0,0.0
83.5,255.5,2.0,0.0,0.0,61.0,24.4,2.0,0.0,1.0,31.0,0.0
62.5,277.5,2.0,0.0,0.0,44.0,28.0,2.0,0.0,1.0,44.0,0.0
100.0,86.0,1.0,0.0,0.0,100.0,26.4,2.0,0.0,1.0,0.0,0.0
6.0,379.0,1.0,0.0,0.0,0.0,20.3,2.0,0.0,1.0,0.0,0.0
9.0,471.0,1.0,0.0,1.0,0.0,27.4,2.0,0.0,3.0,0.0,0.0
31.0,454.0,1.0,0.0,0.0,24.0,21.8,2.0,0.0,1.0,0.0,0.0
50.0,325.0,1.0,0.0,0.0,24.0,23.9,2.0,0.0,2.0,0.0,0.0
76.0,494.0,1.0,0.0,0.0,35.0,33.4,2.0,0.0,1.0,0.0,0.0
42.0,393.0,2.0,0.0,0.0,25.0,12.05,2.0,0.0,2.0,25.0,0.0
104.0,331.0,2.0,0.0,0.0,68.0,19.4,2.0,0.0,1.0,32.0,0.0
99.0,261.0,1.0,0.0,0.0,65.0,18.7,2.0,0.0,1.0,0.0,0.0
124.0,293.0,1.0,0.0,0.0,115.0,25.9,2.0,0.0,1.0,0.0,0.0
2.0,336.0,1.0,0.0,1.0,0.0,15.4,2.0,0.0,3.0,0.0,0.0
46.5,279.0,2.0,0.0,1.0,39.5,14.45,2.0,0.0,2.0,39.5,0.0
82.0,299.5,2.0,0.0,0.0,60.5,15.2,2.0,0.0,1.0,20.5,0.0
112.0,169.0,1.0,0.0,0.0,85.0,15.1,4.0,1.0,1.0,0.0,0.0
11.0,167.0,1.0,0.0,0.0,0.0,21.0,2.0,0.0,1.0,0.0,0.0
56.0,352.0,1.0,0.0,0.0,27.0,29.4,2.0,0.0,1.0,0.0,0.0
2.0,511.0,1.0,0.0,1.0,0.0,14.3,2.0,0.0,3.0,0.0,0.0
124.0,262.0,1.0,0.0,0.0,100.0,13.2,2.0,0.0,1.0,0.0,0.0
115.0,117.0,1.0,0.0,0.0,109.0,29.5,2.0,0.0,3.0,0.0,0.0
122.0,444.0,1.0,0.0,0.0,106.0,23.3,2.0,0.0,1.0,0.0,0.0
128.5,179.5,2.0,0.0,0.0,89.5,24.35,2.0,0.0,1.0,12.5,0.0
5.0,466.0,1.0,0.0,1.0,0.0,31.1,2.0,0.0,3.0,0.0,0.0
10.0,216.0,2.0,0.0,0.0,0.0,18.700000000000003,2.0,0.0,1.0,0.0,0.0
50.0,194.0,1.0,0.0,0.0,41.0,18.4,2.0,0.0,1.0,0.0,0.0
5.0,229.0,1.0,0.0,0.0,0.0,28.8,2.0,0.0,1.0,0.0,0.0
109.5,292.5,2.0,0.0,0.0,78.5,15.55,2.0,0.0,2.0,5.5,0.0
19.0,294.0,1.0,0.0,1.0,0.0,33.3,2.0,0.0,3.0,0.0,0.0
118.5,209.5,2.0,0.0,0.0,101.5,14.85,2.0,0.0,2.0,18.5,0.0
87.0,380.0,1.0,0.0,0.0,91.0,14.0,2.0,0.0,1.0,0.0,0.0
51.0,348.0,1.0,0.0,0.0,45.0,12.4,2.0,0.0,1.0,0.0,0.0
83.0,462.0,1.0,0.0,0.0,74.0,29.3,2.0,0.0,1.0,0.0,0.0
78.33333333333333,392.0,3.0,0.0,0.0,66.33333333333333,28.399999999999995,2.0,0.0,2.0,22.691163233490013,0.0
79.25,262.5,4.0,0.0,0.0,62.25,19.725,2.5,1.0,1.6666666666666667,27.931836674304108,0.0
98.0,472.0,1.0,0.0,0.0,70.0,15.2,2.0,0.0,1.0,0.0,0.0
89.66666666666667,359.6666666666667,3.0,0.0,1.0,66.0,23.400000000000002,2.0,0.0,1.6666666666666667,46.847269575362304,0.0
108.0,392.0,1.0,0.0,0.0,106.0,30.7,2.0,0.0,1.0,0.0,0.0
171.0,283.0,1.0,0.0,0.0,139.0,17.7,2.0,0.0,3.0,0.0,0.0
91.0,102.0,1.0,0.0,0.0,47.0,12.1,2.0,0.0,3.0,0.0,0.0
149.0,390.0,1.0,0.0,0.0,107.0,26.0,4.0,1.0,1.0,0.0,0.0
75.0,356.5,2.0,0.0,0.0,41.5,22.15,2.0,0.0,1.0,41.5,0.0
89.0,205.0,1.0,0.0,0.0,83.0,17.5,2.0,0.0,3.0,0.0,0.0
31.5,344.5,2.0,0.0,0.0,17.0,27.45,2.0,0.0,1.5,17.0,0.0
156.0,170.0,1.0,0.0,0.0,108.0,24.4,2.0,0.0,1.0,0.0,0.0
140.5,198.5,2.0,0.0,0.0,116.0,19.3,2.0,0.0,1.5,2.0,0.0
126.0,222.0,1.0,0.0,0.0,95.0,22.3,2.0,0.0,1.0,0.0,0.0
89.75,422.25,4.0,0.0,0.0,68.75,23.95,2.0,0.0,1.5,20.765054779605084,0.0
166.0,487.0,1.0,0.0,0.0,138.0,16.2,2.0,0.0,1.0,0.0,0.0
48.5,276.5,2.0,0.0,1.0,38.5,33.5,2.0,0.0,2.0,38.5,0.0
33.0,83.0,1.0,0.0,0.0,31.0,20.5,2.0,0.0,1.0,0.0,0.0
71.0,129.0,1.0,0.0,0.0,53.0,20.1,2.0,0.0,1.0,0.0,0.0
76.0,397.0,3.0,0.0,0.0,45.666666666666664,18.76666666666667,2.0,0.0,1.0,24.143091949642425,0.0
10.0,332.0,1.0,0.0,0.0,0.0,18.2,2.0,0.0,1.0,0.0,0.0
73.0,80.0,1.0,0.0,0.0,43.0,18.5,2.0,0.0,1.0,0.0,0.0
112.0,227.0,1.0,0.0,0.0,76.0,26.4,2.0,0.0,1.0,0.0,0.0
51.333333333333336,322.3333333333333,3.0,0.0,0.0,37.0,24.46666666666667,2.0,0.0,2.0,29.06314963431642,0.0
104.0,256.0,1.0,0.0,0.0,92.0,12.7,2.0,0.0,1.0,0.0,0.0
93.5,302.5,2.0,0.0,0.0,83.0,26.7,2.0,0.0,1.0,22.0,0.0
76.0,462.5,2.0,0.0,1.0,65.0,19.450000000000003,2.0,0.0,3.0,65.0,0.0
88.0,350.0,2.0,0.0,0.0,62.0,24.55,2.0,0.0,1.0,34.0,0.0
6.0,134.0,1.0,0.0,0.0,0.0,30.5,2.0,0.0,0.0,0.0,0.0
121.0,374.0,1.0,0.0,0.0,94.0,13.7,2.0,0.0,1.0,0.0,0.0
58.0,323.6666666666667,3.0,0.0,1.0,34.333333333333336,23.099999999999998,2.0,0.0,1.6666666666666667,24.30820620467271,0.0
87.0,184.0,1.0,0.0,0.0,67.0,32.1,2.0,0.0,3.0,0.0,0.0
53.5,361.5,2.0,0.0,1.0,40.0,15.6,2.0,0.0,2.5,40.0,0.0
39.0,238.5,2.0,0.0,0.0,26.0,25.349999999999998,2.0,0.0,2.0,26.0,0.0
62.0,173.0,2.0,0.0,0.0,32.0,27.75,2.0,0.0,1.0,11.0,0.0
15.0,111.0,1.0,0.0,0.0,0.0,21.9,2.0,0.0,1.0,0.0,0.0
43.0,345.0,2.0,0.0,0.0,20.0,25.6,3.0,1.0,0.5,20.0,0.0
110.5,381.0,2.0,0.0,0.0,86.0,12.8,2.0,0.0,1.0,30.0,0.0
49.0,160.0,1.0,0.0,0.0,26.0,30.4,2.0,0.0,3.0,0.0,0.0
14.0,419.0,1.0,0.0,0.0,0.0,20.1,2.0,0.0,1.0,0.0,0.0
3.0,358.0,1.0,0.0,1.0,0.0,16.9,2.0,0.0,3.0,0.0,0.0
94.0,390.0,1.0,0.0,0.0,73.0,17.9,2.0,0.0,1.0,0.0,0.0
110.33333333333333,271.3333333333333,3.0,0.0,0.0,83.0,22.866666666666664,2.0,0.0,2.0,23.678400846904054,0.0
104.0,128.0,1.0,0.0,0.0,75.0,9.9,2.0,0.0,1.0,0.0,0.0
79.0,471.0,1.0,0.0,0.0,62.0,29.6,2.0,0.0,1.0,0.0,0.0
73.0,406.0,1.0,0.0,0.0,48.0,33.6,2.0,0.0,3.0,0.0,0.0
108.0,402.0,1.0,0.0,0.0,103.0,26.4,2.0,0.0,1.0,0.0,0.0
93.0,333.0,3.0,0.0,0.0,55.0,23.133333333333336,2.0,0.0,1.0,23.762715894162152,0.0
77.0,416.0,1.0,0.0,0.0,68.0,26.7,2.0,0.0,1.0,0.0,0.0
61.0,71.0,1.0,0.0,0.0,54.0,16.1,2.0,0.0,1.0,0.0,0.0
84.0,412.0,1.0,0.0,0.0,71.0,17.9,2.0,0.0,2.0,0.0,0.0
130.0,104.0,1.0,0.0,0.0,97.0,21.6,2.0,0.0,1.0,0.0,0.0
104.5,419.5,2.0,0.0,0.0,64.0,24.599999999999998,2.0,0.0,1.0,23.0,0.0
105.0,270.0,1.0,0.0,0.0,106.0,26.9,2.0,0.0,1.0,0.0,0.0
130.0,70.0,1.0,0.0,0.0,121.0,21.0,2.0,0.0,2.0,0.0,0.0
69.0,451.0,1.0,0.0,0.0,67.0,25.5,2.0,0.0,1.0,0.0,0.0
138.0,276.0,1.0,0.0,0.0,102.0,35.8,2.0,0.0,1.0,0.0,0.0
9.0,422.0,1.0,0.0,1.0,0.0,28.5,2.0,0.0,3.0,0.0,0.0
84.25,332.5,4.0,0.0,0.0,64.25,29.4,2.5,1.0,1.5,24.221632892932714,0.0
92.5,291.0,2.0,0.0,0.0,70.5,23.799999999999997,2.0,0.0,1.0,26.5,0.0
89.0,334.0,1.0,0.0,0.0,81.0,16.4,2.0,0.0,1.0,0.0,0.0
111.0,305.0,1.0,0.0,0.0,96.0,11.0,2.0,0.0,3.0,0.0,0.0
28.5,173.5,2.0,0.0,1.0,23.0,17.15,2.0,0.0,2.0,23.0,0.0
2.0,77.0,1.0,0.0,0.0,0.0,14.9,2.0,0.0,1.0,0.0,0.0
15.0,476.0,1.0,0.0,1.0,0.0,22.9,2.0,0.0,3.0,0.0,0.0
133.0,338.0,1.0,0.0,0.0,113.0,12.3,2.0,0.0,3.0,0.0,0.0
148.0,412.0,1.0,0.0,0.0,122.0,11.7,2.0,0.0,3.0,0.0,0.0
126.5,371.0,2.0,0.0,0.0,90.0,29.650000000000002,2.0,0.0,1.0,3.0,0.0
18.0,258.0,1.0,0.0,0.0,0.0,28.2,2.0,0.0,1.0,0.0,0.0
84.0,302.0,2.0,0.0,0.0,51.0,14.8,2.0,0.0,0.5,51.0,0.0
120.5,404.0,2.0,0.0,0.0,93.5,17.65,2.0,0.0,1.0,6.5,0.0
9.0,423.0,1.0,0.0,0.0,0.0,29.4,2.0,0.0,0.0,0.0,0.0
141.0,228.0,1.0,0.0,0.0,122.0,10.4,2.0,0.0,1.0,0.0,0.0
95.0,294.5,2.0,0.0,0.0,68.5,25.85,2.0,0.0,3.0,16.5,0.0
85.0,362.0,1.0,0.0,0.0,70.0,27.9,2.0,0.0,1.0,0.0,0.0
6.0,308.0,1.0,0.0,1.0,0.0,20.4,2.0,0.0,3.0,0.0,0.0
81.0,67.0,1.0,0.0,0.0,47.0,15.5,2.0,0.0,1.0,0.0,0.0
68.0,375.0,2.0,0.0,0.0,66.5,17.95,2.0,0.0,1.0,3.5,0.0
104.0,386.0,1.0,0.0,0.0,91.0,21.4,2.0,0.0,3.0,0.0,0.0
17.0,297.0,1.0,0.0,1.0,0.0,15.2,2.0,0.0,3.0,0.0,0.0
136.0,486.0,1.0,0.0,0.0,123.0,33.4,2.0,0.0,2.0,0.0,0.0
114.5,260.0,2.0,0.0,0.0,91.0,22.75,2.0,0.0,2.0,4.0,0.0
69.0,409.0,1.0,0.0,0.0,33.0,15.6,2.0,0.0,1.0,0.0,0.0
95.0,369.0,2.0,1.0,0.0,79.5,27.1,3.0,1.0,2.0,31.5,0.5
74.0,290.5,2.0,0.0,0.0,47.5,27.35,2.0,0.0,0.5,47.5,0.0
53.0,80.0,1.0,0.0,0.0,37.0,21.8,2.0,0.0,1.0,0.0,0.0
81.0,150.0,1.0,0.0,0.0,50.0,20.9,2.0,0.0,1.0,0.0,0.0
74.0,468.5,2.0,0.0,0.0,49.0,16.85,2.0,0.0,1.0,49.0,0.0
56.5,498.0,2.0,0.0,1.0,44.5,28.700000000000003,2.0,0.0,2.0,44.5,0.0
94.0,186.0,1.0,0.0,0.0,63.0,20.6,2.0,0.0,1.0,0.0,0.0
12.0,286.0,1.0,0.0,0.0,0.0,35.9,2.0,0.0,1.0,0.0,0.0
112.0,204.0,1.0,0.0,0.0,66.0,34.4,2.0,0.0,1.0,0.0,0.0
97.5,399.0,2.0,0.0,0.0,76.5,22.2,2.0,0.0,2.0,42.5,0.0
82.33333333333333,238.66666666666666,3.0,0.0,1.0,67.0,23.333333333333332,2.0,0.0,2.6666666666666665,47.672493816315786,0.0
74.0,210.0,1.0,0.0,0.0,43.0,18.6,2.0,0.0,1.0,0.0,0.0
2.0,281.0,1.0,0.0,1.0,0.0,20.0,2.0,0.0,3.0,0.0,0.0
16.0,135.0,1.0,0.0,0.0,0.0,22.5,2.0,0.0,0.0,0.0,0.0
37.0,232.5,2.0,0.0,1.0,32.0,24.45,2.0,0.0,2.0,32.0,0.0
145.0,82.0,1.0,0.0,0.0,112.0,14.2,2.0,0.0,1.0,0.0,0.0
107.0,348.0,1.0,0.0,0.0,112.0,30.5,2.0,0.0,1.0,0.0,0.0
92.0,349.0,1.0,0.0,0.0,61.0,10.7,2.0,0.0,1.0,0.0,0.0
19.0,222.0,1.0,0.0,0.0,0.0,16.2,2.0,0.0,1.0,0.0,0.0
17.5,449.5,2.0,0.0,1.0,0.0,25.5,2.0,0.0,2.0,0.0,0.0
10.0,190.0,1.0,0.0,1.0,0.0,25.8,2.0,0.0,3.0,0.0,0.0
58.0,373.0,1.0,0.0,0.0,39.0,27.5,2.0,0.0,3.0,0.0,0.0
15.5,333.0,2.0,0.0,1.0,0.0,25.4,2.0,0.0,2.0,0.0,0.0
149.0,332.0,1.0,0.0,0.0,107.0,13.3,2.0,0.0,1.0,0.0,0.0
9.0,391.0,1.0,0.0,1.0,0.0,12.3,2.0,0.0,3.0,0.0,0.0
100.0,81.0,1.0,0.0,0.0,76.0,12.0,2.0,0.0,1.0,0.0,0.0
127.0,391.0,2.0,0.0,0.0,97.0,18.9,2.0,0.0,1.0,20.0,0.0
67.5,174.0,4.0,0.0,0.0,60.5,23.575,2.0,0.0,1.0,11.434596626029272,0.0
19.0,86.0,1.0,0.0,0.0,0.0,16.4,2.0,0.0,1.0,0.0,0.0
13.0,170.0,1.0,0.0,0.0,0.0,10.2,2.0,0.0,1.0,0.0,0.0
98.0,406.0,1.0,0.0,0.0,58.0,16.7,2.0,0.0,1.0,0.0,0.0
139.5,73.5,2.0,0.0,0.0,104.0,21.65,2.0,0.0,1.0,19.0,0.0
141.0,333.0,1.0,0.0,0.0,115.0,24.7,2.0,0.0,1.0,0.0,0.0
59.0,470.0,2.0,0.0,0.0,35.5,29.15,2.0,0.0,1.0,35.5,0.0
75.5,121.5,2.0,0.0,0.0,50.0,10.8,2.0,0.0,1.0,11.0,0.0
109.0,394.0,1.0,0.0,0.0,66.0,25.2,2.0,0.0,1.0,0.0,0.0
8.5,172.5,2.0,0.0,0.0,0.0,22.55,2.0,0.0,0.5,0.0,0.0
128.0,238.0,1.0,0.0,0.0,118.0,34.0,2.0,0.0,1.0,0.0,0.0
45.0,268.5,2.0,0.0,1.0,29.0,11.9,2.0,0.0,2.0,29.0,0.0
116.0,293.0,1.0,0.0,0.0,95.0,29.6,2.0,0.0,1.0,0.0,0.0
16.0,126.0,1.0,0.0,0.0,0.0,28.6,2.0,0.0,0.0,0.0,0.0
85.0,213.0,1.0,0.0,0.0,57.0,20.2,2.0,0.0,1.0,0.0,0.0
57.333333333333336,184.66666666666666,3.0,0.0,0.0,37.666666666666664,29.700000000000003,2.0,0.0,2.0,26.78722747048592,0.0
80.0,171.0,2.0,0.0,0.0,61.5,25.6,2.0,0.0,1.0,24.5,0.0
123.0,223.5,2.0,0.0,0.0,86.5,22.05,2.0,0.0,1.0,0.5,0.0
83.0,448.5,2.0,0.0,0.0,64.0,26.9,2.0,0.0,1.5,11.0,0.0
38.0,287.5,2.0,0.0,0.0,21.5,29.8,2.0,0.0,1.0,21.5,0.0
54.0,234.0,1.0,0.0,0.0,36.0,26.5,2.0,0.0,1.0,0.0,0.0
94.0,155.0,1.0,0.0,0.0,95.0,19.8,2.0,0.0,3.0,0.0,0.0
48.0,328.0,4.0,0.0,0.0,34.75,23.125,2.5,1.0,1.0,21.370248009791556,0.0
151.0,441.0,1.0,0.0,0.0,122.0,20.5,2.0,0.0,1.0,0.0,0.0
153.0,332.0,1.0,1.0,0.0,119.0,21.9,4.0,1.0,3.0,0.0,1.0
112.0,84.0,1.0,0.0,0.0,97.0,10.7,2.0,0.0,1.0,0.0,0.0
79.0,345.0,1.0,0.0,0.0,67.0,28.0,2.0,0.0,3.0,0.0,0.0
98.75,179.75,4.0,0.0,0.0,77.75,21.65,2.0,0.0,1.6666666666666667,18.606114586339622,0.0
90.0,340.0,1.0,0.0,0.0,70.0,13.4,2.0,0.0,3.0,0.0,0.0
60.0,379.0,1.0,0.0,0.0,47.0,10.0,2.0,0.0,1.0,0.0,0.0
128.0,126.0,1.0,0.0,0.0,90.0,31.2,2.0,0.0,1.0,0.0,0.0
133.0,212.5,2.0,0.0,0.0,115.5,28.7,2.0,0.0,1.5,3.5,0.0
36.0,272.0,1.0,0.0,0.0,26.0,28.5,2.0,0.0,1.0,0.0,0.0
50.0,439.0,1.0,0.0,0.0,27.0,13.9,2.0,0.0,1.0,0.0,0.0
120.0,318.0,1.0,0.0,0.0,86.0,21.9,2.0,0.0,1.0,0.0,0.0
102.0,469.0,1.0,0.0,0.0,74.0,14.6,2.0,0.0,1.0,0.0,0.0
3.0,411.0,1.0,0.0,0.0,0.0,24.3,2.0,0.0,1.0,0.0,0.0
51.25,422.5,4.0,0.0,0.0,32.25,26.25,2.0,0.0,1.0,22.68672519338126,0.0
85.0,243.0,1.0,0.0,0.0,69.0,29.0,2.0,0.0,3.0,0.0,0.0
2.0,97.0,1.0,0.0,1.0,0.0,16.0,2.0,0.0,3.0,0.0,0.0
49.0,456.5,2.0,0.0,0.0,30.5,24.0,2.0,0.0,1.0,30.5,0.0
104.0,294.0,1.0,0.0,0.0,88.0,29.8,2.0,0.0,1.0,0.0,0.0
91.0,222.0,2.0,0.0,0.0,78.5,29.799999999999997,2.0,0.0,2.0,30.5,0.0
53.0,82.0,1.0,0.0,0.0,44.0,20.2,2.0,0.0,2.0,0.0,0.0
3.0,151.0,1.0,0.0,0.0,0.0,11.3,2.0,0.0,1.0,0.0,0.0
104.0,424.0,1.0,0.0,0.0,81.0,34.0,2.0,0.0,1.0,0.0,0.0
67.66666666666667,206.66666666666666,3.0,0.0,0.0,48.0,26.166666666666668,2.0,0.0,1.3333333333333333,33.94112549695428,0.0
114.0,246.0,1.0,0.0,0.0,100.0,27.2,2.0,0.0,1.0,0.0,0.0
64.0,499.0,1.0,0.0,0.0,40.0,15.7,2.0,0.0,1.0,0.0,0.0
50.0,274.0,1.0,0.0,0.0,29.0,18.1,2.0,0.0,3.0,0.0,0.0
72.0,381.0,1.0,0.0,0.0,31.0,13.1,2.0,0.0,1.0,0.0,0.0
2.0,398.0,1.0,0.0,1.0,0.0,13.1,2.0,0.0,3.0,0.0,0.0
141.0,434.0,1.0,0.0,0.0,112.0,13.7,2.0,0.0,1.0,0.0,0.0
113.0,74.0,1.0,0.0,0.0,68.0,26.5,2.0,0.0,1.0,0.0,0.0
111.0,358.0,1.0,0.0,0.0,92.0,26.9,2.0,0.0,1.0,0.0,0.0
66.0,86.0,1.0,0.0,0.0,38.0,31.8,2.0,0.0,1.0,0.0,0.0
102.0,72.0,1.0,0.0,0.0,89.0,11.6,2.0,0.0,1.0,0.0,0.0
93.0,327.0,1.0,0.0,0.0,78.0,30.9,2.0,0.0,1.0,0.0,0.0
100.0,76.0,1.0,0.0,0.0,73.0,26.5,2.0,0.0,3.0,0.0,0.0
101.0,292.0,1.0,0.0,0.0,73.0,9.6,2.0,0.0,2.0,0.0,0.0
118.0,264.0,1.0,0.0,0.0,89.0,15.8,2.0,0.0,1.0,0.0,0.0
139.5,200.5,2.0,0.0,0.0,113.5,11.5,2.0,0.0,2.0,11.5,0.0
122.0,339.5,2.0,0.0,0.0,82.5,27.5,2.0,0.0,1.0,13.5,0.0
61.0,392.0,2.0,0.0,1.0,34.0,21.15,3.0,1.0,2.0,34.0,0.0
44.0,197.0,1.0,0.0,0.0,21.0,29.6,2.0,0.0,1.0,0.0,0.0
11.0,155.0,1.0,0.0,1.0,0.0,30.9,2.0,0.0,3.0,0.0,0.0
8.0,248.0,1.0,0.0,1.0,0.0,23.6,2.0,0.0,3.0,0.0,0.0
105.0,197.0,1.0,0.0,0.0,73.0,28.3,2.0,0.0,1.0,0.0,0.0
10.0,457.0,1.0,0.0,1.0,0.0,33.7,2.0,0.0,3.0,0.0,0.0
63.0,202.0,1.0,0.0,0.0,51.0,30.4,2.0,0.0,3.0,0.0,0.0
135.0,423.0,1.0,0.0,0.0,111.0,23.9,2.0,0.0,1.0,0.0,0.0
118.0,288.0,1.0,0.0,0.0,75.0,21.4,2.0,0.0,2.0,0.0,0.0
8.0,144.0,1.0,0.0,0.0,0.0,33.1,2.0,0.0,1.0,0.0,0.0
107.0,334.6666666666667,3.0,0.0,0.0,88.0,18.633333333333333,2.0,0.0,1.0,20.704266871026046,0.0
124.0,380.0,1.0,0.0,0.0,102.0,34.6,2.0,0.0,1.0,0.0,0.0
95.0,316.0,3.0,0.0,0.0,76.33333333333333,24.133333333333336,2.0,0.0,1.0,36.97146046464609,0.0
85.5,137.0,2.0,0.0,1.0,58.0,24.5,2.0,0.0,2.0,58.0,0.0
17.0,97.0,1.0,0.0,1.0,0.0,33.6,2.0,0.0,3.0,0.0,0.0
53.0,294.0,1.0,0.0,0.0,21.0,22.8,2.0,0.0,1.0,0.0,0.0
4.0,419.0,1.0,0.0,1.0,0.0,11.5,2.0,0.0,3.0,0.0,0.0
110.0,498.0,1.0,0.0,0.0,85.0,10.2,2.0,0.0,1.0,0.0,0.0
14.0,287.0,1.0,0.0,0.0,0.0,34.0,2.0,0.0,0.0,0.0,0.0
123.0,139.0,1.0,0.0,0.0,104.0,11.3,2.0,0.0,1.0,0.0,0.0
19.0,341.0,1.0,0.0,0.0,0.0,28.2,2.0,0.0,1.0,0.0,0.0
116.0,314.0,1.0,0.0,0.0,71.0,26.8,2.0,0.0,1.0,0.0,0.0
80.33333333333333,389.6666666666667,3.0,0.0,0.0,56.0,14.633333333333335,2.0,0.0,1.0,41.44876355212541,0.0
90.0,247.0,1.0,0.0,0.0,78.0,27.2,2.0,0.0,1.0,0.0,0.0
29.0,306.5,2.0,0.0,0.0,25.0,16.5,2.0,0.0,2.0,25.0,0.0
78.5,247.5,2.0,0.0,0.0,72.5,29.65,2.0,0.0,1.0,0.5,0.0
122.0,355.0,1.0,0.0,0.0,104.0,30.5,2.0,0.0,1.0,0.0,0.0
40.0,253.0,1.0,0.0,0.0,34.0,23.8,2.0,0.0,1.0,0.0,0.0
104.0,383.0,1.0,0.0,0.0,98.0,27.1,2.0,0.0,1.0,0.0,0.0
3.0,374.0,1.0,0.0,0.0,0.0,25.6,2.0,0.0,1.0,0.0,0.0
3.0,375.0,1.0,0.0,1.0,0.0,22.2,2.0,0.0,3.0,0.0,0.0
18.0,354.0,1.0,0.0,0.0,0.0,12.7,2.0,0.0,1.0,0.0,0.0
142.5,242.5,2.0,0.0,0.0,113.0,16.8,2.0,0.0,1.0,3.0,0.0
73.33333333333333,106.33333333333333,3.0,0.0,0.0,54.333333333333336,21.0,2.0,0.0,1.6666666666666667,29.67977238606942,0.0
70.0,115.0,1.0,0.0,0.0,39.0,9.7,2.0,0.0,3.0,0.0,0.0
122.0,119.0,1.0,0.0,0.0,103.0,12.6,2.0,0.0,1.0,0.0,0.0
4.0,451.0,1.0,0.0,0.0,0.0,14.3,2.0,0.0,1.0,0.0,0.0
62.0,189.0,1.0,0.0,0.0,48.0,24.5,2.0,0.0,1.0,0.0,0.0
12.0,447.0,1.0,0.0,1.0,0.0,25.8,2.0,0.0,3.0,0.0,0.0
125.0,146.0,1.0,0.0,0.0,89.0,16.4,2.0,0.0,1.0,0.0,0.0
22.0,255.0,1.0,0.0,0.0,0.0,21.7,2.0,0.0,0.0,0.0,0.0
113.0,113.0,1.0,0.0,0.0,93.0,11.8,2.0,0.0,1.0,0.0,0.0
16.0,75.0,1.0,0.0,0.0,0.0,22.1,2.0,0.0,0.0,0.0,0.0
91.0,494.0,1.0,0.0,0.0,77.0,13.1,2.0,0.0,1.0,0.0,0.0
53.5,346.5,2.0,0.0,0.0,41.5,14.899999999999999,2.0,0.0,1.0,13.5,0.0
2.0,302.0,1.0,0.0,1.0,0.0,17.9,2.0,0.0,3.0,0.0,0.0
88.0,275.0,3.0,1.0,0.0,59.0,24.5,2.6666666666666665,1.0,3.0,25.468935326524086,0.3333333333333333
118.0,407.0,1.0,0.0,0.0,96.0,10.3,2.0,0.0,1.0,0.0,0.0
67.0,295.0,1.0,0.0,0.0,36.0,17.1,2.0,0.0,1.0,0.0,0.0
39.5,208.5,2.0,0.0,0.0,16.5,23.65,2.0,0.0,2.0,16.5,0.0
105.5,334.0,2.0,0.0,0.0,89.5,30.75,2.0,0.0,1.0,18.5,0.0
128.5,246.5,2.0,0.0,0.0,81.5,21.85,2.0,0.0,1.0,7.5,0.0
112.0,428.0,1.0,0.0,0.0,80.0,11.5,2.0,0.0,1.0,0.0,0.0
130.0,222.0,1.0,0.0,0.0,86.0,13.1,2.0,0.0,1.0,0.0,0.0
46.333333333333336,307.0,3.0,0.0,1.0,31.333333333333332,19.900000000000002,2.0,0.0,1.6666666666666667,44.31202495435698,0.0
49.5,89.0,2.0,0.0,0.0,24.0,32.349999999999994,2.0,0.0,1.0,4.0,0.0
150.0,358.0,1.0,0.0,0.0,108.0,29.5,2.0,0.0,1.0,0.0,0.0
75.5,237.0,2.0,0.0,0.0,66.5,17.3,2.0,0.0,1.5,66.5,0.0
33.5,276.5,2.0,0.0,0.0,21.5,27.0,2.0,0.0,0.5,21.5,0.0
103.0,210.0,3.0,0.0,0.0,93.33333333333333,20.166666666666668,2.0,0.0,1.6666666666666667,7.845734863959881,0.0
156.0,280.0,1.0,0.0,0.0,119.0,18.0,2.0,0.0,1.0,0.0,0.0
48.666666666666664,308.0,3.0,0.0,0.0,32.0,23.5,2.0,0.0,0.6666666666666666,26.981475126464083,0.0
13.0,318.0,2.0,0.0,1.0,0.0,20.0,2.0,0.0,2.0,0.0,0.0
17.0,507.0,1.0,0.0,1.0,0.0,20.3,2.0,0.0,3.0,0.0,0.0
84.0,449.0,1.0,0.0,0.0,52.0,33.8,2.0,0.0,1.0,0.0,0.0
80.0,271.0,1.0,0.0,0.0,59.0,24.9,2.0,0.0,1.0,0.0,0.0
85.0,249.5,2.0,0.0,0.0,56.5,23.15,2.0,0.0,1.0,16.5,0.0
107.66666666666667,293.3333333333333,3.0,0.0,0.0,75.33333333333333,22.433333333333334,2.0,0.0,1.3333333333333333,30.8688984074406,0.0
67.0,415.5,2.0,0.0,0.0,45.5,16.25,2.0,0.0,1.0,17.5,0.0
70.0,439.0,1.0,0.0,0.0,49.0,32.0,2.0,0.0,1.0,0.0,0.0
130.0,259.0,1.0,0.0,0.0,99.0,18.8,2.0,0.0,1.0,0.0,0.0
8.0,312.0,1.0,0.0,0.0,0.0,22.2,2.0,0.0,1.0,0.0,0.0
47.0,295.0,1.0,0.0,0.0,33.0,28.6,2.0,0.0,1.0,0.0,0.0
112.0,414.0,1.0,0.0,0.0,72.0,16.1,2.0,0.0,2.0,0.0,0.0
40.0,198.0,1.0,0.0,0.0,25.0,26.4,2.0,0.0,1.0,0.0,0.0
46.0,210.0,2.0,0.0,0.0,28.5,22.25,2.0,0.0,1.5,28.5,0.0
111.0,424.0,1.0,0.0,0.0,104.0,11.4,2.0,0.0,1.0,0.0,0.0
45.0,250.0,1.0,0.0,0.0,29.0,24.8,2.0,0.0,1.0,0.0,0.0
53.333333333333336,327.3333333333333,3.0,0.0,0.0,37.0,27.866666666666664,2.0,0.0,1.0,27.28858125052797,0.0
74.0,152.33333333333334,3.0,0.0,1.0,53.0,21.566666666666666,2.0,0.0,1.6666666666666667,37.97367509209505,0.0
113.0,244.0,2.0,0.0,0.0,84.5,22.2,2.0,0.0,2.0,38.5,0.0
93.5,316.5,2.0,0.0,0.0,61.0,12.25,2.0,0.0,1.0,24.0,0.0
7.0,323.0,1.0,0.0,0.0,0.0,12.1,2.0,0.0,0.0,0.0,0.0
19.0,312.0,1.0,0.0,0.0,0.0,31.6,2.0,0.0,0.0,0.0,0.0
59.5,260.0,2.0,0.0,0.0,48.0,29.6,2.0,0.0,0.5,48.0,0.0
9.0,328.0,1.0,0.0,0.0,0.0,25.3,2.0,0.0,1.0,0.0,0.0
131.0,291.0,1.0,0.0,0.0,100.0,28.9,2.0,0.0,1.0,0.0,0.0
5.0,390.0,1.0,0.0,0.0,0.0,32.5,2.0,0.0,1.0,0.0,0.0
126.5,367.5,2.0,0.0,0.0,95.0,16.5,2.0,0.0,1.0,23.0,0.0
65.5,332.5,2.0,0.0,0.0,42.0,23.85,2.0,0.0,0.5,42.0,0.0
58.666666666666664,189.0,3.0,0.0,1.0,41.666666666666664,22.433333333333334,2.0,0.0,1.6666666666666667,30.466739606039603,0.0
102.0,424.0,1.0,0.0,0.0,89.0,25.9,2.0,0.0,1.0,0.0,0.0
83.0,395.0,2.0,0.0,0.0,58.5,23.8,2.0,0.0,2.0,30.5,0.0
82.5,279.0,2.0,0.0,0.0,62.0,18.65,2.0,0.0,1.0,62.0,0.0
43.0,176.0,1.0,0.0,0.0,35.0,11.8,2.0,0.0,1.0,0.0,0.0
69.33333333333333,202.0,3.0,0.0,1.0,55.333333333333336,21.566666666666666,2.0,0.0,2.3333333333333335,54.23610933276423,0.0
11.0,468.0,1.0,0.0,0.0,0.0,17.1,4.0,1.0,1.0,0.0,0.0
94.0,219.0,1.0,0.0,0.0,67.0,24.8,2.0,0.0,1.0,0.0,0.0
146.0,251.0,1.0,0.0,0.0,113.0,36.7,2.0,0.0,3.0,0.0,0.0
125.0,296.5,2.0,0.0,0.0,89.0,22.0,2.0,0.0,1.0,27.0,0.0
106.5,214.0,2.0,0.0,0.0,73.5,21.15,2.0,0.0,1.0,31.5,0.0
132.0,186.0,1.0,0.0,0.0,105.0,29.4,2.0,0.0,3.0,0.0,0.0
116.5,330.5,2.0,0.0,0.0,83.0,22.6,2.0,0.0,2.0,12.0,0.0
92.66666666666667,145.33333333333334,3.0,0.0,0.0,65.0,15.300000000000002,2.0,0.0,1.0,26.318561257535844,0.0
74.0,291.0,1.0,0.0,0.0,60.0,37.2,2.0,0.0,1.0,0.0,0.0
122.0,388.0,1.0,0.0,0.0,106.0,17.4,2.0,0.0,1.0,0.0,0.0
95.0,132.0,1.0,0.0,0.0,55.0,22.0,2.0,0.0,3.0,0.0,0.0
93.0,131.0,1.0,0.0,0.0,87.0,33.4,2.0,0.0,3.0,0.0,0.0
74.0,143.0,1.0,0.0,0.0,66.0,8.4,2.0,0.0,1.0,0.0,0.0
67.0,114.0,1.0,0.0,0.0,44.0,32.7,2.0,0.0,2.0,0.0,0.0
124.0,96.0,1.0,0.0,0.0,88.0,10.9,2.0,0.0,1.0,0.0,0.0
113.0,398.0,2.0,0.0,0.0,76.5,23.85,2.0,0.0,2.0,14.5,0.0
65.0,169.5,2.0,0.0,0.0,40.0,15.1,2.0,0.0,1.0,40.0,0.0
82.0,368.25,4.0,0.0,0.0,59.0,21.5,2.0,0.0,1.6666666666666667,31.056400306539068,0.0
14.0,224.0,1.0,0.0,0.0,0.0,19.8,2.0,0.0,0.0,0.0,0.0
17.0,466.0,1.0,0.0,0.0,0.0,32.1,2.0,0.0,1.0,0.0,0.0
146.0,158.0,1.0,0.0,0.0,111.0,11.4,2.0,0.0,1.0,0.0,0.0
158.5,241.0,2.0,0.0,0.0,113.0,19.25,2.0,0.0,2.0,19.0,0.0
129.0,285.0,1.0,0.0,0.0,88.0,24.7,2.0,0.0,1.0,0.0,0.0
21.0,186.0,1.0,0.0,0.0,0.0,24.7,2.0,0.0,1.0,0.0,0.0
77.0,408.0,1.0,0.0,0.0,54.0,14.0,2.0,0.0,1.0,0.0,0.0
59.0,400.0,1.0,0.0,0.0,28.0,30.3,2.0,0.0,1.0,0.0,0.0
124.0,467.0,1.0,0.0,0.0,93.0,27.1,2.0,0.0,3.0,0.0,0.0
84.0,133.0,1.0,0.0,0.0,67.0,21.0,2.0,0.0,2.0,0.0,0.0
44.0,127.0,1.0,1.0,0.0,27.0,28.2,4.0,1.0,3.0,0.0,1.0
8.0,362.0,1.0,0.0,0.0,0.0,17.2,2.0,0.0,0.0,0.0,0.0
18.0,269.0,2.0,0.0,2.0,0.0,21.35,2.0,0.0,3.0,0.0,0.0
72.0,313.5,2.0,0.0,1.0,55.0,20.8,2.0,0.0,2.0,55.0,0.0
90.0,445.0,1.0,0.0,0.0,79.0,27.1,2.0,0.0,1.0,0.0,0.0
96.0,299.5,2.0,0.0,0.0,73.0,13.75,2.0,0.0,1.0,10.0,0.0
40.0,307.0,1.0,0.0,0.0,30.0,35.8,2.0,0.0,1.0,0.0,0.0
87.0,132.0,1.0,0.0,0.0,57.0,30.1,2.0,0.0,1.0,0.0,0.0
60.0,171.0,1.0,0.0,0.0,50.0,28.6,2.0,0.0,1.0,0.0,0.0
44.5,259.0,2.0,0.0,1.0,17.0,28.1,2.0,0.0,2.0,17.0,0.0
89.5,350.0,2.0,0.0,0.0,68.5,19.35,2.0,0.0,1.0,9.5,0.0
19.0,366.0,1.0,0.0,1.0,0.0,24.3,2.0,0.0,3.0,0.0,0.0
80.0,349.5,2.0,0.0,0.0,82.5,19.5,2.0,0.0,1.0,0.5,0.0
51.0,364.0,1.0,0.0,0.0,21.0,12.9,2.0,0.0,1.0,0.0,0.0
6.0,472.0,1.0,0.0,1.0,0.0,13.1,2.0,0.0,3.0,0.0,0.0
117.0,350.0,1.0,0.0,0.0,111.0,13.9,2.0,0.0,1.0,0.0,0.0
120.0,325.5,2.0,0.0,0.0,104.0,14.45,2.0,0.0,1.0,5.0,0.0
7.0,159.0,1.0,0.0,0.0,0.0,36.3,2.0,0.0,1.0,0.0,0.0
18.0,145.0,1.0,0.0,0.0,0.0,28.9,2.0,0.0,0.0,0.0,0.0
125.0,108.0,1.0,0.0,0.0,92.0,26.3,2.0,0.0,1.0,0.0,0.0
53.5,319.0,2.0,0.0,0.0,38.0,17.7,2.0,0.0,1.0,17.0,0.0
82.0,433.5,2.0,0.0,1.0,54.5,17.75,2.0,0.0,2.0,54.5,0.0
111.0,381.0,1.0,0.0,0.0,80.0,33.3,2.0,0.0,1.0,0.0,0.0
82.0,207.0,1.0,0.0,0.0,54.0,36.4,2.0,0.0,1.0,0.0,0.0
57.333333333333336,204.0,3.0,0.0,0.0,32.666666666666664,15.833333333333334,2.0,0.0,1.6666666666666667,26.144895401503437,0.0
81.0,159.5,2.0,0.0,0.0,67.0,20.1,2.0,0.0,1.5,1.0,0.0
52.5,285.0,2.0,0.0,0.0,38.0,24.5,2.0,0.0,1.0,12.0,0.0
33.0,180.0,1.0,0.0,0.0,28.0,24.9,2.0,0.0,1.0,0.0,0.0
73.0,111.0,1.0,0.0,0.0,35.0,27.2,2.0,0.0,2.0,0.0,0.0
98.0,498.0,1.0,0.0,0.0,64.0,20.9,2.0,0.0,1.0,0.0,0.0
16.0,445.0,1.0,0.0,0.0,0.0,23.5,2.0,0.0,1.0,0.0,0.0
152.0,149.0,1.0,0.0,0.0,132.0,11.5,2.0,0.0,1.0,0.0,0.0
74.0,248.33333333333334,3.0,0.0,0.0,54.666666666666664,17.666666666666668,2.0,0.0,1.6666666666666667,50.60522590492892,0.0
102.25,254.25,4.0,0.0,0.0,63.75,17.875,2.5,1.0,1.6666666666666667,28.27874643614883,0.0
136.0,198.0,1.0,0.0,0.0,106.0,19.6,2.0,0.0,1.0,0.0,0.0
84.33333333333333,303.6666666666667,3.0,0.0,0.0,57.333333333333336,24.433333333333334,2.0,0.0,1.0,40.54901012629312,0.0
16.0,394.0,1.0,0.0,0.0,0.0,13.6,2.0,0.0,0.0,0.0,0.0
143.0,177.0,1.0,0.0,0.0,118.0,19.0,2.0,0.0,1.0,0.0,0.0
69.0,84.0,1.0,0.0,0.0,32.0,29.9,2.0,0.0,1.0,0.0,0.0
15.0,321.5,2.0,0.0,1.0,0.0,22.75,2.0,0.0,2.0,0.0,0.0
59.0,257.0,1.0,0.0,0.0,36.0,28.6,4.0,1.0,1.0,0.0,0.0
44.0,448.0,1.0,0.0,0.0,39.0,25.9,2.0,0.0,3.0,0.0,0.0
46.0,275.5,2.0,0.0,0.0,31.0,19.299999999999997,2.0,0.0,1.0,31.0,0.0
4.0,287.0,1.0,0.0,1.0,0.0,29.6,2.0,0.0,3.0,0.0,0.0
3.0,240.0,1.0,0.0,1.0,0.0,17.2,2.0,0.0,3.0,0.0,0.0
43.5,391.5,2.0,0.0,0.0,36.5,23.65,2.0,0.0,1.0,36.5,0.0
56.0,315.0,2.0,0.0,0.0,50.0,30.8,2.0,0.0,2.0,50.0,0.0
133.0,155.0,1.0,0.0,0.0,85.0,22.4,2.0,0.0,1.0,0.0,0.0
91.0,383.0,3.0,0.0,0.0,72.0,30.099999999999998,2.0,0.0,1.6666666666666667,51.43928459844674,0.0
104.0,308.0,2.0,0.0,0.0,71.5,24.950000000000003,2.0,0.0,1.0,19.5,0.0
88.0,456.0,1.0,0.0,0.0,69.0,26.0,2.0,0.0,1.0,0.0,0.0
49.0,259.0,2.0,0.0,0.0,28.5,23.05,2.0,0.0,1.0,28.5,0.0
37.0,404.0,1.0,0.0,0.0,20.0,24.1,2.0,0.0,1.0,0.0,0.0
82.5,285.5,2.0,0.0,0.0,61.0,16.9,2.0,0.0,2.0,33.0,0.0
12.0,134.0,1.0,0.0,0.0,0.0,22.3,2.0,0.0,1.0,0.0,0.0
73.0,259.0,1.0,0.0,0.0,40.0,18.5,2.0,0.0,1.0,0.0,0.0
4.0,504.0,1.0,0.0,1.0,0.0,15.6,2.0,0.0,3.0,0.0,0.0
85.66666666666667,224.66666666666666,3.0,0.0,0.0,60.666666666666664,26.53333333333333,2.0,0.0,1.0,6.342099196813483,0.0
12.0,426.0,1.0,0.0,0.0,0.0,35.2,2.0,0.0,0.0,0.0,0.0
76.0,341.3333333333333,3.0,0.0,1.0,59.333333333333336,27.366666666666664,2.0,0.0,2.3333333333333335,46.65714188512718,0.0
69.0,124.0,1.0,0.0,0.0,34.0,23.3,2.0,0.0,3.0,0.0,0.0
61.0,260.0,1.0,0.0,0.0,33.0,15.8,2.0,0.0,1.0,0.0,0.0
99.0,372.0,2.0,0.0,0.0,66.5,16.95,2.0,0.0,2.0,10.5,0.0
155.0,406.0,1.0,0.0,0.0,126.0,14.9,2.0,0.0,1.0,0.0,0.0
105.0,96.0,1.0,0.0,0.0,71.0,24.6,2.0,0.0,1.0,0.0,0.0
123.0,173.0,1.0,0.0,0.0,96.0,24.8,2.0,0.0,1.0,0.0,0.0
81.0,329.0,1.0,0.0,0.0,62.0,10.7,2.0,0.0,3.0,0.0,0.0
36.0,286.5,2.0,0.0,0.0,16.5,23.200000000000003,2.0,0.0,1.0,16.5,0.0
116.0,182.0,1.0,0.0,0.0,102.0,19.6,2.0,0.0,1.0,0.0,0.0
31.5,422.0,2.0,0.0,0.0,13.5,24.200000000000003,2.0,0.0,1.0,13.5,0.0
70.0,509.0,1.0,0.0,0.0,44.0,16.7,4.0,1.0,1.0,0.0,0.0
152.0,484.0,1.0,0.0,0.0,137.0,25.4,2.0,0.0,1.0,0.0,0.0
118.0,75.0,1.0,0.0,0.0,83.0,22.0,2.0,0.0,1.0,0.0,0.0
47.666666666666664,322.0,3.0,0.0,1.0,25.333333333333332,20.566666666666666,2.0,0.0,2.0,19.362047641943477,0.0
86.0,318.0,1.0,0.0,0.0,63.0,13.6,2.0,0.0,1.0,0.0,0.0
69.0,327.0,1.0,0.0,0.0,51.0,9.9,2.0,0.0,1.0,0.0,0.0
135.0,220.0,1.0,0.0,0.0,107.0,27.9,2.0,0.0,1.0,0.0,0.0
74.5,409.25,4.0,0.0,0.0,56.25,32.55,2.0,0.0,1.0,32.713720363174836,0.0
60.0,263.6666666666667,3.0,0.0,1.0,35.0,24.53333333333333,2.0,0.0,1.6666666666666667,49.49747468305833,0.0
96.66666666666667,271.3333333333333,3.0,0.0,0.0,68.0,17.8,2.0,0.0,1.0,38.28837943815329,0.0
50.0,269.0,1.0,0.0,0.0,25.0,19.9,2.0,0.0,3.0,0.0,0.0
6.0,219.0,1.0,0.0,1.0,0.0,21.7,2.0,0.0,3.0,0.0,0.0
3.0,455.0,1.0,0.0,0.0,0.0,27.9,2.0,0.0,1.0,0.0,0.0
51.0,145.5,2.0,0.0,0.0,43.0,22.549999999999997,2.0,0.0,1.0,43.0,0.0
77.0,70.0,1.0,0.0,0.0,48.0,26.7,2.0,0.0,1.0,0.0,0.0
105.0,165.0,1.0,0.0,0.0,89.0,14.6,2.0,0.0,1.0,0.0,0.0
153.0,381.0,1.0,0.0,0.0,120.0,22.0,2.0,0.0,1.0,0.0,0.0
38.0,154.0,2.0,0.0,1.0,13.5,28.5,2.0,0.0,2.0,13.5,0.0
126.0,84.0,1.0,0.0,0.0,100.0,32.9,2.0,0.0,3.0,0.0,0.0
77.0,79.0,2.0,0.0,0.0,49.0,14.799999999999999,2.0,0.0,1.5,1.0,0.0
108.0,420.5,2.0,0.0,0.0,74.5,23.8,2.0,0.0,1.0,1.5,0.0
70.0,281.5,2.0,0.0,0.0,48.5,21.85,2.0,0.0,1.0,48.5,0.0
103.5,242.0,2.0,0.0,0.0,89.0,20.65,2.0,0.0,2.0,7.0,0.0
60.5,278.0,2.0,0.0,0.0,45.5,27.75,2.0,0.0,1.5,0.5,0.0
78.0,81.0,1.0,0.0,0.0,33.0,25.9,2.0,0.0,1.0,0.0,0.0
73.5,415.5,2.0,0.0,1.0,56.0,17.35,2.0,0.0,3.0,56.0,0.0
63.0,64.0,1.0,0.0,0.0,33.0,32.1,2.0,0.0,1.0,0.0,0.0
9.0,164.0,1.0,0.0,1.0,0.0,26.1,4.0,1.0,3.0,0.0,0.0
88.0,336.0,1.0,0.0,0.0,67.0,21.7,2.0,0.0,3.0,0.0,0.0
5.0,211.0,1.0,0.0,1.0,0.0,13.4,2.0,0.0,3.0,0.0,0.0
84.0,265.0,1.0,0.0,0.0,60.0,29.5,2.0,0.0,1.0,0.0,0.0
111.5,367.0,2.0,0.0,0.0,81.0,15.8,2.0,0.0,1.0,0.0,0.0
77.5,87.0,2.0,0.0,0.0,54.0,22.55,2.0,0.0,1.0,54.0,0.0
69.5,278.5,2.0,0.0,0.0,47.5,15.100000000000001,2.0,0.0,1.0,47.5,0.0
89.0,293.0,1.0,0.0,0.0,50.0,11.4,2.0,0.0,1.0,0.0,0.0
111.0,309.0,1.0,0.0,0.0,83.0,20.8,2.0,0.0,1.0,0.0,0.0
121.0,273.0,1.0,0.0,0.0,114.0,12.0,2.0,0.0,1.0,0.0,0.0
147.0,423.0,1.0,0.0,0.0,98.0,35.7,2.0,0.0,1.0,0.0,0.0
47.0,175.0,1.0,0.0,0.0,21.0,11.2,2.0,0.0,1.0,0.0,0.0
80.0,450.0,1.0,0.0,0.0,75.0,15.5,2.0,0.0,1.0,0.0,0.0
92.0,498.0,1.0,0.0,0.0,54.0,30.5,2.0,0.0,1.0,0.0,0.0
109.0,269.3333333333333,3.0,0.0,0.0,81.0,17.866666666666667,2.0,0.0,1.6666666666666667,25.664502073226878,0.0
80.0,417.3333333333333,3.0,0.0,0.0,55.0,14.066666666666668,2.0,0.0,1.0,39.370039370059054,0.0
44.0,448.5,2.0,0.0,1.0,27.5,11.75,2.0,0.0,2.5,27.5,0.0
21.0,430.0,1.0,0.0,0.0,0.0,25.3,2.0,0.0,1.0,0.0,0.0
69.5,309.0,2.0,0.0,1.0,47.0,30.299999999999997,2.0,0.0,2.0,47.0,0.0
4.0,389.0,2.0,0.0,1.0,0.0,26.6,2.0,0.0,2.0,0.0,0.0
15.0,91.0,1.0,0.0,0.0,0.0,22.8,4.0,1.0,1.0,0.0,0.0
15.0,399.0,1.0,0.0,1.0,0.0,24.1,2.0,0.0,3.0,0.0,0.0
83.0,490.0,1.0,0.0,0.0,69.0,11.7,2.0,0.0,1.0,0.0,0.0
56.0,444.0,1.0,0.0,0.0,36.0,19.5,2.0,0.0,1.0,0.0,0.0
118.0,377.0,1.0,0.0,0.0,88.0,29.8,2.0,0.0,1.0,0.0,0.0
112.0,312.5,2.0,0.0,0.0,90.0,15.55,2.0,0.0,1.0,19.0,0.0
46.666666666666664,247.33333333333334,3.0,0.0,0.0,26.666666666666668,17.8,2.0,0.0,1.0,21.63844315615664,0.0
101.5,173.0,2.0,0.0,0.0,89.0,28.2,2.0,0.0,1.0,16.0,0.0
134.0,162.0,1.0,0.0,0.0,112.0,35.5,2.0,0.0,3.0,0.0,0.0
61.0,147.0,1.0,0.0,0.0,53.0,15.2,2.0,0.0,1.0,0.0,0.0
109.0,475.0,1.0,0.0,0.0,72.0,17.4,2.0,0.0,1.0,0.0,0.0
51.5,302.5,2.0,0.0,1.0,33.5,22.75,2.0,0.0,2.0,33.5,0.0
76.0,202.0,1.0,0.0,0.0,52.0,23.5,2.0,0.0,1.0,0.0,0.0
99.5,243.0,2.0,0.0,0.0,79.5,29.200000000000003,2.0,0.0,1.0,20.5,0.0
65.33333333333333,285.3333333333333,3.0,0.0,1.0,51.333333333333336,26.2,2.0,0.0,1.6666666666666667,39.474323581566566,0.0
172.0,212.0,1.0,0.0,0.0,142.0,30.5,2.0,0.0,1.0,0.0,0.0
10.0,292.0,1.0,0.0,1.0,0.0,30.1,2.0,0.0,3.0,0.0,0.0
107.66666666666667,195.66666666666666,3.0,0.0,0.0,85.0,16.133333333333333,2.0,0.0,1.6666666666666667,23.366642891095847,0.0
85.0,197.0,1.0,0.0,0.0,61.0,12.7,2.0,0.0,3.0,0.0,0.0
122.5,217.5,2.0,0.0,0.0,101.0,24.0,2.0,0.0,1.0,20.0,0.0
65.5,213.5,2.0,0.0,0.0,48.5,19.15,2.0,0.0,1.0,29.5,0.0
97.0,103.0,1.0,0.0,0.0,70.0,25.1,2.0,0.0,3.0,0.0,0.0
34.0,323.0,1.0,0.0,0.0,27.0,13.7,4.0,1.0,1.0,0.0,0.0
109.0,503.0,1.0,0.0,0.0,80.0,34.4,2.0,0.0,1.0,0.0,0.0
75.0,182.0,1.0,0.0,0.0,52.0,24.1,2.0,0.0,1.0,0.0,0.0
3.0,177.0,1.0,0.0,0.0,0.0,33.0,2.0,0.0,1.0,0.0,0.0
64.0,171.0,1.0,0.0,0.0,51.0,28.3,2.0,0.0,3.0,0.0,0.0
96.0,388.0,1.0,0.0,0.0,88.0,24.3,2.0,0.0,1.0,0.0,0.0
79.0,122.0,1.0,0.0,0.0,71.0,21.5,2.0,0.0,1.0,0.0,0.0
60.0,211.0,1.0,0.0,0.0,45.0,13.6,2.0,0.0,1.0,0.0,0.0
74.75,311.5,4.0,0.0,1.0,53.0,20.025,2.0,0.0,2.25,35.62302626111375,0.0
105.0,206.0,1.0,0.0,0.0,93.0,21.0,2.0,0.0,1.0,0.0,0.0
18.0,189.0,1.0,0.0,0.0,0.0,33.6,2.0,0.0,1.0,0.0,0.0
38.0,372.0,2.0,0.0,0.0,17.0,20.75,2.0,0.0,1.0,17.0,0.0
136.0,307.0,1.0,0.0,0.0,114.0,23.4,2.0,0.0,1.0,0.0,0.0
41.0,196.0,1.0,0.0,0.0,34.0,19.7,2.0,0.0,1.0,0.0,0.0
84.0,167.0,1.0,0.0,0.0,89.0,18.0,2.0,0.0,1.0,0.0,0.0
45.0,456.0,1.0,0.0,0.0,28.0,12.6,2.0,0.0,1.0,0.0,0.0
49.666666666666664,331.0,3.0,0.0,2.0,33.333333333333336,20.333333333333332,2.0,0.0,2.0,47.14045207910317,0.0
76.0,190.0,1.0,0.0,0.0,42.0,18.5,2.0,0.0,2.0,0.0,0.0
90.33333333333333,196.33333333333334,3.0,0.0,0.0,66.33333333333333,22.3,2.0,0.0,2.0,24.225789747475496,0.0
96.0,385.0,1.0,0.0,0.0,91.0,19.5,2.0,0.0,1.0,0.0,0.0
83.0,249.0,1.0,0.0,0.0,47.0,29.7,2.0,0.0,1.0,0.0,0.0
63.0,223.0,2.0,0.0,0.0,42.5,32.65,2.0,0.0,1.0,20.5,0.0
95.0,439.0,1.0,0.0,0.0,68.0,12.0,2.0,0.0,1.0,0.0,0.0
8.0,233.0,1.0,0.0,1.0,0.0,28.7,2.0,0.0,3.0,0.0,0.0
93.0,88.0,1.0,0.0,0.0,88.0,12.9,2.0,0.0,1.0,0.0,0.0
92.0,424.0,1.0,0.0,0.0,56.0,19.3,2.0,0.0,3.0,0.0,0.0
69.0,70.0,1.0,0.0,0.0,53.0,37.8,2.0,0.0,1.0,0.0,0.0
120.0,334.0,1.0,0.0,0.0,102.0,31.9,2.0,0.0,1.0,0.0,0.0
77.0,142.0,1.0,0.0,0.0,53.0,13.1,2.0,0.0,2.0,0.0,0.0
68.66666666666667,178.0,3.0,0.0,0.0,51.666666666666664,24.566666666666666,2.0,0.0,1.6666666666666667,41.26607430915726,0.0
10.0,304.0,1.0,0.0,0.0,0.0,25.2,2.0,0.0,1.0,0.0,0.0
124.0,82.0,1.0,0.0,0.0,107.0,18.8,2.0,0.0,1.0,0.0,0.0
75.0,203.0,1.0,0.0,0.0,80.0,34.2,2.0,0.0,1.0,0.0,0.0
113.5,139.0,2.0,0.0,0.0,75.0,19.5,2.0,0.0,2.0,34.0,0.0
91.0,415.0,1.0,0.0,0.0,51.0,18.1,2.0,0.0,2.0,0.0,0.0
61.5,180.5,2.0,0.0,0.0,47.0,35.8,2.0,0.0,1.0,25.0,0.0
77.0,285.0,1.0,0.0,0.0,57.0,34.7,2.0,0.0,3.0,0.0,0.0
36.5,252.5,2.0,0.0,1.0,15.0,20.0,2.0,0.0,2.0,15.0,0.0
69.5,250.5,2.0,0.0,0.0,58.0,19.65,2.0,0.0,1.0,5.0,0.0
136.0,313.0,1.0,0.0,0.0,93.0,28.1,2.0,0.0,1.0,0.0,0.0
18.0,442.0,1.0,0.0,1.0,0.0,24.6,2.0,0.0,3.0,0.0,0.0
118.0,320.0,1.0,0.0,0.0,82.0,21.0,2.0,0.0,3.0,0.0,0.0
70.5,284.0,2.0,0.0,0.0,45.0,28.05,2.0,0.0,0.5,45.0,0.0
79.66666666666667,205.33333333333334,3.0,0.0,1.0,69.33333333333333,24.566666666666663,2.0,0.0,2.3333333333333335,49.13473539383541,0.0
101.0,183.0,1.0,0.0,0.0,75.0,25.4,2.0,0.0,2.0,0.0,0.0
44.0,164.0,1.0,0.0,0.0,24.0,26.5,2.0,0.0,1.0,0.0,0.0
101.5,391.5,2.0,0.0,0.0,88.0,10.4,2.0,0.0,2.0,1.0,0.0
78.5,335.5,2.0,0.0,0.0,56.0,16.55,2.0,0.0,1.0,56.0,0.0
69.5,248.0,2.0,0.0,0.0,50.5,30.299999999999997,2.0,0.0,1.0,50.5,0.0
93.0,440.0,1.0,0.0,0.0,60.0,12.3,2.0,0.0,3.0,0.0,0.0
103.0,431.0,1.0,0.0,0.0,63.0,18.2,2.0,0.0,2.0,0.0,0.0
15.0,467.0,1.0,0.0,1.0,0.0,17.7,2.0,0.0,3.0,0.0,0.0
116.0,478.0,2.0,0.0,0.0,83.0,34.0,2.0,0.0,1.5,5.0,0.0
55.0,125.0,1.0,0.0,0.0,29.0,14.4,2.0,0.0,3.0,0.0,0.0
121.33333333333333,328.6666666666667,3.0,0.0,0.0,107.0,17.53333333333333,2.0,0.0,1.0,18.457157599876172,0.0
84.0,213.33333333333334,3.0,0.0,0.0,66.0,25.53333333333333,2.0,0.0,1.6666666666666667,31.874754901018456,0.0
110.0,109.0,1.0,0.0,0.0,96.0,17.5,2.0,0.0,1.0,0.0,0.0
136.0,64.0,1.0,0.0,0.0,115.0,14.1,2.0,0.0,3.0,0.0,0.0
75.0,352.0,1.0,0.0,0.0,66.0,36.7,2.0,0.0,1.0,0.0,0.0
75.5,93.5,2.0,0.0,0.0,58.0,24.6,2.0,0.0,1.0,4.0,0.0
128.0,128.0,1.0,0.0,0.0,93.0,20.2,2.0,0.0,1.0,0.0,0.0
93.0,261.0,2.0,0.0,0.0,73.0,33.0,2.0,0.0,2.0,1.0,0.0
66.0,109.0,1.0,0.0,0.0,36.0,31.3,2.0,0.0,1.0,0.0,0.0
75.0,134.0,1.0,0.0,0.0,77.0,11.4,2.0,0.0,2.0,0.0,0.0
8.0,97.0,1.0,0.0,1.0,0.0,32.4,2.0,0.0,3.0,0.0,0.0
40.0,487.0,1.0,0.0,0.0,30.0,24.3,2.0,0.0,3.0,0.0,0.0
68.0,213.0,2.0,0.0,0.0,39.5,28.15,2.0,0.0,1.0,14.5,0.0
49.0,350.0,2.0,0.0,1.0,35.5,17.4,2.0,0.0,2.0,35.5,0.0
128.0,137.0,1.0,0.0,0.0,122.0,22.8,2.0,0.0,1.0,0.0,0.0
98.0,200.0,1.0,0.0,0.0,81.0,12.4,2.0,0.0,3.0,0.0,0.0
88.5,299.5,2.0,0.0,1.0,56.5,20.65,2.0,0.0,2.0,56.5,0.0
90.0,449.0,1.0,0.0,0.0,95.0,27.4,2.0,0.0,1.0,0.0,0.0
18.0,495.0,1.0,0.0,1.0,0.0,35.4,2.0,0.0,3.0,0.0,0.0
115.0,172.0,1.0,0.0,0.0,103.0,22.3,2.0,0.0,1.0,0.0,0.0
11.0,187.0,1.0,0.0,0.0,0.0,27.5,2.0,0.0,0.0,0.0,0.0
80.0,371.0,1.0,0.0,0.0,72.0,21.9,2.0,0.0,1.0,0.0,0.0
132.0,419.0,1.0,0.0,0.0,98.0,19.7,2.0,0.0,1.0,0.0,0.0
142.0,174.0,1.0,0.0,0.0,121.0,17.2,2.0,0.0,3.0,0.0,0.0
150.0,296.0,1.0,0.0,0.0,130.0,11.0,2.0,0.0,3.0,0.0,0.0
16.0,85.0,1.0,0.0,1.0,0.0,24.4,2.0,0.0,3.0,0.0,0.0
140.0,363.5,2.0,0.0,0.0,105.0,24.8,2.0,0.0,1.0,7.0,0.0
132.0,423.0,1.0,0.0,0.0,105.0,11.9,4.0,1.0,1.0,0.0,0.0
118.0,180.0,1.0,0.0,0.0,94.0,21.4,2.0,0.0,1.0,0.0,0.0
12.0,489.0,1.0,0.0,1.0,0.0,18.0,2.0,0.0,3.0,0.0,0.0
99.5,330.5,2.0,0.0,0.0,64.5,19.7,2.0,0.0,1.0,28.5,0.0
52.0,205.0,1.0,0.0,0.0,36.0,19.2,2.0,0.0,1.0,0.0,0.0
119.0,157.0,1.0,0.0,0.0,99.0,13.2,2.0,0.0,1.0,0.0,0.0
109.0,350.0,1.0,0.0,0.0,81.0,20.0,2.0,0.0,1.0,0.0,0.0
114.0,288.0,1.0,0.0,0.0,100.0,34.0,2.0,0.0,3.0,0.0,0.0
50.0,107.0,1.0,0.0,0.0,38.0,34.2,2.0,0.0,1.0,0.0,0.0
36.666666666666664,315.3333333333333,3.0,0.0,2.0,29.333333333333332,17.6,2.0,0.0,2.0,41.48359782961079,0.0
89.0,378.0,1.0,0.0,0.0,81.0,20.7,2.0,0.0,1.0,0.0,0.0
95.33333333333333,384.6666666666667,3.0,0.0,0.0,65.0,20.133333333333333,2.0,0.0,1.6666666666666667,28.437065014988214,0.0
73.0,421.0,2.0,0.0,1.0,48.0,16.15,2.0,0.0,3.0,48.0,0.0
129.0,161.0,2.0,0.0,0.0,102.0,17.2,2.0,0.0,3.0,0.0,0.0
83.33333333333333,298.3333333333333,3.0,0.0,0.0,54.666666666666664,17.2,2.0,0.0,1.6666666666666667,30.554141381415967,0.0
10.0,139.0,1.0,0.0,1.0,0.0,28.7,2.0,0.0,3.0,0.0,0.0
89.0,263.0,1.0,0.0,0.0,51.0,18.1,2.0,0.0,1.0,0.0,0.0
5.0,365.0,1.0,0.0,0.0,0.0,11.9,2.0,0.0,1.0,0.0,0.0
116.0,260.0,1.0,0.0,0.0,81.0,30.1,2.0,0.0,1.0,0.0,0.0
21.0,454.0,1.0,0.0,1.0,0.0,13.2,2.0,0.0,3.0,0.0,0.0
79.0,116.0,1.0,0.0,0.0,53.0,35.2,2.0,0.0,1.0,0.0,0.0
79.0,307.6666666666667,3.0,0.0,0.0,61.0,20.133333333333333,2.0,0.0,2.0,4.08248290463863,0.0
13.0,473.0,1.0,0.0,1.0,0.0,24.5,2.0,0.0,3.0,0.0,0.0
110.5,238.0,2.0,0.0,0.0,76.0,16.3,2.0,0.0,1.0,32.0,0.0
44.5,400.0,2.0,0.0,0.0,36.0,32.65,2.0,0.0,1.0,36.0,0.0
67.5,252.0,2.0,0.0,0.0,48.5,23.6,2.0,0.0,1.0,15.5,0.0
101.0,213.0,1.0,0.0,0.0,74.0,30.7,2.0,0.0,1.0,0.0,0.0
121.0,327.0,1.0,0.0,0.0,93.0,19.3,2.0,0.0,1.0,0.0,0.0
86.0,488.0,1.0,0.0,0.0,54.0,10.3,2.0,0.0,1.0,0.0,0.0
135.0,109.0,1.0,0.0,0.0,99.0,29.0,2.0,0.0,1.0,0.0,0.0
146.0,267.0,1.0,0.0,0.0,127.0,23.5,2.0,0.0,1.0,0.0,0.0
178.0,492.0,1.0,0.0,0.0,124.0,12.4,2.0,0.0,1.0,0.0,0.0
33.0,82.0,1.0,0.0,0.0,23.0,24.7,2.0,0.0,1.0,0.0,0.0
81.0,384.0,1.0,0.0,0.0,44.0,23.4,2.0,0.0,1.0,0.0,0.0
68.0,388.0,1.0,0.0,0.0,58.0,11.4,2.0,0.0,1.0,0.0,0.0
116.0,120.0,1.0,0.0,0.0,96.0,13.7,2.0,0.0,1.0,0.0,0.0
64.0,350.3333333333333,3.0,0.0,1.0,47.666666666666664,18.3,2.0,0.0,1.6666666666666667,34.988887124660344,0.0
91.0,379.0,1.0,0.0,0.0,56.0,32.2,2.0,0.0,1.0,0.0,0.0
56.0,402.0,1.0,0.0,0.0,30.0,15.4,2.0,0.0,1.0,0.0,0.0
133.0,104.0,1.0,0.0,0.0,107.0,13.7,2.0,0.0,1.0,0.0,0.0
45.333333333333336,268.0,3.0,0.0,1.0,40.333333333333336,29.599999999999998,2.0,0.0,2.0,57.03994701571483,0.0
76.0,379.0,2.0,0.0,0.0,46.0,25.45,2.0,0.0,1.5,17.0,0.0
50.5,345.0,2.0,0.0,0.0,39.0,33.4,2.0,0.0,1.0,11.0,0.0
116.0,132.0,2.0,0.0,0.0,83.5,19.75,2.0,0.0,1.0,29.5,0.0
135.0,212.0,1.0,0.0,0.0,101.0,36.1,2.0,0.0,1.0,0.0,0.0
37.0,211.0,1.0,0.0,0.0,23.0,27.9,2.0,0.0,1.0,0.0,0.0
106.0,295.0,1.0,0.0,0.0,106.0,16.9,2.0,0.0,1.0,0.0,0.0
87.0,327.0,1.0,0.0,0.0,80.0,14.2,2.0,0.0,1.0,0.0,0.0
137.0,495.0,1.0,0.0,0.0,97.0,23.2,2.0,0.0,3.0,0.0,0.0
119.0,413.0,1.0,0.0,0.0,98.0,35.3,2.0,0.0,1.0,0.0,0.0
104.33333333333333,285.3333333333333,3.0,0.0,0.0,90.0,22.099999999999998,2.0,0.0,1.0,19.510680835549195,0.0
65.33333333333333,300.0,3.0,0.0,1.0,50.0,24.766666666666666,2.0,0.0,1.6666666666666667,41.23913998456644,0.0
96.0,481.0,1.0,0.0,0.0,69.0,26.9,2.0,0.0,3.0,0.0,0.0
55.0,171.0,1.0,0.0,0.0,36.0,25.9,2.0,0.0,1.0,0.0,0.0
112.5,94.0,2.0,0.0,0.0,97.5,24.5,2.0,0.0,1.0,3.5,0.0
144.0,341.0,1.0,0.0,0.0,106.0,27.8,2.0,0.0,1.0,0.0,0.0
89.0,167.0,1.0,0.0,0.0,84.0,18.4,2.0,0.0,1.0,0.0,0.0
153.0,322.0,1.0,0.0,0.0,111.0,24.6,2.0,0.0,1.0,0.0,0.0
84.0,80.0,1.0,0.0,0.0,59.0,13.3,2.0,0.0,2.0,0.0,0.0
14.0,206.0,1.0,0.0,0.0,0.0,20.8,2.0,0.0,1.0,0.0,0.0
4.0,470.0,1.0,0.0,0.0,0.0,27.7,2.0,0.0,1.0,0.0,0.0
110.0,410.0,2.0,0.0,0.0,93.0,12.649999999999999,2.0,0.0,2.0,38.0,0.0
32.5,267.5,2.0,0.0,1.0,21.5,12.55,2.0,0.0,3.0,21.5,0.0
76.0,484.0,1.0,0.0,0.0,51.0,16.0,2.0,0.0,1.0,0.0,0.0
31.0,356.0,1.0,0.0,0.0,22.0,27.4,2.0,0.0,1.0,0.0,0.0
58.0,449.0,1.0,0.0,0.0,50.0,28.3,2.0,0.0,3.0,0.0,0.0
69.66666666666667,241.0,3.0,0.0,1.0,57.666666666666664,25.933333333333337,2.0,0.0,2.0,52.49973544906891,0.0
17.0,316.0,1.0,0.0,0.0,0.0,13.4,2.0,0.0,0.0,0.0,0.0
67.0,185.0,1.0,0.0,0.0,48.0,13.0,2.0,0.0,3.0,0.0,0.0
5.0,428.0,1.0,0.0,0.0,0.0,15.9,2.0,0.0,1.0,0.0,0.0
4.0,470.0,1.0,0.0,1.0,0.0,23.4,2.0,0.0,3.0,0.0,0.0
81.5,269.5,2.0,0.0,0.0,54.5,24.6,2.0,0.0,2.5,13.5,0.0
90.0,265.0,1.0,0.0,0.0,79.0,16.6,2.0,0.0,1.0,0.0,0.0
16.5,440.0,2.0,0.0,1.0,0.0,17.1,3.0,1.0,1.5,0.0,0.0
15.0,364.0,1.0,0.0,0.0,0.0,16.0,2.0,0.0,1.0,0.0,0.0
102.0,403.0,1.0,0.0,0.0,86.0,11.3,2.0,0.0,2.0,0.0,0.0
87.0,313.0,2.0,0.0,0.0,57.5,29.5,2.0,0.0,1.5,57.5,0.0
48.5,200.0,2.0,0.0,1.0,28.0,30.049999999999997,2.0,0.0,2.5,28.0,0.0
4.0,363.0,1.0,0.0,1.0,0.0,17.4,2.0,0.0,3.0,0.0,0.0
49.0,361.0,1.0,0.0,0.0,36.0,28.8,2.0,0.0,3.0,0.0,0.0
57.0,172.0,1.0,0.0,0.0,26.0,14.9,2.0,0.0,3.0,0.0,0.0
12.0,370.0,1.0,0.0,1.0,0.0,24.4,2.0,0.0,3.0,0.0,0.0
97.0,150.0,1.0,0.0,0.0,72.0,33.1,2.0,0.0,1.0,0.0,0.0
17.0,484.0,1.0,0.0,1.0,0.0,13.3,2.0,0.0,3.0,0.0,0.0
101.0,184.0,1.0,0.0,0.0,65.0,24.7,2.0,0.0,1.0,0.0,0.0
12.0,400.0,1.0,0.0,0.0,0.0,12.4,2.0,0.0,0.0,0.0,0.0
82.0,320.0,2.0,0.0,0.0,60.5,15.65,2.0,0.0,1.0,28.5,0.0
10.0,155.0,1.0,0.0,0.0,0.0,11.7,2.0,0.0,1.0,0.0,0.0
91.5,247.5,2.0,0.0,0.0,83.0,16.950000000000003,2.0,0.0,1.0,11.0,0.0
6.0,377.0,1.0,0.0,1.0,0.0,18.8,2.0,0.0,3.0,0.0,0.0
68.0,280.0,1.0,0.0,0.0,45.0,13.1,2.0,0.0,3.0,0.0,0.0
14.0,123.0,1.0,0.0,0.0,0.0,21.5,2.0,0.0,1.0,0.0,0.0
47.0,404.5,2.0,0.0,1.0,50.5,21.1,2.0,0.0,2.0,50.5,0.0
106.0,97.0,1.0,0.0,0.0,86.0,31.3,2.0,0.0,1.0,0.0,0.0
2.0,337.0,1.0,0.0,0.0,0.0,22.8,2.0,0.0,0.0,0.0,0.0
114.0,340.0,1.0,0.0,0.0,78.0,25.3,2.0,0.0,3.0,0.0,0.0
65.0,227.5,2.0,0.0,0.0,48.0,31.9,2.0,0.0,1.0,48.0,0.0
68.5,112.5,2.0,0.0,0.0,39.5,26.099999999999998,2.0,0.0,1.0,39.5,0.0
84.5,445.0,2.0,0.0,0.0,65.5,21.3,2.0,0.0,2.0,65.5,0.0
15.0,148.0,1.0,0.0,1.0,0.0,33.9,2.0,0.0,3.0,0.0,0.0
98.5,367.0,2.0,0.0,0.0,76.5,13.85,2.0,0.0,2.0,1.5,0.0
126.0,151.0,1.0,0.0,0.0,115.0,32.9,2.0,0.0,3.0,0.0,0.0
54.0,215.5,2.0,0.0,0.0,39.0,23.4,2.0,0.0,1.0,39.0,0.0
2.0,310.0,1.0,0.0,1.0,0.0,34.3,2.0,0.0,3.0,0.0,0.0
60.0,299.0,1.0,0.0,0.0,37.0,14.1,2.0,0.0,1.0,0.0,0.0
99.0,152.0,1.0,0.0,0.0,52.0,31.8,2.0,0.0,2.0,0.0,0.0
72.0,176.0,1.0,0.0,0.0,53.0,20.3,2.0,0.0,1.0,0.0,0.0
18.0,237.0,1.0,0.0,1.0,0.0,24.4,2.0,0.0,3.0,0.0,0.0
14.0,193.0,1.0,0.0,1.0,0.0,19.5,2.0,0.0,3.0,0.0,0.0
122.0,469.0,2.0,0.0,0.0,94.0,21.25,2.0,0.0,1.0,6.0,0.0
103.0,479.0,1.0,0.0,0.0,97.0,12.5,2.0,0.0,1.0,0.0,0.0
116.0,304.0,1.0,0.0,0.0,90.0,39.8,2.0,0.0,2.0,0.0,0.0
78.33333333333333,318.6666666666667,3.0,0.0,1.0,58.0,21.900000000000002,2.0,0.0,2.3333333333333335,43.84822307308093,0.0
10.0,238.0,1.0,0.0,0.0,0.0,11.1,2.0,0.0,1.0,0.0,0.0
9.0,261.0,1.0,0.0,0.0,0.0,16.7,2.0,0.0,1.0,0.0,0.0
100.0,271.5,2.0,0.0,0.0,89.0,22.7,2.0,0.0,1.0,10.0,0.0
32.0,229.5,2.0,0.0,0.0,13.5,28.1,2.0,0.0,2.0,13.5,0.0
14.0,370.0,1.0,0.0,1.0,0.0,20.6,2.0,0.0,3.0,0.0,0.0
127.5,488.0,2.0,0.0,0.0,84.5,23.1,2.0,0.0,1.0,7.5,0.0
70.0,154.0,1.0,0.0,0.0,37.0,26.7,2.0,0.0,1.0,0.0,0.0
131.0,468.0,1.0,0.0,0.0,111.0,15.7,2.0,0.0,3.0,0.0,0.0
73.0,199.0,1.0,0.0,0.0,65.0,24.9,2.0,0.0,1.0,0.0,0.0
11.0,301.0,2.0,0.0,1.0,0.0,26.5,2.0,0.0,2.0,0.0,0.0
12.0,146.0,1.0,0.0,0.0,0.0,26.5,2.0,0.0,1.0,0.0,0.0
145.0,325.0,1.0,0.0,0.0,135.0,20.8,2.0,0.0,1.0,0.0,0.0
85.0,264.0,1.0,0.0,0.0,93.0,10.8,2.0,0.0,1.0,0.0,0.0
8.0,304.0,1.0,0.0,0.0,0.0,21.9,2.0,0.0,1.0,0.0,0.0
4.0,273.0,1.0,0.0,0.0,0.0,35.3,2.0,0.0,1.0,0.0,0.0
160.0,261.0,1.0,0.0,0.0,104.0,19.5,2.0,0.0,1.0,0.0,0.0
48.5,292.0,2.0,0.0,0.0,35.0,25.35,2.0,0.0,2.0,6.0,0.0
58.0,398.0,1.0,0.0,0.0,45.0,24.1,2.0,0.0,1.0,0.0,0.0
107.0,95.0,1.0,0.0,0.0,77.0,19.4,2.0,0.0,1.0,0.0,0.0
124.0,381.0,1.0,0.0,0.0,96.0,19.8,2.0,0.0,3.0,0.0,0.0
7.0,306.5,2.0,0.0,1.0,0.0,34.849999999999994,2.0,0.0,2.0,0.0,0.0
98.0,265.0,2.0,0.0,0.0,67.5,15.95,3.0,1.0,1.0,15.5,0.0
24.5,450.0,2.0,0.0,0.0,12.0,24.95,2.0,0.0,1.0,12.0,0.0
18.0,73.0,1.0,0.0,0.0,0.0,24.2,2.0,0.0,1.0,0.0,0.0
19.0,475.0,1.0,0.0,0.0,0.0,37.0,2.0,0.0,1.0,0.0,0.0
88.0,324.0,1.0,0.0,0.0,66.0,11.0,2.0,0.0,1.0,0.0,0.0
115.0,316.3333333333333,3.0,0.0,0.0,99.0,29.066666666666666,2.0,0.0,1.6666666666666667,14.165686240583852,0.0
74.0,116.0,1.0,0.0,0.0,70.0,17.9,2.0,0.0,3.0,0.0,0.0
137.0,187.0,1.0,0.0,0.0,121.0,27.6,2.0,0.0,1.0,0.0,0.0
85.0,124.0,1.0,0.0,0.0,64.0,26.4,2.0,0.0,1.0,0.0,0.0
43.0,91.0,1.0,0.0,0.0,28.0,28.2,2.0,0.0,1.0,0.0,0.0
6.0,355.0,1.0,0.0,1.0,0.0,27.4,2.0,0.0,3.0,0.0,0.0
133.5,371.0,2.0,0.0,0.0,117.5,27.95,2.0,0.0,2.0,2.5,0.0
80.5,456.0,2.0,0.0,0.0,54.5,21.45,2.0,0.0,1.0,3.5,0.0
51.0,225.5,2.0,0.0,0.0,31.0,28.55,2.0,0.0,0.5,31.0,0.0
95.5,175.5,2.0,0.0,0.0,84.0,21.549999999999997,2.0,0.0,1.0,38.0,0.0
129.0,450.0,1.0,0.0,0.0,106.0,18.4,2.0,0.0,3.0,0.0,0.0
128.0,263.0,1.0,0.0,0.0,93.0,34.6,2.0,0.0,2.0,0.0,0.0
92.0,314.0,2.0,0.0,0.0,57.5,30.3,2.0,0.0,2.0,21.5,0.0
73.66666666666667,226.66666666666666,3.0,0.0,0.0,61.666666666666664,13.233333333333334,2.0,0.0,1.0,35.4432253360529,0.0
12.0,268.0,1.0,0.0,0.0,0.0,30.0,2.0,0.0,1.0,0.0,0.0
93.0,368.0,2.0,0.0,0.0,69.0,30.05,2.0,0.0,2.0,41.0,0.0
52.0,313.0,1.0,0.0,0.0,28.0,31.8,2.0,0.0,1.0,0.0,0.0
3.0,158.0,1.0,0.0,0.0,0.0,20.7,2.0,0.0,1.0,0.0,0.0
93.0,442.0,1.0,0.0,0.0,93.0,26.5,2.0,0.0,1.0,0.0,0.0
75.0,450.0,1.0,0.0,0.0,65.0,30.4,2.0,0.0,1.0,0.0,0.0
89.0,390.0,1.0,0.0,0.0,62.0,20.8,2.0,0.0,3.0,0.0,0.0
87.0,507.0,1.0,0.0,0.0,52.0,34.1,2.0,0.0,1.0,0.0,0.0
44.0,184.0,1.0,0.0,0.0,20.0,31.2,2.0,0.0,3.0,0.0,0.0
33.5,449.0,2.0,0.0,0.0,16.0,13.15,2.0,0.0,2.0,16.0,0.0
64.0,201.0,1.0,0.0,0.0,44.0,29.4,2.0,0.0,2.0,0.0,0.0
72.5,466.0,2.0,0.0,1.0,49.0,32.3,2.0,0.0,2.0,49.0,0.0
60.5,305.0,2.0,0.0,0.0,31.5,19.700000000000003,3.0,1.0,2.0,7.5,0.0
16.0,343.0,1.0,0.0,0.0,0.0,20.3,2.0,0.0,1.0,0.0,0.0
101.0,125.0,1.0,0.0,0.0,83.0,18.2,2.0,0.0,1.0,0.0,0.0
59.0,181.0,1.0,0.0,0.0,21.0,21.2,2.0,0.0,1.0,0.0,0.0
123.0,302.0,1.0,0.0,0.0,86.0,17.6,2.0,0.0,1.0,0.0,0.0
146.0,210.0,1.0,0.0,0.0,118.0,17.1,2.0,0.0,1.0,0.0,0.0
99.0,451.0,1.0,0.0,0.0,81.0,11.7,2.0,0.0,1.0,0.0,0.0
21.0,362.5,2.0,0.0,0.0,13.0,23.599999999999998,2.0,0.0,1.0,13.0,0.0
4.0,168.0,1.0,0.0,0.0,0.0,23.3,2.0,0.0,1.0,0.0,0.0
97.0,146.0,1.0,0.0,0.0,65.0,26.4,2.0,0.0,1.0,0.0,0.0
118.0,272.0,1.0,0.0,0.0,85.0,29.4,2.0,0.0,1.0,0.0,0.0
58.5,232.0,2.0,0.0,0.0,46.0,18.0,2.0,0.0,1.0,46.0,0.0
8.0,352.0,1.0,0.0,0.0,0.0,30.7,4.0,1.0,1.0,0.0,0.0
95.0,251.0,1.0,0.0,0.0,84.0,31.3,2.0,0.0,2.0,0.0,0.0
106.0,330.0,2.0,0.0,0.0,78.0,19.299999999999997,2.0,0.0,1.0,44.0,0.0
107.0,474.0,2.0,0.0,0.0,84.0,17.799999999999997,2.0,0.0,1.0,40.0,0.0
94.0,142.0,1.0,0.0,0.0,54.0,20.9,2.0,0.0,1.0,0.0,0.0
82.5,268.0,2.0,0.0,0.0,63.0,29.049999999999997,2.0,0.0,1.0,32.0,0.0
97.25,342.5,4.0,0.0,0.0,74.25,23.125,2.0,0.0,1.5,30.621683493890405,0.0
113.0,223.5,2.0,0.0,0.0,74.0,27.0,2.0,0.0,1.0,28.0,0.0
66.0,382.0,1.0,1.0,0.0,56.0,16.3,4.0,1.0,3.0,0.0,1.0
91.0,175.0,1.0,0.0,0.0,72.0,15.5,2.0,0.0,1.0,0.0,0.0
71.5,393.0,2.0,0.0,1.0,53.5,27.599999999999998,2.0,0.0,3.0,53.5,0.0
95.5,197.0,2.0,0.0,0.0,80.0,20.65,2.0,0.0,1.0,19.0,0.0
92.0,299.0,2.0,0.0,0.0,77.5,27.25,2.0,0.0,1.5,17.5,0.0
144.0,324.0,1.0,0.0,0.0,106.0,18.2,2.0,0.0,1.0,0.0,0.0
7.0,340.0,1.0,0.0,0.0,0.0,35.5,2.0,0.0,1.0,0.0,0.0
123.5,272.0,2.0,0.0,0.0,76.0,24.7,2.0,0.0,2.0,40.0,0.0
88.5,216.5,2.0,0.0,0.0,62.0,26.05,2.0,0.0,1.0,9.0,0.0
108.0,196.0,1.0,0.0,0.0,92.0,25.9,2.0,0.0,3.0,0.0,0.0
147.0,149.0,1.0,0.0,0.0,118.0,20.3,2.0,0.0,1.0,0.0,0.0
12.0,142.0,1.0,0.0,1.0,0.0,21.4,2.0,0.0,3.0,0.0,0.0
5.0,506.0,1.0,0.0,0.0,0.0,13.7,2.0,0.0,1.0,0.0,0.0
116.0,455.0,1.0,0.0,0.0,112.0,20.6,2.0,0.0,1.0,0.0,0.0
63.5,350.0,2.0,0.0,0.0,43.0,18.55,2.0,0.0,0.5,43.0,0.0
110.0,118.0,1.0,0.0,0.0,68.0,19.4,2.0,0.0,1.0,0.0,0.0
77.0,395.0,1.0,0.0,0.0,42.0,14.6,2.0,0.0,2.0,0.0,0.0
100.0,399.0,1.0,0.0,0.0,110.0,12.4,2.0,0.0,1.0,0.0,0.0
64.0,359.0,1.0,0.0,0.0,69.0,28.2,2.0,0.0,3.0,0.0,0.0
70.0,195.0,1.0,0.0,0.0,61.0,19.3,2.0,0.0,1.0,0.0,0.0
81.5,160.0,2.0,0.0,0.0,72.0,18.25,2.0,0.0,3.0,33.0,0.0
69.0,259.6666666666667,3.0,0.0,1.0,47.0,15.366666666666665,2.0,0.0,2.3333333333333335,33.35665850571167,0.0
80.0,340.0,3.0,0.0,0.0,47.333333333333336,30.2,2.0,0.0,1.0,19.70335560817553,0.0
49.0,299.0,1.0,1.0,0.0,32.0,14.1,4.0,1.0,3.0,0.0,1.0
17.0,490.0,1.0,0.0,0.0,0.0,28.3,2.0,0.0,1.0,0.0,0.0
78.5,280.0,2.0,0.0,0.0,61.0,21.9,2.0,0.0,1.0,20.0,0.0
51.0,502.0,1.0,0.0,0.0,21.0,20.9,2.0,0.0,1.0,0.0,0.0
105.0,362.0,1.0,0.0,0.0,91.0,11.9,2.0,0.0,1.0,0.0,0.0
111.0,405.0,1.0,0.0,0.0,86.0,26.0,2.0,0.0,3.0,0.0,0.0
92.0,303.0,1.0,0.0,0.0,69.0,18.5,2.0,0.0,2.0,0.0,0.0
103.0,377.0,1.0,0.0,0.0,70.0,35.2,2.0,0.0,2.0,0.0,0.0
93.0,404.0,1.0,0.0,0.0,59.0,26.5,2.0,0.0,3.0,0.0,0.0
112.0,502.0,1.0,0.0,0.0,105.0,27.3,2.0,0.0,1.0,0.0,0.0
11.0,334.0,1.0,0.0,0.0,0.0,30.5,2.0,0.0,1.0,0.0,0.0
77.5,394.0,2.0,0.0,0.0,55.5,15.8,2.0,0.0,2.0,32.5,0.0
92.0,476.0,1.0,0.0,0.0,90.0,27.5,2.0,0.0,1.0,0.0,0.0
110.66666666666667,266.6666666666667,3.0,0.0,0.0,86.0,20.53333333333333,2.6666666666666665,1.0,1.0,6.164414002968976,0.0
60.0,392.0,1.0,0.0,0.0,34.0,28.1,2.0,0.0,3.0,0.0,0.0
85.0,295.0,1.0,0.0,0.0,72.0,35.9,2.0,0.0,1.0,0.0,0.0
8.0,230.0,1.0,0.0,0.0,0.0,22.3,2.0,0.0,1.0,0.0,0.0
59.0,468.0,1.0,0.0,0.0,31.0,33.4,2.0,0.0,3.0,0.0,0.0
110.5,200.5,2.0,0.0,0.0,82.5,17.15,2.0,0.0,1.0,26.5,0.0
102.0,221.0,2.0,0.0,0.0,85.5,22.0,2.0,0.0,1.0,30.5,0.0
87.0,120.0,1.0,0.0,0.0,75.0,13.8,2.0,0.0,1.0,0.0,0.0
65.33333333333333,357.3333333333333,3.0,0.0,0.0,39.666666666666664,23.833333333333332,2.0,0.0,1.0,33.98365620248782,0.0
94.5,310.0,2.0,0.0,0.0,60.5,19.45,2.0,0.0,1.0,25.5,0.0
39.0,213.5,2.0,0.0,0.0,24.0,22.4,2.0,0.0,1.0,24.0,0.0
137.0,498.0,1.0,0.0,0.0,126.0,35.4,2.0,0.0,1.0,0.0,0.0
60.0,329.0,1.0,0.0,0.0,49.0,34.5,2.0,0.0,1.0,0.0,0.0
47.0,467.0,1.0,0.0,0.0,31.0,32.9,2.0,0.0,1.0,0.0,0.0
4.0,438.0,1.0,0.0,1.0,0.0,24.0,2.0,0.0,3.0,0.0,0.0
93.0,435.0,1.0,0.0,0.0,71.0,23.4,2.0,0.0,1.0,0.0,0.0
79.5,409.0,2.0,0.0,1.0,59.5,16.55,2.0,0.0,2.0,59.5,0.0
10.0,372.0,1.0,0.0,0.0,0.0,19.6,2.0,0.0,1.0,0.0,0.0
2.0,281.0,1.0,0.0,1.0,0.0,18.8,2.0,0.0,3.0,0.0,0.0
128.5,277.0,2.0,0.0,0.0,102.5,18.75,2.0,0.0,2.0,20.5,0.0
123.0,254.0,1.0,0.0,0.0,94.0,26.7,2.0,0.0,1.0,0.0,0.0
15.0,107.0,1.0,0.0,0.0,0.0,24.0,2.0,0.0,1.0,0.0,0.0
4.0,166.0,1.0,0.0,0.0,0.0,13.8,2.0,0.0,1.0,0.0,0.0
36.25,185.5,4.0,0.0,1.0,25.5,19.775,2.0,0.0,1.5,27.617928959282953,0.0
97.0,103.0,1.0,0.0,0.0,76.0,33.5,2.0,0.0,1.0,0.0,0.0
7.0,263.0,1.0,0.0,1.0,0.0,16.5,2.0,0.0,3.0,0.0,0.0
5.0,396.0,1.0,0.0,0.0,0.0,25.1,2.0,0.0,1.0,0.0,0.0
10.0,177.0,1.0,0.0,1.0,0.0,20.7,2.0,0.0,3.0,0.0,0.0
97.0,138.0,1.0,0.0,0.0,72.0,18.5,2.0,0.0,1.0,0.0,0.0
70.0,406.6666666666667,3.0,0.0,0.0,48.0,28.0,2.0,0.0,1.6666666666666667,34.18576701884378,0.0
20.0,126.0,1.0,0.0,0.0,0.0,25.8,2.0,0.0,1.0,0.0,0.0
70.0,203.5,2.0,0.0,0.0,46.0,23.1,2.0,0.0,1.0,12.0,0.0
87.33333333333333,310.0,3.0,0.0,1.0,64.33333333333333,13.0,2.0,0.0,1.6666666666666667,48.19635763093399,0.0
41.5,357.0,2.0,0.0,1.0,31.0,25.65,2.0,0.0,2.0,31.0,0.0
5.0,209.0,1.0,0.0,0.0,0.0,15.3,2.0,0.0,0.0,0.0,0.0
34.0,369.0,1.0,0.0,0.0,18.0,26.4,2.0,0.0,1.0,0.0,0.0
161.0,71.0,1.0,0.0,0.0,122.0,26.2,2.0,0.0,2.0,0.0,0.0
85.0,351.0,1.0,0.0,0.0,50.0,29.8,2.0,0.0,1.0,0.0,0.0
15.0,446.0,1.0,0.0,0.0,0.0,19.6,2.0,0.0,1.0,0.0,0.0
62.0,184.0,1.0,0.0,0.0,25.0,25.0,2.0,0.0,1.0,0.0,0.0
4.0,367.5,2.0,0.0,0.0,0.0,23.2,2.0,0.0,1.0,0.0,0.0
115.0,312.0,4.0,0.0,0.0,85.5,21.8,2.0,0.0,1.5,40.996951106149346,0.0
11.0,312.0,1.0,0.0,1.0,0.0,31.6,2.0,0.0,3.0,0.0,0.0
129.5,332.0,2.0,0.0,0.0,95.0,34.0,2.0,0.0,3.0,7.0,0.0
77.0,352.0,1.0,0.0,0.0,84.0,13.1,2.0,0.0,1.0,0.0,0.0
61.5,146.0,2.0,0.0,0.0,29.5,17.65,2.0,0.0,1.0,7.5,0.0
78.0,349.0,1.0,0.0,0.0,45.0,17.8,2.0,0.0,3.0,0.0,0.0
74.0,261.0,1.0,0.0,0.0,38.0,19.3,2.0,0.0,1.0,0.0,0.0
155.0,309.0,1.0,0.0,0.0,133.0,15.9,2.0,0.0,2.0,0.0,0.0
62.0,213.66666666666666,3.0,0.0,0.0,46.666666666666664,31.900000000000002,2.0,0.0,1.3333333333333333,35.19785346990479,0.0
79.66666666666667,292.3333333333333,3.0,0.0,0.0,55.0,25.900000000000002,2.0,0.0,2.0,9.626352718795768,0.0
134.0,128.0,1.0,0.0,0.0,90.0,10.6,2.0,0.0,1.0,0.0,0.0
108.0,508.0,1.0,0.0,0.0,90.0,10.6,2.0,0.0,1.0,0.0,0.0
115.0,294.0,1.0,0.0,0.0,114.0,27.9,2.0,0.0,2.0,0.0,0.0
3.0,194.0,1.0,0.0,1.0,0.0,25.9,2.0,0.0,3.0,0.0,0.0
37.5,282.0,2.0,0.0,0.0,19.0,18.95,2.0,0.0,0.5,19.0,0.0
132.0,222.0,1.0,0.0,0.0,105.0,13.9,2.0,0.0,1.0,0.0,0.0
45.0,167.0,1.0,0.0,0.0,29.0,29.4,2.0,0.0,1.0,0.0,0.0
102.0,181.0,1.0,0.0,0.0,84.0,12.2,2.0,0.0,1.0,0.0,0.0
95.0,66.0,1.0,0.0,0.0,75.0,26.3,2.0,0.0,2.0,0.0,0.0
16.0,312.5,2.0,0.0,0.0,0.0,13.2,2.0,0.0,0.5,0.0,0.0
81.0,213.0,1.0,0.0,0.0,45.0,12.0,2.0,0.0,1.0,0.0,0.0
79.0,330.5,2.0,0.0,1.0,56.0,13.75,2.0,0.0,2.0,56.0,0.0
65.0,275.0,2.0,0.0,0.0,46.0,27.6,2.0,0.0,1.0,18.0,0.0
3.0,265.0,1.0,0.0,0.0,0.0,29.0,2.0,0.0,1.0,0.0,0.0
64.5,270.0,2.0,0.0,0.0,46.0,17.65,2.0,0.0,1.0,15.0,0.0
36.0,154.0,1.0,0.0,0.0,27.0,23.3,2.0,0.0,1.0,0.0,0.0
32.0,306.0,2.0,0.0,0.0,18.0,16.7,2.0,0.0,2.0,18.0,0.0
4.0,148.0,1.0,0.0,1.0,0.0,22.2,2.0,0.0,3.0,0.0,0.0
10.0,349.0,1.0,0.0,0.0,0.0,11.3,2.0,0.0,1.0,0.0,0.0
47.0,423.0,1.0,0.0,0.0,37.0,9.9,2.0,0.0,1.0,0.0,0.0
13.0,274.0,1.0,0.0,0.0,0.0,22.1,2.0,0.0,1.0,0.0,0.0
83.0,168.5,2.0,0.0,0.0,65.0,21.799999999999997,2.0,0.0,1.0,65.0,0.0
86.5,286.5,2.0,0.0,0.0,68.5,15.45,2.0,0.0,2.0,49.5,0.0
111.0,199.0,1.0,0.0,0.0,99.0,18.6,2.0,0.0,2.0,0.0,0.0
41.5,78.0,2.0,0.0,0.0,22.0,25.549999999999997,2.0,0.0,2.0,22.0,0.0
11.0,207.0,1.0,0.0,0.0,0.0,27.3,2.0,0.0,1.0,0.0,0.0
73.0,132.0,1.0,0.0,0.0,73.0,22.1,2.0,0.0,1.0,0.0,0.0
36.0,424.5,2.0,0.0,0.0,13.0,24.2,2.0,0.0,1.0,13.0,0.0
59.5,295.0,2.0,0.0,0.0,46.0,28.849999999999998,2.0,0.0,1.0,46.0,0.0
103.0,404.0,1.0,0.0,0.0,82.0,26.3,2.0,0.0,1.0,0.0,0.0
86.0,323.0,2.0,0.0,0.0,74.5,23.15,2.0,0.0,1.0,30.5,0.0
109.0,295.0,1.0,0.0,0.0,70.0,16.1,2.0,0.0,1.0,0.0,0.0
102.0,206.0,2.0,0.0,0.0,77.5,18.45,2.0,0.0,2.0,5.5,0.0
75.5,419.5,2.0,0.0,0.0,48.0,16.5,2.0,0.0,2.0,11.0,0.0
115.66666666666667,182.66666666666666,3.0,0.0,0.0,92.0,23.866666666666664,2.0,0.0,1.0,21.275964529643932,0.0
42.0,143.0,1.0,0.0,0.0,26.0,18.0,2.0,0.0,1.0,0.0,0.0
45.0,305.0,1.0,0.0,0.0,33.0,19.6,2.0,0.0,3.0,0.0,0.0
14.0,293.0,1.0,0.0,0.0,0.0,29.4,2.0,0.0,1.0,0.0,0.0
90.5,185.5,2.0,0.0,0.0,67.5,25.8,2.0,0.0,1.5,17.5,0.0
76.5,298.0,2.0,0.0,1.0,51.5,14.7,2.0,0.0,3.0,51.5,0.0
14.0,234.0,1.0,0.0,0.0,0.0,16.2,2.0,0.0,1.0,0.0,0.0
116.0,77.0,1.0,0.0,0.0,100.0,14.3,2.0,0.0,1.0,0.0,0.0
31.0,295.0,1.0,0.0,0.0,24.0,27.8,2.0,0.0,2.0,0.0,0.0
59.0,327.0,1.0,0.0,0.0,59.0,26.9,2.0,0.0,1.0,0.0,0.0
67.0,234.0,1.0,0.0,0.0,28.0,28.2,2.0,0.0,1.0,0.0,0.0
58.5,217.0,2.0,0.0,0.0,40.5,20.8,2.0,0.0,1.0,40.5,0.0
4.0,216.0,1.0,0.0,0.0,0.0,21.4,2.0,0.0,1.0,0.0,0.0
39.0,204.0,3.0,0.0,1.0,28.333333333333332,25.133333333333336,2.0,0.0,2.0,25.590796956892316,0.0
109.0,123.0,1.0,0.0,0.0,107.0,36.6,2.0,0.0,2.0,0.0,0.0
107.0,346.0,1.0,0.0,0.0,104.0,23.7,2.0,0.0,2.0,0.0,0.0
62.0,171.0,2.0,0.0,0.0,44.5,22.35,2.0,0.0,3.0,4.5,0.0
125.0,234.0,1.0,0.0,0.0,91.0,21.8,2.0,0.0,1.0,0.0,0.0
66.5,373.5,2.0,0.0,1.0,36.5,23.799999999999997,2.0,0.0,2.0,36.5,0.0
118.0,226.0,1.0,0.0,0.0,116.0,12.8,2.0,0.0,1.0,0.0,0.0
116.0,195.5,2.0,0.0,0.0,91.5,23.6,2.0,0.0,2.0,10.5,0.0
130.0,187.0,1.0,0.0,0.0,93.0,23.3,2.0,0.0,1.0,0.0,0.0
31.5,134.0,2.0,0.0,1.0,11.0,21.15,2.0,0.0,3.0,11.0,0.0
84.0,360.0,1.0,0.0,0.0,49.0,20.3,2.0,0.0,1.0,0.0,0.0
123.0,115.0,1.0,0.0,0.0,106.0,23.7,2.0,0.0,1.0,0.0,0.0
111.0,458.0,1.0,0.0,0.0,92.0,31.7,2.0,0.0,1.0,0.0,0.0
104.5,123.0,2.0,0.0,0.0,79.5,20.7,2.0,0.0,1.0,37.5,0.0
5.0,182.0,1.0,0.0,0.0,0.0,17.4,4.0,1.0,1.0,0.0,0.0
84.5,285.0,2.0,0.0,0.0,63.0,20.450000000000003,2.0,0.0,1.0,29.0,0.0
93.0,166.0,1.0,0.0,0.0,80.0,33.4,2.0,0.0,3.0,0.0,0.0
95.0,338.0,1.0,0.0,0.0,70.0,16.3,2.0,0.0,3.0,0.0,0.0
66.0,454.0,1.0,0.0,0.0,43.0,31.3,2.0,0.0,1.0,0.0,0.0
100.5,296.5,2.0,0.0,0.0,96.0,28.7,2.0,0.0,2.0,3.0,0.0
10.0,324.0,1.0,0.0,0.0,0.0,31.5,2.0,0.0,1.0,0.0,0.0
116.0,66.0,1.0,0.0,0.0,74.0,26.8,2.0,0.0,2.0,0.0,0.0
88.0,77.0,1.0,0.0,0.0,59.0,19.6,2.0,0.0,1.0,0.0,0.0
55.0,156.0,2.0,0.0,1.0,50.5,16.7,3.0,1.0,2.0,50.5,0.0
10.0,100.0,1.0,0.0,1.0,0.0,19.8,2.0,0.0,3.0,0.0,0.0
108.0,281.0,2.0,0.0,0.0,95.0,28.75,2.0,0.0,1.5,33.0,0.0
88.5,370.0,2.0,0.0,0.0,64.5,29.5,2.0,0.0,1.5,11.5,0.0
17.0,293.0,1.0,0.0,0.0,0.0,28.5,2.0,0.0,1.0,0.0,0.0
80.0,79.0,1.0,0.0,0.0,81.0,13.2,2.0,0.0,1.0,0.0,0.0
90.5,122.5,2.0,0.0,0.0,70.0,26.6,3.0,1.0,2.0,26.0,0.0
52.0,67.0,1.0,0.0,0.0,31.0,33.5,2.0,0.0,1.0,0.0,0.0
4.0,254.0,1.0,0.0,0.0,0.0,30.2,2.0,0.0,1.0,0.0,0.0
7.0,251.0,1.0,0.0,0.0,0.0,36.6,2.0,0.0,1.0,0.0,0.0
66.0,134.0,1.0,0.0,0.0,62.0,32.2,2.0,0.0,1.0,0.0,0.0
17.0,455.0,1.0,0.0,1.0,0.0,11.5,2.0,0.0,3.0,0.0,0.0
100.0,333.0,1.0,0.0,0.0,100.0,33.8,2.0,0.0,1.0,0.0,0.0
121.0,487.0,1.0,0.0,0.0,109.0,32.6,2.0,0.0,1.0,0.0,0.0
92.0,281.5,2.0,0.0,0.0,80.0,20.35,2.0,0.0,2.0,21.0,0.0
15.0,243.0,1.0,0.0,1.0,0.0,23.5,2.0,0.0,3.0,0.0,0.0
32.0,277.0,1.0,0.0,0.0,28.0,31.3,2.0,0.0,3.0,0.0,0.0
97.0,213.0,1.0,0.0,0.0,89.0,27.3,2.0,0.0,1.0,0.0,0.0
49.0,357.0,2.0,0.0,0.0,38.5,26.15,2.0,0.0,1.0,38.5,0.0
77.33333333333333,214.0,3.0,0.0,1.0,56.0,26.53333333333333,2.0,0.0,2.6666666666666665,40.792156108742276,0.0
109.0,255.0,1.0,0.0,0.0,79.0,36.0,2.0,0.0,1.0,0.0,0.0
109.0,359.0,1.0,0.0,0.0,92.0,12.5,2.0,0.0,1.0,0.0,0.0
72.0,510.0,1.0,0.0,0.0,68.0,28.9,2.0,0.0,1.0,0.0,0.0
40.0,200.0,1.0,0.0,0.0,27.0,23.3,2.0,0.0,1.0,0.0,0.0
101.0,225.0,1.0,0.0,0.0,79.0,10.2,2.0,0.0,1.0,0.0,0.0
7.0,348.0,1.0,0.0,0.0,0.0,20.8,2.0,0.0,1.0,0.0,0.0
126.0,284.0,1.0,0.0,0.0,93.0,28.9,2.0,0.0,1.0,0.0,0.0
18.0,419.0,1.0,0.0,0.0,0.0,25.0,2.0,0.0,1.0,0.0,0.0
107.0,377.0,4.0,0.0,0.0,80.75,20.1,2.0,0.0,2.0,28.05686190577984,0.0
70.0,331.0,2.0,0.0,1.0,54.5,22.75,2.0,0.0,2.0,54.5,0.0
35.0,311.0,1.0,0.0,0.0,33.0,19.4,2.0,0.0,1.0,0.0,0.0
15.0,446.0,1.0,0.0,0.0,0.0,19.3,2.0,0.0,1.0,0.0,0.0
15.0,504.0,1.0,0.0,0.0,0.0,30.6,2.0,0.0,1.0,0.0,0.0
75.0,256.0,2.0,0.0,0.0,68.5,23.950000000000003,2.0,0.0,2.0,29.5,0.0
7.0,498.0,1.0,0.0,1.0,0.0,16.0,2.0,0.0,3.0,0.0,0.0
80.0,406.0,1.0,0.0,0.0,62.0,11.7,2.0,0.0,1.0,0.0,0.0
54.0,202.0,1.0,0.0,0.0,44.0,28.3,2.0,0.0,1.0,0.0,0.0
7.0,410.0,1.0,0.0,0.0,0.0,16.9,2.0,0.0,1.0,0.0,0.0
79.0,484.0,2.0,0.0,0.0,73.5,11.15,2.0,0.0,1.5,3.5,0.0
79.0,469.0,2.0,0.0,0.0,65.0,28.6,3.0,1.0,1.5,26.0,0.0
144.0,257.0,1.0,0.0,0.0,116.0,24.3,2.0,0.0,1.0,0.0,0.0
108.0,333.0,1.0,0.0,0.0,83.0,14.8,2.0,0.0,3.0,0.0,0.0
69.0,445.5,2.0,0.0,0.0,54.5,24.299999999999997,2.0,0.0,1.0,9.5,0.0
101.33333333333333,143.33333333333334,3.0,0.0,0.0,71.0,15.633333333333335,2.0,0.0,2.0,29.13188402192118,0.0
19.0,323.0,1.0,0.0,0.0,0.0,27.7,2.0,0.0,0.0,0.0,0.0
3.0,431.0,1.0,0.0,0.0,0.0,26.8,2.0,0.0,0.0,0.0,0.0
82.0,98.0,1.0,0.0,0.0,41.0,24.9,2.0,0.0,1.0,0.0,0.0
137.0,151.0,1.0,0.0,0.0,112.0,10.2,2.0,0.0,1.0,0.0,0.0
33.0,388.0,1.0,0.0,0.0,32.0,24.4,2.0,0.0,1.0,0.0,0.0
59.5,241.0,2.0,0.0,0.0,26.5,29.95,2.0,0.0,1.0,26.5,0.0
116.0,445.0,1.0,0.0,0.0,76.0,22.3,2.0,0.0,1.0,0.0,0.0
103.33333333333333,244.33333333333334,3.0,0.0,0.0,64.33333333333333,27.866666666666664,2.0,0.0,1.0,20.853989759489405,0.0
4.0,350.0,1.0,0.0,0.0,0.0,16.4,2.0,0.0,1.0,0.0,0.0
135.0,211.0,1.0,0.0,0.0,104.0,19.6,2.0,0.0,1.0,0.0,0.0
85.66666666666667,286.3333333333333,3.0,0.0,0.0,67.66666666666667,31.8,2.0,0.0,1.0,49.100803342602134,0.0
125.5,246.0,2.0,0.0,0.0,106.5,23.95,2.0,0.0,1.0,14.5,0.0
9.0,430.0,1.0,0.0,0.0,0.0,14.1,2.0,0.0,0.0,0.0,0.0
110.0,329.0,1.0,0.0,0.0,92.0,15.8,2.0,0.0,1.0,0.0,0.0
109.0,99.0,1.0,0.0,0.0,91.0,24.9,2.0,0.0,1.0,0.0,0.0
9.0,326.0,1.0,0.0,1.0,0.0,24.1,2.0,0.0,3.0,0.0,0.0
79.0,489.0,1.0,0.0,0.0,62.0,12.7,2.0,0.0,3.0,0.0,0.0
59.0,480.0,1.0,0.0,0.0,47.0,23.7,2.0,0.0,1.0,0.0,0.0
111.0,78.0,1.0,0.0,0.0,95.0,21.0,2.0,0.0,3.0,0.0,0.0
13.0,405.0,1.0,0.0,0.0,0.0,14.9,2.0,0.0,0.0,0.0,0.0
14.0,435.0,1.0,0.0,0.0,0.0,18.4,2.0,0.0,1.0,0.0,0.0
11.0,69.0,1.0,0.0,0.0,0.0,12.9,2.0,0.0,1.0,0.0,0.0
122.0,445.0,1.0,0.0,0.0,114.0,23.2,2.0,0.0,1.0,0.0,0.0
60.0,108.5,2.0,0.0,1.0,47.0,18.8,2.0,0.0,3.0,47.0,0.0
10.0,294.0,1.0,0.0,1.0,0.0,17.0,2.0,0.0,3.0,0.0,0.0
81.5,185.0,2.0,0.0,0.0,53.5,25.8,2.0,0.0,2.0,0.5,0.0
111.0,92.0,1.0,0.0,0.0,96.0,32.7,2.0,0.0,1.0,0.0,0.0
18.5,184.0,2.0,0.0,1.0,0.0,15.75,2.0,0.0,2.0,0.0,0.0
7.0,252.0,1.0,0.0,1.0,0.0,14.8,2.0,0.0,3.0,0.0,0.0
113.0,76.0,1.0,0.0,0.0,103.0,20.4,2.0,0.0,1.0,0.0,0.0
67.0,316.0,1.0,0.0,0.0,31.0,23.6,2.0,0.0,1.0,0.0,0.0
106.0,228.0,1.0,0.0,0.0,83.0,16.8,2.0,0.0,1.0,0.0,0.0
10.0,279.0,1.0,0.0,1.0,0.0,21.2,2.0,0.0,3.0,0.0,0.0
6.0,438.0,1.0,0.0,0.0,0.0,16.5,4.0,1.0,1.0,0.0,0.0
131.5,346.5,2.0,0.0,0.0,98.5,24.6,2.0,0.0,1.0,17.5,0.0
69.5,154.5,2.0,0.0,0.0,48.0,23.0,2.0,0.0,1.0,48.0,0.0
42.0,311.0,1.0,0.0,0.0,20.0,23.1,2.0,0.0,1.0,0.0,0.0
119.66666666666667,336.0,3.0,0.0,0.0,87.66666666666667,18.8,2.0,0.0,1.6666666666666667,17.46106780494506,0.0
71.5,320.5,2.0,0.0,1.0,55.5,18.2,2.0,0.0,2.0,55.5,0.0
64.0,248.0,2.0,0.0,0.0,31.5,23.85,2.0,0.0,2.0,8.5,0.0
120.66666666666667,155.66666666666666,3.0,0.0,0.0,80.33333333333333,20.633333333333333,2.0,0.0,1.6666666666666667,57.05163353392161,0.0
126.0,499.0,1.0,0.0,0.0,104.0,16.9,2.0,0.0,1.0,0.0,0.0
102.0,179.0,1.0,0.0,0.0,93.0,13.7,2.0,0.0,2.0,0.0,0.0
72.0,94.0,1.0,0.0,0.0,32.0,20.5,2.0,0.0,3.0,0.0,0.0
148.0,400.0,1.0,0.0,0.0,100.0,21.0,2.0,0.0,1.0,0.0,0.0
133.0,314.0,1.0,0.0,0.0,130.0,18.2,2.0,0.0,1.0,0.0,0.0
36.666666666666664,353.3333333333333,3.0,0.0,0.0,26.666666666666668,22.933333333333334,2.0,0.0,1.0,37.71236166328253,0.0
94.5,293.0,2.0,0.0,0.0,74.5,28.0,2.0,0.0,2.0,46.5,0.0
4.0,193.0,1.0,0.0,1.0,0.0,25.1,2.0,0.0,3.0,0.0,0.0
67.0,287.0,1.0,0.0,0.0,24.0,29.0,2.0,0.0,1.0,0.0,0.0
105.0,417.0,1.0,0.0,0.0,96.0,28.5,2.0,0.0,1.0,0.0,0.0
120.0,367.0,1.0,0.0,0.0,99.0,11.9,2.0,0.0,1.0,0.0,0.0
115.5,174.5,2.0,0.0,0.0,100.5,18.450000000000003,2.0,0.0,2.0,16.5,0.0
50.666666666666664,231.0,3.0,0.0,0.0,25.333333333333332,19.533333333333335,2.0,0.0,1.3333333333333333,18.372685039360892,0.0
92.0,272.0,1.0,0.0,0.0,74.0,20.7,2.0,0.0,1.0,0.0,0.0
70.0,464.0,1.0,0.0,0.0,60.0,12.8,2.0,0.0,3.0,0.0,0.0
41.0,268.5,2.0,0.0,0.0,16.5,30.4,2.0,0.0,1.5,16.5,0.0
41.0,385.0,2.0,0.0,0.0,22.5,23.25,3.0,1.0,1.0,22.5,0.0
50.0,435.0,1.0,0.0,0.0,44.0,25.8,2.0,0.0,3.0,0.0,0.0
133.0,420.0,1.0,0.0,0.0,96.0,25.3,2.0,0.0,1.0,0.0,0.0
138.0,75.0,1.0,0.0,0.0,106.0,33.1,2.0,0.0,1.0,0.0,0.0
37.0,422.0,1.0,0.0,0.0,37.0,21.2,2.0,0.0,1.0,0.0,0.0
147.0,411.0,1.0,0.0,0.0,118.0,22.1,2.0,0.0,3.0,0.0,0.0
72.5,403.5,2.0,0.0,0.0,50.0,22.15,2.0,0.0,1.0,25.0,0.0
15.0,453.0,1.0,0.0,1.0,0.0,17.0,2.0,0.0,3.0,0.0,0.0
110.0,477.0,1.0,0.0,0.0,93.0,15.9,2.0,0.0,3.0,0.0,0.0
100.66666666666667,324.3333333333333,3.0,0.0,0.0,86.33333333333333,29.866666666666664,2.0,0.0,1.6666666666666667,15.456030825826174,0.0
57.0,233.5,2.0,0.0,0.0,24.0,13.4,2.0,0.0,1.0,4.0,0.0
56.0,246.0,2.0,0.0,0.0,34.5,31.9,2.0,0.0,1.0,13.5,0.0
113.0,255.0,1.0,0.0,0.0,111.0,31.7,2.0,0.0,3.0,0.0,0.0
89.5,463.5,2.0,0.0,0.0,77.0,35.2,2.0,0.0,1.0,6.0,0.0
54.333333333333336,334.6666666666667,3.0,0.0,1.0,38.666666666666664,31.2,2.0,0.0,2.3333333333333335,35.64017707899643,0.0
68.0,200.0,1.0,0.0,0.0,61.0,23.4,2.0,0.0,1.0,0.0,0.0
110.33333333333333,335.3333333333333,3.0,0.0,0.0,84.66666666666667,24.633333333333336,2.6666666666666665,1.0,1.6666666666666667,44.28945196720722,0.0
20.0,262.0,1.0,0.0,1.0,0.0,29.4,2.0,0.0,3.0,0.0,0.0
163.0,155.0,1.0,0.0,0.0,120.0,23.8,2.0,0.0,1.0,0.0,0.0
6.5,184.0,2.0,0.0,0.0,0.0,25.95,2.0,0.0,1.0,0.0,0.0
83.0,428.0,3.0,0.0,0.0,59.333333333333336,25.53333333333333,2.0,0.0,1.3333333333333333,42.24005471376928,0.0
54.0,301.5,2.0,0.0,0.0,49.5,24.549999999999997,2.0,0.0,1.5,49.5,0.0
17.0,129.0,1.0,0.0,1.0,0.0,19.1,2.0,0.0,3.0,0.0,0.0
53.0,198.0,1.0,0.0,0.0,31.0,27.6,2.0,0.0,3.0,0.0,0.0
97.5,364.0,2.0,0.0,0.0,73.5,27.8,2.0,0.0,1.0,11.5,0.0
12.0,381.0,1.0,0.0,0.0,0.0,20.2,2.0,0.0,1.0,0.0,0.0
69.0,475.0,1.0,0.0,0.0,56.0,16.6,2.0,0.0,1.0,0.0,0.0
13.0,462.0,1.0,0.0,0.0,0.0,14.1,2.0,0.0,0.0,0.0,0.0
58.0,268.0,1.0,1.0,0.0,32.0,17.4,4.0,1.0,3.0,0.0,1.0
79.0,280.0,1.0,0.0,0.0,67.0,24.7,2.0,0.0,1.0,0.0,0.0
81.0,220.0,2.0,0.0,0.0,49.5,19.35,2.0,0.0,1.0,26.5,0.0
77.0,407.0,1.0,0.0,0.0,50.0,25.2,2.0,0.0,3.0,0.0,0.0
10.0,399.0,1.0,0.0,1.0,0.0,12.6,2.0,0.0,3.0,0.0,0.0
9.0,258.0,1.0,0.0,0.0,0.0,9.9,2.0,0.0,1.0,0.0,0.0
72.0,314.5,2.0,0.0,0.0,60.0,26.5,2.0,0.0,2.0,8.0,0.0
106.5,396.5,2.0,0.0,0.0,84.0,30.450000000000003,2.0,0.0,2.0,26.0,0.0
92.0,341.5,2.0,0.0,0.0,68.0,17.3,2.0,0.0,1.0,68.0,0.0
51.0,328.0,1.0,0.0,0.0,32.0,18.6,2.0,0.0,1.0,0.0,0.0
41.0,252.5,2.0,0.0,1.0,29.0,18.799999999999997,2.0,0.0,2.0,29.0,0.0
100.0,173.5,2.0,0.0,0.0,90.5,30.450000000000003,2.0,0.0,1.0,15.5,0.0
116.0,342.0,1.0,0.0,0.0,85.0,11.7,2.0,0.0,1.0,0.0,0.0
65.0,260.0,1.0,0.0,0.0,59.0,19.8,2.0,0.0,1.0,0.0,0.0
44.0,422.0,1.0,0.0,0.0,33.0,28.7,2.0,0.0,1.0,0.0,0.0
103.0,206.0,1.0,0.0,0.0,66.0,27.7,2.0,0.0,1.0,0.0,0.0
75.5,371.5,2.0,0.0,0.0,66.5,17.6,2.0,0.0,1.5,18.5,0.0
106.0,226.0,2.0,0.0,0.0,83.5,12.75,2.0,0.0,2.0,12.5,0.0
90.33333333333333,275.3333333333333,3.0,0.0,0.0,81.0,16.866666666666664,2.0,0.0,1.3333333333333333,28.296053906272277,0.0
68.0,416.0,1.0,0.0,0.0,53.0,35.3,2.0,0.0,1.0,0.0,0.0
7.0,264.0,1.0,0.0,1.0,0.0,9.3,2.0,0.0,3.0,0.0,0.0
130.0,106.0,1.0,0.0,0.0,112.0,14.4,2.0,0.0,3.0,0.0,0.0
36.0,261.5,2.0,0.0,0.0,16.5,26.3,2.0,0.0,1.0,16.5,0.0
81.0,293.0,1.0,0.0,0.0,58.0,32.2,2.0,0.0,2.0,0.0,0.0
107.0,65.0,1.0,0.0,0.0,100.0,36.4,2.0,0.0,1.0,0.0,0.0
38.25,427.0,4.0,0.0,1.0,24.25,19.725,2.0,0.0,2.0,28.252212302756046,0.0
142.0,169.0,1.0,0.0,0.0,104.0,15.2,2.0,0.0,1.0,0.0,0.0
7.0,233.0,1.0,0.0,0.0,0.0,20.7,2.0,0.0,1.0,0.0,0.0
43.0,93.0,1.0,0.0,0.0,22.0,11.4,2.0,0.0,3.0,0.0,0.0
58.0,254.0,1.0,0.0,0.0,32.0,28.6,2.0,0.0,1.0,0.0,0.0
24.5,222.0,2.0,0.0,1.0,16.5,21.299999999999997,2.0,0.0,3.0,16.5,0.0
94.0,122.0,1.0,0.0,0.0,48.0,29.5,2.0,0.0,1.0,0.0,0.0
60.5,439.0,2.0,0.0,0.0,43.5,22.95,2.0,0.0,1.5,5.5,0.0
120.0,161.0,1.0,0.0,0.0,118.0,12.5,2.0,0.0,1.0,0.0,0.0
68.0,104.0,1.0,0.0,0.0,51.0,20.5,2.0,0.0,2.0,0.0,0.0
109.0,231.0,1.0,0.0,0.0,88.0,16.9,2.0,0.0,1.0,0.0,0.0
91.0,376.0,1.0,0.0,0.0,54.0,26.4,2.0,0.0,1.0,0.0,0.0
81.33333333333333,262.6666666666667,3.0,0.0,0.0,65.66666666666667,15.333333333333334,2.0,0.0,1.6666666666666667,50.24163833139025,0.0
94.0,186.0,2.0,0.0,0.0,71.0,17.15,2.0,0.0,1.0,14.0,0.0
98.0,482.0,1.0,0.0,0.0,67.0,18.5,2.0,0.0,1.0,0.0,0.0
15.0,103.0,1.0,0.0,0.0,0.0,33.2,2.0,0.0,1.0,0.0,0.0
135.0,460.0,1.0,0.0,0.0,106.0,15.4,2.0,0.0,1.0,0.0,0.0
43.0,219.0,2.0,0.0,0.0,25.5,13.7,2.0,0.0,0.5,25.5,0.0
18.0,352.0,1.0,0.0,0.0,0.0,12.5,2.0,0.0,1.0,0.0,0.0
90.0,170.0,1.0,0.0,0.0,60.0,23.3,2.0,0.0,1.0,0.0,0.0
6.0,483.0,1.0,0.0,1.0,0.0,22.4,2.0,0.0,3.0,0.0,0.0
127.0,113.0,1.0,0.0,0.0,112.0,21.4,2.0,0.0,1.0,0.0,0.0
58.0,458.0,1.0,0.0,0.0,27.0,30.0,2.0,0.0,1.0,0.0,0.0
64.5,245.0,2.0,0.0,0.0,56.0,23.1,2.0,0.0,1.0,22.0,0.0
99.66666666666667,371.6666666666667,3.0,0.0,0.0,84.66666666666667,20.733333333333334,2.0,0.0,1.0,19.754043186705406,0.0
48.0,199.0,1.0,0.0,0.0,39.0,30.2,2.0,0.0,1.0,0.0,0.0
42.333333333333336,257.6666666666667,3.0,0.0,2.0,23.666666666666668,23.73333333333333,2.0,0.0,2.0,33.469720976163245,0.0
85.0,492.0,1.0,0.0,0.0,64.0,12.1,2.0,0.0,3.0,0.0,0.0
122.0,419.0,1.0,0.0,0.0,79.0,39.0,2.0,0.0,1.0,0.0,0.0
100.0,467.0,1.0,0.0,0.0,89.0,13.2,2.0,0.0,3.0,0.0,0.0
103.66666666666667,318.0,3.0,0.0,0.0,64.33333333333333,24.933333333333334,2.0,0.0,2.0,37.3482113211448,0.0
69.0,176.0,1.0,0.0,0.0,40.0,30.2,2.0,0.0,1.0,0.0,0.0
80.33333333333333,219.33333333333334,3.0,0.0,0.0,58.333333333333336,23.100000000000005,2.0,0.0,1.6666666666666667,47.35914789023224,0.0
4.0,493.0,1.0,0.0,1.0,0.0,16.8,2.0,0.0,3.0,0.0,0.0
152.0,357.0,1.0,0.0,0.0,120.0,38.8,2.0,0.0,1.0,0.0,0.0
90.0,350.0,1.0,0.0,0.0,68.0,18.5,2.0,0.0,1.0,0.0,0.0
48.333333333333336,477.3333333333333,3.0,0.0,0.0,32.333333333333336,20.966666666666665,2.0,0.0,0.6666666666666666,45.726238516730064,0.0
54.0,98.0,1.0,0.0,0.0,42.0,25.8,2.0,0.0,3.0,0.0,0.0
56.5,284.5,2.0,0.0,0.0,34.0,27.25,3.0,1.0,1.0,1.0,0.0
48.0,442.0,1.0,0.0,0.0,38.0,13.6,2.0,0.0,2.0,0.0,0.0
60.0,176.0,1.0,0.0,0.0,45.0,23.8,2.0,0.0,1.0,0.0,0.0
131.0,351.0,1.0,0.0,0.0,104.0,14.0,2.0,0.0,1.0,0.0,0.0
2.0,253.0,1.0,0.0,0.0,0.0,37.2,2.0,0.0,1.0,0.0,0.0
63.666666666666664,402.0,3.0,0.0,0.0,44.333333333333336,23.833333333333332,2.0,0.0,1.0,33.229839334884275,0.0
62.0,344.5,2.0,0.0,0.0,41.5,29.7,2.0,0.0,0.5,41.5,0.0
80.5,278.5,2.0,0.0,0.0,49.5,30.95,2.0,0.0,2.0,15.5,0.0
103.0,197.0,1.0,0.0,0.0,77.0,30.1,2.0,0.0,1.0,0.0,0.0
13.0,220.0,1.0,0.0,0.0,0.0,25.0,2.0,0.0,1.0,0.0,0.0
77.0,330.0,1.0,0.0,0.0,56.0,31.6,2.0,0.0,1.0,0.0,0.0
107.0,364.0,2.0,0.0,0.0,93.0,22.950000000000003,2.0,0.0,1.0,24.0,0.0
72.5,236.5,2.0,0.0,0.0,54.5,34.5,2.0,0.0,0.5,54.5,0.0
126.0,183.0,1.0,0.0,0.0,118.0,17.4,2.0,0.0,1.0,0.0,0.0
62.0,209.0,2.0,0.0,0.0,35.0,17.65,2.0,0.0,1.0,15.0,0.0
87.0,506.0,1.0,0.0,0.0,50.0,35.2,2.0,0.0,1.0,0.0,0.0
3.0,150.0,1.0,0.0,1.0,0.0,28.5,2.0,0.0,3.0,0.0,0.0
105.0,463.0,1.0,0.0,0.0,82.0,22.8,2.0,0.0,1.0,0.0,0.0
82.75,329.0,4.0,0.0,0.0,67.0,27.8,2.0,0.0,1.0,13.416407864998739,0.0
36.333333333333336,421.6666666666667,3.0,0.0,0.0,16.333333333333332,24.766666666666666,2.0,0.0,1.0,23.098821518760555,0.0
57.0,248.5,2.0,0.0,0.0,50.5,24.950000000000003,2.0,0.0,2.0,19.5,0.0
84.0,340.0,1.0,0.0,0.0,84.0,16.8,2.0,0.0,1.0,0.0,0.0
138.0,366.0,1.0,0.0,0.0,108.0,18.7,2.0,0.0,3.0,0.0,0.0
62.666666666666664,420.0,3.0,0.0,0.0,46.666666666666664,20.333333333333332,2.0,0.0,0.6666666666666666,37.57067414294765,0.0
14.5,127.5,2.0,0.0,1.0,0.0,21.85,2.0,0.0,1.5,0.0,0.0
12.0,302.0,1.0,0.0,0.0,0.0,34.0,2.0,0.0,0.0,0.0,0.0
9.0,129.0,1.0,0.0,1.0,0.0,27.3,2.0,0.0,3.0,0.0,0.0
85.0,226.0,1.0,0.0,0.0,66.0,25.7,2.0,0.0,1.0,0.0,0.0
70.0,357.0,1.0,0.0,0.0,47.0,18.1,2.0,0.0,1.0,0.0,0.0
66.0,474.0,1.0,0.0,0.0,54.0,10.7,2.0,0.0,2.0,0.0,0.0
48.0,211.0,1.0,0.0,0.0,35.0,18.7,2.0,0.0,3.0,0.0,0.0
85.5,274.0,2.0,0.0,0.0,79.0,24.95,2.0,0.0,1.0,15.0,0.0
18.0,383.0,1.0,0.0,1.0,0.0,22.6,2.0,0.0,3.0,0.0,0.0
35.5,433.0,2.0,0.0,0.0,19.0,18.6,2.0,0.0,2.0,19.0,0.0
52.0,177.0,2.0,0.0,0.0,33.0,23.65,2.0,0.0,1.0,33.0,0.0
136.0,138.0,1.0,0.0,0.0,110.0,21.4,2.0,0.0,1.0,0.0,0.0
150.0,380.0,1.0,0.0,0.0,102.0,37.5,2.0,0.0,1.0,0.0,0.0
101.5,117.5,2.0,0.0,0.0,62.0,24.25,2.0,0.0,1.0,1.0,0.0
103.0,250.0,2.0,0.0,0.0,78.0,17.35,2.0,0.0,2.0,41.0,0.0
92.0,456.0,2.0,0.0,0.0,72.0,12.95,2.0,0.0,2.0,16.0,0.0
117.0,382.0,1.0,0.0,0.0,127.0,20.2,4.0,1.0,1.0,0.0,0.0
79.0,224.0,1.0,0.0,0.0,52.0,15.1,2.0,0.0,1.0,0.0,0.0
50.0,171.0,1.0,0.0,0.0,36.0,22.0,2.0,0.0,1.0,0.0,0.0
67.0,443.0,1.0,0.0,0.0,44.0,31.0,4.0,1.0,1.0,0.0,0.0
84.0,427.0,1.0,0.0,0.0,51.0,24.0,2.0,0.0,1.0,0.0,0.0
5.0,242.0,1.0,0.0,0.0,0.0,25.5,2.0,0.0,0.0,0.0,0.0
17.0,253.0,1.0,0.0,0.0,0.0,30.6,2.0,0.0,1.0,0.0,0.0
92.0,104.0,1.0,0.0,0.0,68.0,23.3,2.0,0.0,3.0,0.0,0.0
8.0,199.0,1.0,0.0,0.0,0.0,27.8,2.0,0.0,1.0,0.0,0.0
73.0,509.0,1.0,0.0,0.0,67.0,19.7,2.0,0.0,1.0,0.0,0.0
79.0,354.0,2.0,0.0,0.0,47.5,25.85,2.0,0.0,1.0,1.5,0.0
62.0,370.0,1.0,0.0,0.0,51.0,31.9,2.0,0.0,3.0,0.0,0.0
126.5,353.0,2.0,0.0,0.0,90.0,25.25,2.0,0.0,1.5,27.0,0.0
27.0,318.0,4.0,0.0,1.0,16.25,16.75,2.0,0.0,1.5,28.145825622994256,0.0
87.0,220.0,1.0,0.0,0.0,75.0,28.4,2.0,0.0,3.0,0.0,0.0
83.0,314.0,1.0,0.0,0.0,40.0,36.2,2.0,0.0,1.0,0.0,0.0
112.0,194.0,1.0,0.0,0.0,93.0,15.6,2.0,0.0,2.0,0.0,0.0
127.33333333333333,253.33333333333334,3.0,0.0,0.0,101.0,22.066666666666666,2.0,0.0,1.0,58.80476171195663,0.0
130.0,277.0,1.0,0.0,0.0,120.0,33.1,2.0,0.0,1.0,0.0,0.0
76.0,433.3333333333333,3.0,0.0,0.0,59.333333333333336,25.433333333333334,2.0,0.0,1.3333333333333333,49.862031870173745,0.0
40.0,295.3333333333333,3.0,0.0,0.0,25.666666666666668,13.800000000000002,2.0,0.0,0.6666666666666666,36.29814810090944,0.0
14.0,327.0,1.0,0.0,0.0,0.0,19.8,2.0,0.0,0.0,0.0,0.0
113.0,298.0,1.0,0.0,0.0,88.0,17.1,2.0,0.0,3.0,0.0,0.0
64.0,479.0,1.0,0.0,0.0,45.0,27.7,2.0,0.0,1.0,0.0,0.0
69.0,352.3333333333333,3.0,0.0,0.0,50.666666666666664,19.76666666666667,2.0,0.0,1.6666666666666667,36.935379004718804,0.0
74.0,498.0,1.0,0.0,0.0,61.0,29.1,2.0,0.0,3.0,0.0,0.0
150.0,335.0,1.0,0.0,0.0,125.0,27.8,2.0,0.0,3.0,0.0,0.0
78.0,302.0,1.0,0.0,0.0,59.0,28.0,2.0,0.0,3.0,0.0,0.0
155.5,243.5,2.0,0.0,0.0,111.5,17.85,2.0,0.0,1.0,12.5,0.0
119.0,437.0,1.0,0.0,0.0,100.0,15.8,2.0,0.0,3.0,0.0,0.0
11.0,337.0,2.0,0.0,1.0,0.0,26.0,2.0,0.0,2.0,0.0,0.0
101.0,311.0,1.0,0.0,0.0,65.0,12.2,2.0,0.0,1.0,0.0,0.0
132.0,471.0,1.0,0.0,0.0,88.0,17.8,2.0,0.0,1.0,0.0,0.0
120.0,200.0,1.0,0.0,0.0,110.0,15.7,2.0,0.0,1.0,0.0,0.0
96.0,361.0,1.0,0.0,0.0,50.0,18.2,2.0,0.0,1.0,0.0,0.0
75.0,67.0,1.0,0.0,0.0,33.0,34.8,2.0,0.0,1.0,0.0,0.0
100.0,456.0,1.0,0.0,0.0,65.0,31.3,2.0,0.0,1.0,0.0,0.0
63.0,182.0,1.0,0.0,0.0,50.0,19.1,2.0,0.0,1.0,0.0,0.0
33.0,335.3333333333333,3.0,0.0,1.0,21.666666666666668,19.966666666666665,2.0,0.0,1.6666666666666667,30.641293851417057,0.0
81.0,475.0,1.0,0.0,0.0,70.0,20.3,2.0,0.0,1.0,0.0,0.0
79.5,219.0,2.0,0.0,0.0,60.5,21.85,3.0,1.0,0.5,60.5,0.0
68.5,259.0,2.0,0.0,1.0,51.0,20.75,2.0,0.0,2.0,51.0,0.0
9.0,69.0,1.0,0.0,0.0,0.0,23.6,2.0,0.0,1.0,0.0,0.0
59.0,238.5,2.0,0.0,0.0,27.5,34.1,2.0,0.0,0.5,27.5,0.0
118.0,202.0,2.0,0.0,0.0,107.0,23.85,2.0,0.0,1.0,1.0,0.0
72.0,379.0,1.0,0.0,0.0,39.0,26.9,2.0,0.0,1.0,0.0,0.0
62.0,353.0,1.0,0.0,0.0,37.0,25.0,2.0,0.0,1.0,0.0,0.0
36.0,330.5,2.0,0.0,1.0,22.0,23.0,2.0,0.0,2.0,22.0,0.0
126.0,416.5,2.0,0.0,0.0,101.0,15.149999999999999,2.0,0.0,1.5,20.0,0.0
114.0,316.0,2.0,0.0,0.0,93.5,28.099999999999998,2.0,0.0,2.0,10.5,0.0
18.0,139.0,1.0,0.0,0.0,0.0,11.2,2.0,0.0,1.0,0.0,0.0
54.0,98.0,1.0,0.0,0.0,25.0,31.6,2.0,0.0,1.0,0.0,0.0
151.0,431.0,1.0,0.0,0.0,113.0,22.8,2.0,0.0,1.0,0.0,0.0
104.0,334.0,1.0,0.0,0.0,87.0,24.3,2.0,0.0,1.0,0.0,0.0
44.0,190.5,2.0,0.0,0.0,30.0,11.149999999999999,2.0,0.0,1.5,30.0,0.0
18.0,399.0,1.0,0.0,0.0,0.0,32.1,2.0,0.0,0.0,0.0,0.0
20.0,218.0,1.0,0.0,0.0,0.0,12.3,2.0,0.0,0.0,0.0,0.0
45.5,178.5,2.0,0.0,0.0,24.5,22.049999999999997,2.0,0.0,1.0,24.5,0.0
78.0,270.0,1.0,0.0,0.0,59.0,14.0,2.0,0.0,1.0,0.0,0.0
90.0,287.0,1.0,0.0,0.0,46.0,35.4,4.0,1.0,3.0,0.0,0.0
84.5,320.5,2.0,0.0,0.0,73.5,28.700000000000003,2.0,0.0,1.5,0.5,0.0
79.0,216.0,1.0,0.0,0.0,74.0,24.0,2.0,0.0,1.0,0.0,0.0
74.66666666666667,290.6666666666667,3.0,0.0,0.0,53.333333333333336,27.03333333333333,2.0,0.0,1.6666666666666667,38.96437118987322,0.0
62.0,227.0,1.0,0.0,0.0,52.0,25.8,2.0,0.0,3.0,0.0,0.0
121.0,135.0,1.0,0.0,0.0,93.0,15.7,2.0,0.0,1.0,0.0,0.0
112.0,132.0,1.0,0.0,0.0,104.0,35.5,2.0,0.0,1.0,0.0,0.0
9.0,81.0,1.0,0.0,0.0,0.0,24.4,2.0,0.0,1.0,0.0,0.0
63.5,352.75,4.0,0.0,0.0,53.75,18.349999999999998,2.0,0.0,1.0,38.225482338356436,0.0
79.0,188.0,1.0,0.0,0.0,73.0,34.8,2.0,0.0,3.0,0.0,0.0
59.0,476.0,1.0,0.0,0.0,35.0,23.9,2.0,0.0,1.0,0.0,0.0
119.5,304.0,2.0,0.0,0.0,96.5,28.700000000000003,2.0,0.0,2.0,30.5,0.0
149.5,425.5,2.0,0.0,0.0,103.0,25.65,2.0,0.0,1.0,11.0,0.0
87.0,278.25,4.0,0.0,0.0,68.75,27.474999999999998,2.0,0.0,1.5,38.07476198218447,0.0
38.0,429.0,1.0,0.0,0.0,32.0,29.5,2.0,0.0,1.0,0.0,0.0
66.0,129.0,1.0,0.0,0.0,45.0,28.9,4.0,1.0,1.0,0.0,0.0
55.0,189.0,1.0,0.0,0.0,20.0,34.5,2.0,0.0,3.0,0.0,0.0
55.0,325.0,1.0,0.0,0.0,54.0,13.4,2.0,0.0,1.0,0.0,0.0
11.0,163.0,1.0,0.0,0.0,0.0,10.4,2.0,0.0,1.0,0.0,0.0
41.0,88.0,2.0,0.0,1.0,13.5,23.85,2.0,0.0,2.0,13.5,0.0
79.5,275.0,2.0,0.0,0.0,55.5,24.35,2.0,0.0,1.0,55.5,0.0
131.0,70.0,1.0,0.0,0.0,117.0,24.5,2.0,0.0,2.0,0.0,0.0
52.5,243.0,2.0,0.0,0.0,28.0,18.7,2.0,0.0,0.5,28.0,0.0
57.5,286.5,2.0,0.0,0.0,36.5,25.2,2.0,0.0,1.0,36.5,0.0
123.5,391.0,2.0,0.0,0.0,97.5,20.45,3.0,1.0,2.0,15.5,0.0
88.0,382.0,1.0,0.0,0.0,72.0,23.3,2.0,0.0,1.0,0.0,0.0
88.0,189.0,1.0,0.0,0.0,59.0,10.6,2.0,0.0,1.0,0.0,0.0
77.0,207.0,1.0,0.0,0.0,60.0,19.7,2.0,0.0,1.0,0.0,0.0
79.5,399.5,2.0,0.0,0.0,62.0,23.5,2.0,0.0,1.0,7.0,0.0
39.5,301.0,2.0,0.0,0.0,18.0,18.549999999999997,2.0,0.0,1.0,18.0,0.0
116.0,505.0,1.0,0.0,0.0,87.0,23.1,2.0,0.0,1.0,0.0,0.0
11.0,453.0,1.0,0.0,0.0,0.0,29.2,2.0,0.0,1.0,0.0,0.0
67.0,148.0,2.0,0.0,0.0,42.5,22.450000000000003,3.0,1.0,1.0,42.5,0.0
61.333333333333336,210.33333333333334,3.0,0.0,0.0,50.0,26.8,2.6666666666666665,1.0,1.0,35.95367389665021,0.0
36.5,366.0,2.0,0.0,1.0,29.5,17.200000000000003,2.0,0.0,2.5,29.5,0.0
38.0,319.5,2.0,0.0,0.0,33.5,11.9,2.0,0.0,1.5,33.5,0.0
106.0,376.0,2.0,0.0,0.0,93.0,24.650000000000002,2.0,0.0,1.0,13.0,0.0
80.5,247.0,2.0,0.0,0.0,64.0,17.3,2.0,0.0,2.0,40.0,0.0
49.0,200.0,1.0,0.0,0.0,26.0,31.5,2.0,0.0,1.0,0.0,0.0
5.5,258.5,2.0,0.0,1.0,0.0,22.3,2.0,0.0,2.0,0.0,0.0
89.0,495.0,1.0,0.0,0.0,44.0,24.5,2.0,0.0,1.0,0.0,0.0
43.0,272.0,1.0,0.0,0.0,29.0,26.6,2.0,0.0,2.0,0.0,0.0
96.0,281.0,1.0,0.0,0.0,58.0,14.0,2.0,0.0,3.0,0.0,0.0
121.0,294.5,2.0,0.0,0.0,82.5,22.55,2.0,0.0,1.0,5.5,0.0
57.0,231.5,2.0,0.0,0.0,24.0,18.7,2.0,0.0,2.0,24.0,0.0
26.0,364.3333333333333,3.0,0.0,0.0,9.333333333333334,19.766666666666666,2.0,0.0,1.0,13.199326582148887,0.0
47.5,112.5,2.0,0.0,1.0,26.5,23.85,2.0,0.0,2.0,26.5,0.0
34.0,187.0,2.0,0.0,0.0,12.5,18.1,2.0,0.0,2.0,12.5,0.0
79.0,227.0,1.0,0.0,0.0,44.0,24.2,2.0,0.0,3.0,0.0,0.0
75.0,269.0,1.0,0.0,0.0,71.0,12.9,2.0,0.0,1.0,0.0,0.0
152.0,79.0,1.0,0.0,0.0,122.0,34.5,2.0,0.0,1.0,0.0,0.0
53.5,187.0,2.0,0.0,1.0,40.0,16.35,2.0,0.0,2.0,40.0,0.0
58.0,369.0,1.0,0.0,0.0,38.0,16.4,2.0,0.0,3.0,0.0,0.0
44.0,260.0,1.0,0.0,0.0,25.0,19.5,2.0,0.0,1.0,0.0,0.0
9.0,479.0,1.0,0.0,0.0,0.0,31.8,2.0,0.0,1.0,0.0,0.0
66.5,220.5,2.0,0.0,0.0,43.0,22.2,2.0,0.0,2.0,43.0,0.0
67.5,303.5,2.0,0.0,0.0,50.5,17.85,2.0,0.0,1.0,22.5,0.0
69.5,325.0,2.0,0.0,1.0,32.5,20.1,2.0,0.0,2.0,32.5,0.0
128.0,254.0,1.0,0.0,0.0,100.0,23.3,2.0,0.0,1.0,0.0,0.0
61.0,122.0,1.0,0.0,0.0,34.0,17.4,2.0,0.0,1.0,0.0,0.0
80.0,169.0,1.0,0.0,0.0,69.0,30.4,2.0,0.0,1.0,0.0,0.0
91.0,477.0,1.0,0.0,0.0,55.0,30.9,2.0,0.0,3.0,0.0,0.0
107.0,383.0,1.0,0.0,0.0,96.0,35.4,2.0,0.0,1.0,0.0,0.0
119.0,481.0,1.0,0.0,0.0,86.0,13.9,2.0,0.0,1.0,0.0,0.0
9.0,92.0,1.0,0.0,1.0,0.0,30.9,2.0,0.0,3.0,0.0,0.0
120.5,392.5,2.0,0.0,0.0,103.0,27.8,3.0,1.0,1.5,4.0,0.0
62.5,319.5,2.0,0.0,0.0,50.5,17.15,2.0,0.0,1.0,50.5,0.0
75.0,65.0,1.0,0.0,0.0,57.0,13.2,2.0,0.0,1.0,0.0,0.0
89.0,231.66666666666666,3.0,0.0,0.0,64.0,26.900000000000002,2.0,0.0,1.3333333333333333,49.64540932117154,0.0
14.0,135.0,1.0,0.0,1.0,0.0,28.3,2.0,0.0,3.0,0.0,0.0
51.0,257.0,1.0,0.0,0.0,44.0,38.9,2.0,0.0,3.0,0.0,0.0
119.0,317.0,1.0,0.0,0.0,98.0,31.5,2.0,0.0,1.0,0.0,0.0
137.0,445.0,1.0,0.0,0.0,108.0,28.1,2.0,0.0,1.0,0.0,0.0
62.0,335.0,1.0,0.0,0.0,46.0,26.5,2.0,0.0,2.0,0.0,0.0
93.0,485.0,1.0,0.0,0.0,82.0,34.9,2.0,0.0,1.0,0.0,0.0
8.0,312.5,2.0,0.0,0.0,0.0,21.15,2.0,0.0,1.0,0.0,0.0
58.5,359.5,2.0,0.0,0.0,40.0,16.05,2.0,0.0,1.0,2.0,0.0
149.0,404.0,1.0,0.0,0.0,124.0,16.9,2.0,0.0,1.0,0.0,0.0
70.0,303.75,4.0,0.0,0.0,53.5,25.750000000000004,2.0,0.0,0.6666666666666666,54.54126877878805,0.0
116.0,252.0,1.0,0.0,0.0,106.0,23.0,2.0,0.0,1.0,0.0,0.0
114.0,342.0,2.0,0.0,0.0,95.0,25.6,2.0,0.0,2.0,1.0,0.0
8.0,211.0,1.0,0.0,0.0,0.0,11.3,2.0,0.0,1.0,0.0,0.0
74.33333333333333,188.66666666666666,3.0,0.0,1.0,64.66666666666667,16.53333333333333,2.0,0.0,2.3333333333333335,45.84272631023983,0.0
102.0,301.0,1.0,0.0,0.0,90.0,11.8,2.0,0.0,3.0,0.0,0.0
126.0,502.0,1.0,0.0,0.0,98.0,11.8,2.0,0.0,2.0,0.0,0.0
143.0,327.0,1.0,0.0,0.0,109.0,28.8,2.0,0.0,1.0,0.0,0.0
65.0,187.0,1.0,0.0,0.0,28.0,9.4,2.0,0.0,1.0,0.0,0.0
78.0,298.5,2.0,0.0,1.0,58.5,25.0,2.0,0.0,2.0,58.5,0.0
19.0,159.0,1.0,0.0,1.0,0.0,23.3,2.0,0.0,3.0,0.0,0.0
3.0,381.0,1.0,0.0,1.0,0.0,28.3,2.0,0.0,3.0,0.0,0.0
53.5,150.5,2.0,0.0,0.0,30.0,21.15,2.0,0.0,1.0,30.0,0.0
109.5,297.5,2.0,0.0,0.0,90.5,26.25,2.0,0.0,1.0,11.5,0.0
13.0,231.0,1.0,0.0,1.0,0.0,21.6,2.0,0.0,3.0,0.0,0.0
88.5,291.0,2.0,0.0,0.0,60.5,18.200000000000003,2.0,0.0,1.0,37.5,0.0
90.0,98.0,1.0,0.0,0.0,61.0,18.8,2.0,0.0,3.0,0.0,0.0
24.666666666666668,286.6666666666667,3.0,0.0,1.0,10.0,21.899999999999995,2.0,0.0,1.6666666666666667,14.142135623730951,0.0
106.0,320.0,1.0,0.0,0.0,111.0,35.2,2.0,0.0,3.0,0.0,0.0
9.5,314.0,2.0,0.0,0.0,0.0,26.9,2.0,0.0,0.0,0.0,0.0
47.0,200.0,1.0,0.0,0.0,33.0,24.9,2.0,0.0,1.0,0.0,0.0
93.0,149.0,1.0,0.0,0.0,86.0,32.5,2.0,0.0,1.0,0.0,0.0
88.0,386.0,1.0,0.0,0.0,88.0,29.9,2.0,0.0,1.0,0.0,0.0
66.5,297.0,2.0,0.0,0.0,39.5,25.700000000000003,2.0,0.0,1.0,39.5,0.0
90.0,336.0,1.0,0.0,0.0,80.0,26.6,2.0,0.0,3.0,0.0,0.0
74.0,339.0,2.0,0.0,0.0,66.5,32.400000000000006,2.0,0.0,2.0,26.5,0.0
60.666666666666664,348.6666666666667,3.0,0.0,0.0,48.333333333333336,24.03333333333333,2.0,0.0,1.0,43.26918328582389,0.0
90.0,331.0,2.0,0.0,0.0,69.5,19.25,2.0,0.0,2.0,42.5,0.0
71.0,106.0,1.0,0.0,0.0,59.0,22.8,2.0,0.0,1.0,0.0,0.0
121.0,495.0,1.0,0.0,0.0,79.0,19.8,2.0,0.0,1.0,0.0,0.0
63.0,311.0,1.0,0.0,0.0,45.0,13.4,2.0,0.0,1.0,0.0,0.0
4.0,459.0,1.0,0.0,0.0,0.0,34.1,2.0,0.0,1.0,0.0,0.0
46.5,441.5,2.0,0.0,1.0,48.0,19.0,2.0,0.0,2.5,48.0,0.0
84.0,285.5,2.0,0.0,0.0,75.5,24.7,2.0,0.0,2.0,36.5,0.0
36.0,233.0,1.0,0.0,0.0,28.0,21.8,2.0,0.0,2.0,0.0,0.0
91.66666666666667,339.0,3.0,0.0,0.0,70.0,29.233333333333334,2.0,0.0,1.0,29.81051268708183,0.0
12.0,350.0,1.0,0.0,0.0,0.0,20.6,2.0,0.0,1.0,0.0,0.0
36.5,364.0,2.0,0.0,1.0,11.5,32.8,2.0,0.0,2.0,11.5,0.0
106.0,493.0,1.0,0.0,0.0,102.0,10.1,2.0,0.0,2.0,0.0,0.0
8.5,337.5,2.0,0.0,1.0,0.0,23.4,2.0,0.0,2.0,0.0,0.0
78.0,135.0,1.0,0.0,0.0,59.0,10.5,2.0,0.0,1.0,0.0,0.0
137.0,203.0,1.0,0.0,0.0,122.0,14.4,2.0,0.0,1.0,0.0,0.0
64.0,251.0,1.0,0.0,0.0,56.0,21.1,2.0,0.0,1.0,0.0,0.0
155.0,147.0,1.0,0.0,0.0,104.0,12.1,2.0,0.0,1.0,0.0,0.0
13.666666666666666,414.0,3.0,0.0,2.0,0.0,23.099999999999998,2.0,0.0,2.0,0.0,0.0
16.0,227.0,1.0,0.0,0.0,0.0,26.5,2.0,0.0,0.0,0.0,0.0
6.0,451.0,1.0,0.0,0.0,0.0,18.3,2.0,0.0,0.0,0.0,0.0
136.5,353.5,2.0,0.0,0.0,94.5,29.8,2.0,0.0,1.5,14.5,0.0
124.0,110.0,1.0,0.0,0.0,98.0,32.3,2.0,0.0,3.0,0.0,0.0
60.5,170.5,2.0,0.0,0.0,38.0,28.450000000000003,2.0,0.0,1.0,38.0,0.0
50.0,181.5,2.0,0.0,1.0,35.5,36.2,2.0,0.0,2.0,35.5,0.0
46.0,397.0,1.0,0.0,0.0,17.0,19.0,2.0,0.0,1.0,0.0,0.0
16.0,137.0,1.0,0.0,0.0,0.0,32.8,2.0,0.0,1.0,0.0,0.0
18.0,333.0,1.0,0.0,1.0,0.0,28.7,2.0,0.0,3.0,0.0,0.0
90.0,366.0,1.0,0.0,0.0,87.0,19.4,2.0,0.0,1.0,0.0,0.0
85.0,458.0,1.0,0.0,0.0,74.0,18.3,2.0,0.0,1.0,0.0,0.0
42.5,333.5,2.0,0.0,0.0,36.5,18.2,2.0,0.0,1.0,36.5,0.0
95.0,137.0,1.0,0.0,0.0,92.0,34.2,2.0,0.0,1.0,0.0,0.0
142.5,304.0,2.0,0.0,0.0,107.0,27.15,2.0,0.0,1.0,8.0,0.0
49.5,194.0,2.0,0.0,1.0,22.5,11.45,2.0,0.0,3.0,22.5,0.0
75.5,314.5,2.0,0.0,0.0,68.0,31.8,2.0,0.0,1.5,3.0,0.0
32.0,375.0,2.0,0.0,0.0,19.5,27.1,2.0,0.0,2.0,19.5,0.0
62.0,492.0,1.0,0.0,0.0,36.0,18.6,2.0,0.0,1.0,0.0,0.0
48.333333333333336,244.33333333333334,3.0,0.0,2.0,28.333333333333332,20.166666666666668,2.0,0.0,2.0,40.069384267237695,0.0
11.0,283.0,1.0,0.0,1.0,0.0,37.9,2.0,0.0,3.0,0.0,0.0
37.0,303.0,1.0,0.0,0.0,28.0,11.8,2.0,0.0,1.0,0.0,0.0
130.5,451.0,2.0,0.0,0.0,104.0,18.4,2.0,0.0,1.0,21.0,0.0
2.0,330.0,2.0,0.0,2.0,0.0,19.0,2.0,0.0,3.0,0.0,0.0
110.0,301.0,1.0,0.0,0.0,89.0,15.8,2.0,0.0,3.0,0.0,0.0
72.0,424.0,1.0,0.0,0.0,33.0,28.9,2.0,0.0,1.0,0.0,0.0
4.0,118.0,1.0,0.0,0.0,0.0,16.1,2.0,0.0,1.0,0.0,0.0
12.0,252.0,1.0,0.0,0.0,0.0,25.8,2.0,0.0,1.0,0.0,0.0
15.0,83.0,1.0,0.0,1.0,0.0,23.6,2.0,0.0,3.0,0.0,0.0
15.0,425.0,1.0,0.0,0.0,0.0,27.4,2.0,0.0,1.0,0.0,0.0
58.0,82.0,1.0,0.0,0.0,27.0,27.5,2.0,0.0,3.0,0.0,0.0
157.0,358.0,1.0,0.0,0.0,117.0,32.7,2.0,0.0,3.0,0.0,0.0
130.0,381.0,1.0,0.0,0.0,117.0,17.1,2.0,0.0,1.0,0.0,0.0
83.0,247.0,1.0,0.0,0.0,65.0,19.4,4.0,1.0,1.0,0.0,0.0
48.333333333333336,297.6666666666667,3.0,0.0,0.0,32.666666666666664,23.133333333333336,2.6666666666666665,1.0,1.0,24.78350706058814,0.0
88.0,231.0,2.0,0.0,0.0,58.0,19.1,2.0,0.0,1.0,21.0,0.0
82.0,228.0,2.0,0.0,0.0,48.0,14.85,2.0,0.0,0.5,48.0,0.0
63.5,310.5,2.0,0.0,0.0,54.0,18.25,2.0,0.0,1.0,2.0,0.0
21.0,398.0,1.0,0.0,0.0,0.0,16.1,2.0,0.0,1.0,0.0,0.0
122.0,170.0,1.0,0.0,0.0,89.0,18.7,2.0,0.0,1.0,0.0,0.0
76.0,134.0,1.0,0.0,0.0,65.0,21.9,2.0,0.0,1.0,0.0,0.0
154.0,95.0,1.0,0.0,0.0,113.0,12.9,2.0,0.0,1.0,0.0,0.0
89.0,124.0,1.0,0.0,0.0,73.0,30.0,2.0,0.0,1.0,0.0,0.0
36.0,131.0,1.0,0.0,0.0,22.0,28.7,2.0,0.0,1.0,0.0,0.0
19.0,217.0,1.0,0.0,0.0,0.0,17.1,2.0,0.0,1.0,0.0,0.0
76.0,192.0,1.0,0.0,0.0,48.0,14.1,2.0,0.0,3.0,0.0,0.0
53.0,330.0,1.0,0.0,0.0,39.0,21.1,2.0,0.0,1.0,0.0,0.0
92.0,440.0,1.0,0.0,0.0,80.0,10.7,2.0,0.0,3.0,0.0,0.0
74.5,259.0,2.0,0.0,0.0,57.0,13.3,2.0,0.0,1.0,11.0,0.0
107.0,217.0,1.0,0.0,0.0,91.0,22.4,2.0,0.0,3.0,0.0,0.0
89.0,219.0,1.0,0.0,0.0,78.0,26.6,2.0,0.0,1.0,0.0,0.0
70.0,461.0,1.0,0.0,0.0,38.0,10.9,2.0,0.0,1.0,0.0,0.0
14.0,435.0,1.0,0.0,0.0,0.0,17.6,2.0,0.0,1.0,0.0,0.0
139.0,356.0,1.0,0.0,0.0,94.0,24.5,2.0,0.0,1.0,0.0,0.0
11.0,466.0,1.0,0.0,1.0,0.0,25.5,2.0,0.0,3.0,0.0,0.0
143.5,171.5,2.0,0.0,0.0,123.5,18.85,2.0,0.0,1.0,2.5,0.0
133.0,452.0,1.0,0.0,0.0,103.0,10.9,2.0,0.0,1.0,0.0,0.0
53.0,230.0,1.0,0.0,0.0,39.0,31.6,2.0,0.0,1.0,0.0,0.0
125.0,329.0,1.0,0.0,0.0,98.0,14.2,2.0,0.0,3.0,0.0,0.0
99.0,90.0,1.0,0.0,0.0,76.0,19.5,2.0,0.0,1.0,0.0,0.0
61.0,271.5,2.0,0.0,0.0,39.5,18.15,2.0,0.0,1.0,7.5,0.0
42.0,99.0,1.0,0.0,0.0,35.0,17.1,2.0,0.0,3.0,0.0,0.0
13.0,129.0,1.0,0.0,0.0,0.0,23.0,2.0,0.0,0.0,0.0,0.0
113.5,186.0,2.0,0.0,0.0,89.0,20.4,2.0,0.0,2.0,2.0,0.0
41.5,255.5,2.0,0.0,0.0,36.5,21.0,2.0,0.0,0.5,36.5,0.0
94.0,323.0,2.0,0.0,0.0,63.5,27.200000000000003,2.0,0.0,2.0,9.5,0.0
139.0,341.0,1.0,0.0,0.0,98.0,32.4,2.0,0.0,3.0,0.0,0.0
3.0,78.0,1.0,0.0,0.0,0.0,22.3,2.0,0.0,1.0,0.0,0.0
72.0,92.0,1.0,0.0,0.0,54.0,30.4,2.0,0.0,1.0,0.0,0.0
18.0,425.0,1.0,0.0,0.0,0.0,26.0,2.0,0.0,0.0,0.0,0.0
5.0,187.0,1.0,0.0,0.0,0.0,28.6,2.0,0.0,1.0,0.0,0.0
120.0,316.6666666666667,3.0,0.0,0.0,86.33333333333333,26.899999999999995,2.0,0.0,1.0,25.72072229848057,0.0
5.333333333333333,326.0,3.0,0.0,0.0,0.0,22.433333333333334,2.0,0.0,1.0,0.0,0.0
97.5,240.5,2.0,0.0,0.0,66.0,14.2,2.0,0.0,2.0,20.0,0.0
129.0,209.0,1.0,0.0,0.0,107.0,32.5,2.0,0.0,1.0,0.0,0.0
22.5,319.0,4.0,0.0,0.0,9.25,22.474999999999998,2.0,0.0,0.75,16.021469970012117,0.0
68.0,108.0,1.0,0.0,0.0,48.0,21.0,2.0,0.0,1.0,0.0,0.0
168.0,411.0,1.0,0.0,0.0,135.0,34.8,2.0,0.0,1.0,0.0,0.0
64.0,285.0,2.0,0.0,0.0,40.0,29.25,2.0,0.0,1.0,6.0,0.0
29.0,272.0,2.0,0.0,1.0,16.5,22.5,2.0,0.0,2.0,16.5,0.0
79.0,411.0,1.0,0.0,0.0,47.0,31.1,2.0,0.0,3.0,0.0,0.0
115.0,70.0,1.0,0.0,0.0,119.0,19.4,2.0,0.0,1.0,0.0,0.0
84.0,305.0,1.0,0.0,0.0,54.0,23.7,2.0,0.0,1.0,0.0,0.0
43.5,257.5,2.0,0.0,0.0,27.5,24.75,2.0,0.0,1.0,27.5,0.0
31.5,207.0,2.0,0.0,1.0,14.0,18.0,2.0,0.0,3.0,14.0,0.0
132.0,256.0,2.0,0.0,0.0,110.5,23.45,2.0,0.0,1.5,16.5,0.0
60.0,164.0,1.0,0.0,0.0,26.0,10.4,2.0,0.0,3.0,0.0,0.0
26.0,268.5,2.0,0.0,0.0,13.5,27.85,2.0,0.0,1.0,13.5,0.0
73.0,401.0,1.0,0.0,0.0,43.0,33.6,2.0,0.0,1.0,0.0,0.0
98.0,493.0,1.0,0.0,0.0,69.0,17.7,2.0,0.0,2.0,0.0,0.0
147.0,466.0,1.0,0.0,0.0,103.0,16.8,2.0,0.0,1.0,0.0,0.0
84.5,374.0,2.0,0.0,0.0,67.5,23.05,2.0,0.0,2.0,20.5,0.0
107.0,272.0,1.0,0.0,0.0,88.0,30.3,2.0,0.0,1.0,0.0,0.0
133.0,221.5,2.0,0.0,0.0,121.5,26.950000000000003,2.0,0.0,1.0,3.5,0.0
71.0,483.0,2.0,0.0,0.0,49.5,26.799999999999997,2.0,0.0,1.0,28.5,0.0
105.0,192.0,1.0,0.0,0.0,86.0,24.8,2.0,0.0,1.0,0.0,0.0
103.0,313.0,1.0,0.0,0.0,75.0,23.6,2.0,0.0,3.0,0.0,0.0
5.0,459.0,1.0,0.0,0.0,0.0,17.0,2.0,0.0,1.0,0.0,0.0
98.0,192.0,1.0,0.0,0.0,86.0,14.0,2.0,0.0,1.0,0.0,0.0
88.0,354.0,1.0,0.0,0.0,61.0,17.2,2.0,0.0,1.0,0.0,0.0
111.0,314.5,2.0,0.0,0.0,65.0,22.3,2.0,0.0,2.0,18.0,0.0
48.0,218.0,1.0,0.0,0.0,36.0,14.9,2.0,0.0,3.0,0.0,0.0
98.0,94.0,1.0,0.0,0.0,59.0,10.9,2.0,0.0,1.0,0.0,0.0
8.0,386.0,1.0,0.0,0.0,0.0,26.5,2.0,0.0,1.0,0.0,0.0
45.0,438.0,1.0,0.0,0.0,42.0,32.4,2.0,0.0,1.0,0.0,0.0
4.0,191.0,1.0,0.0,1.0,0.0,12.8,2.0,0.0,3.0,0.0,0.0
43.0,305.0,1.0,0.0,0.0,19.0,30.7,2.0,0.0,1.0,0.0,0.0
129.0,420.0,2.0,0.0,0.0,105.0,27.9,2.0,0.0,1.5,8.0,0.0
29.666666666666668,214.33333333333334,3.0,0.0,0.0,24.666666666666668,20.666666666666668,2.0,0.0,1.0,34.883934538536344,0.0
76.0,496.0,1.0,0.0,0.0,54.0,15.7,2.0,0.0,1.0,0.0,0.0
74.0,159.0,1.0,0.0,0.0,39.0,12.9,2.0,0.0,3.0,0.0,0.0
9.0,120.0,1.0,0.0,0.0,0.0,30.3,2.0,0.0,0.0,0.0,0.0
72.0,142.0,1.0,0.0,0.0,49.0,15.3,2.0,0.0,1.0,0.0,0.0
89.0,84.0,1.0,0.0,0.0,73.0,13.9,2.0,0.0,3.0,0.0,0.0
61.0,89.0,1.0,0.0,0.0,55.0,17.4,2.0,0.0,1.0,0.0,0.0
4.0,320.0,1.0,0.0,0.0,0.0,19.6,2.0,0.0,0.0,0.0,0.0
108.5,316.0,2.0,0.0,0.0,81.0,28.200000000000003,2.0,0.0,2.0,28.0,0.0
98.0,297.0,2.0,0.0,0.0,75.0,11.45,2.0,0.0,2.0,9.0,0.0
87.0,398.0,1.0,0.0,0.0,72.0,17.6,2.0,0.0,1.0,0.0,0.0
87.0,125.0,1.0,0.0,0.0,70.0,19.3,2.0,0.0,1.0,0.0,0.0
26.5,234.0,2.0,0.0,1.0,16.0,26.95,2.0,0.0,2.0,16.0,0.0
138.0,171.0,1.0,0.0,0.0,97.0,34.8,4.0,1.0,1.0,0.0,0.0
110.5,179.0,2.0,0.0,0.0,77.0,25.35,2.0,0.0,1.0,21.0,0.0
149.0,479.0,1.0,0.0,0.0,139.0,20.6,2.0,0.0,1.0,0.0,0.0
110.0,322.6666666666667,3.0,0.0,0.0,83.66666666666667,29.433333333333337,2.0,0.0,1.0,31.255221785949445,0.0
70.0,424.0,1.0,0.0,0.0,47.0,32.8,2.0,0.0,3.0,0.0,0.0
86.0,296.5,2.0,0.0,0.0,53.5,18.5,2.0,0.0,1.0,16.5,0.0
36.666666666666664,261.0,3.0,0.0,0.0,31.666666666666668,31.7,2.0,0.0,1.5,23.976840677805924,0.0
86.5,433.0,2.0,0.0,0.0,65.5,19.950000000000003,2.0,0.0,1.0,8.5,0.0
59.0,76.0,1.0,0.0,0.0,59.0,24.4,2.0,0.0,1.0,0.0,0.0
70.0,476.0,1.0,0.0,0.0,47.0,9.6,2.0,0.0,1.0,0.0,0.0
57.0,83.0,1.0,0.0,0.0,28.0,10.2,2.0,0.0,1.0,0.0,0.0
57.5,242.0,2.0,0.0,0.0,42.0,21.15,2.0,0.0,1.0,42.0,0.0
117.0,136.0,1.0,0.0,0.0,74.0,16.9,2.0,0.0,1.0,0.0,0.0
10.0,363.0,1.0,0.0,1.0,0.0,19.1,2.0,0.0,3.0,0.0,0.0
151.0,315.0,1.0,0.0,0.0,123.0,30.0,2.0,0.0,1.0,0.0,0.0
158.0,420.0,1.0,0.0,0.0,118.0,10.4,2.0,0.0,1.0,0.0,0.0
81.0,219.0,1.0,0.0,0.0,71.0,16.2,2.0,0.0,3.0,0.0,0.0
59.5,277.5,2.0,0.0,0.0,51.5,23.25,2.0,0.0,1.5,51.5,0.0
7.0,491.0,1.0,0.0,0.0,0.0,28.9,2.0,0.0,1.0,0.0,0.0
72.5,257.5,2.0,0.0,0.0,43.5,21.1,2.0,0.0,1.0,8.5,0.0
67.0,386.0,1.0,0.0,0.0,47.0,23.6,2.0,0.0,1.0,0.0,0.0
93.5,344.75,4.0,0.0,0.0,74.75,15.350000000000001,2.0,0.0,1.3333333333333333,32.575872973720905,0.0
9.0,180.0,1.0,0.0,0.0,0.0,27.7,2.0,0.0,0.0,0.0,0.0
31.0,495.0,1.0,0.0,0.0,25.0,17.3,2.0,0.0,1.0,0.0,0.0
118.0,301.0,1.0,0.0,0.0,83.0,22.3,2.0,0.0,1.0,0.0,0.0
13.0,423.0,1.0,0.0,0.0,0.0,15.4,2.0,0.0,1.0,0.0,0.0
86.0,446.0,1.0,0.0,0.0,82.0,15.7,2.0,0.0,3.0,0.0,0.0
47.0,80.0,1.0,0.0,0.0,45.0,15.7,2.0,0.0,3.0,0.0,0.0
86.5,291.25,4.0,0.0,0.0,71.25,24.25,2.5,1.0,1.75,27.3530162870569,0.0
156.0,162.0,1.0,0.0,0.0,132.0,27.8,2.0,0.0,1.0,0.0,0.0
119.0,208.0,1.0,0.0,0.0,81.0,23.7,2.0,0.0,1.0,0.0,0.0
112.5,338.5,2.0,0.0,0.0,101.5,23.3,2.0,0.0,1.0,31.5,0.0
87.5,278.5,2.0,0.0,0.0,76.0,22.9,2.0,0.0,1.0,7.0,0.0
94.0,287.0,1.0,0.0,0.0,66.0,34.6,2.0,0.0,1.0,0.0,0.0
66.0,90.0,1.0,0.0,0.0,57.0,17.5,2.0,0.0,1.0,0.0,0.0
20.0,251.0,1.0,0.0,1.0,0.0,28.7,2.0,0.0,3.0,0.0,0.0
50.5,432.5,2.0,0.0,1.0,22.5,22.2,2.0,0.0,3.0,22.5,0.0
8.0,344.0,1.0,0.0,0.0,0.0,35.6,2.0,0.0,1.0,0.0,0.0
90.5,387.0,2.0,0.0,0.0,54.5,18.65,2.0,0.0,1.0,28.5,0.0
59.666666666666664,448.0,3.0,0.0,0.0,39.666666666666664,26.2,2.0,0.0,1.0,32.6632651290236,0.0
53.666666666666664,252.33333333333334,3.0,0.0,1.0,40.333333333333336,17.166666666666668,2.0,0.0,1.6666666666666667,31.201851796897497,0.0
43.0,266.5,2.0,0.0,0.0,27.0,22.65,2.0,0.0,1.0,27.0,0.0
132.0,297.0,1.0,0.0,0.0,116.0,29.8,2.0,0.0,1.0,0.0,0.0
109.0,322.0,1.0,0.0,0.0,60.0,13.9,2.0,0.0,3.0,0.0,0.0
8.0,318.0,1.0,0.0,0.0,0.0,20.5,2.0,0.0,1.0,0.0,0.0
41.0,395.0,1.0,0.0,0.0,35.0,25.8,2.0,0.0,1.0,0.0,0.0
9.0,359.0,1.0,0.0,0.0,0.0,16.1,2.0,0.0,0.0,0.0,0.0
101.0,113.0,1.0,0.0,0.0,85.0,11.9,2.0,0.0,1.0,0.0,0.0
72.0,297.0,1.0,0.0,0.0,63.0,18.6,2.0,0.0,1.0,0.0,0.0
11.0,197.0,1.0,0.0,0.0,0.0,26.5,2.0,0.0,1.0,0.0,0.0
100.0,283.0,1.0,0.0,0.0,70.0,23.0,2.0,0.0,1.0,0.0,0.0
18.5,261.0,2.0,0.0,1.0,0.0,30.6,2.0,0.0,1.5,0.0,0.0
103.5,394.5,2.0,0.0,0.0,72.0,24.0,2.0,0.0,1.0,20.0,0.0
119.0,162.0,1.0,0.0,0.0,100.0,39.4,2.0,0.0,1.0,0.0,0.0
82.0,212.0,1.0,0.0,0.0,37.0,23.1,2.0,0.0,3.0,0.0,0.0
113.5,296.5,2.0,0.0,0.0,99.5,28.4,2.0,0.0,1.0,25.5,0.0
111.0,110.0,1.0,0.0,0.0,79.0,26.7,2.0,0.0,1.0,0.0,0.0
113.0,393.0,1.0,0.0,0.0,106.0,35.1,2.0,0.0,3.0,0.0,0.0
5.0,141.0,1.0,0.0,1.0,0.0,17.7,2.0,0.0,3.0,0.0,0.0
37.0,69.0,1.0,0.0,0.0,29.0,13.9,2.0,0.0,1.0,0.0,0.0
15.5,345.0,2.0,0.0,2.0,0.0,25.1,2.0,0.0,3.0,0.0,0.0
117.0,147.0,1.0,0.0,0.0,111.0,17.3,2.0,0.0,3.0,0.0,0.0
75.0,180.0,4.0,0.0,1.0,53.0,19.200000000000003,2.5,1.0,2.0,42.089191011469914,0.0
103.0,299.5,2.0,0.0,0.0,70.0,21.35,2.0,0.0,1.0,24.0,0.0
74.0,383.0,1.0,0.0,0.0,51.0,16.3,2.0,0.0,1.0,0.0,0.0
96.0,232.0,1.0,0.0,0.0,91.0,17.0,2.0,0.0,1.0,0.0,0.0
71.0,258.0,1.0,0.0,0.0,46.0,33.4,2.0,0.0,1.0,0.0,0.0
141.0,161.0,1.0,0.0,0.0,103.0,14.7,2.0,0.0,1.0,0.0,0.0
13.0,328.0,1.0,0.0,1.0,0.0,35.0,2.0,0.0,3.0,0.0,0.0
66.0,384.0,1.0,0.0,0.0,35.0,13.1,2.0,0.0,1.0,0.0,0.0
47.0,230.0,2.0,0.0,0.0,32.5,17.3,2.0,0.0,1.0,32.5,0.0
136.0,438.0,1.0,0.0,0.0,98.0,31.9,2.0,0.0,1.0,0.0,0.0
74.5,218.0,2.0,0.0,0.0,57.0,22.45,2.0,0.0,1.5,17.0,0.0
17.0,450.0,1.0,0.0,0.0,0.0,19.5,2.0,0.0,1.0,0.0,0.0
105.0,242.0,1.0,0.0,0.0,90.0,27.3,2.0,0.0,1.0,0.0,0.0
63.0,388.5,2.0,0.0,1.0,42.0,27.25,2.0,0.0,2.0,42.0,0.0
94.0,82.0,1.0,0.0,0.0,75.0,26.0,2.0,0.0,1.0,0.0,0.0
81.5,310.5,2.0,0.0,0.0,50.0,23.5,2.0,0.0,2.0,6.0,0.0
119.0,246.0,1.0,0.0,0.0,95.0,17.3,2.0,0.0,1.0,0.0,0.0
81.5,245.5,2.0,0.0,0.0,73.0,27.25,2.0,0.0,1.0,3.0,0.0
70.0,480.0,1.0,0.0,0.0,61.0,18.2,2.0,0.0,1.0,0.0,0.0
3.0,124.0,1.0,0.0,0.0,0.0,11.7,2.0,0.0,1.0,0.0,0.0
3.0,99.0,1.0,0.0,1.0,0.0,21.4,2.0,0.0,3.0,0.0,0.0
114.0,241.5,2.0,0.0,0.0,84.0,20.5,2.0,0.0,1.0,21.0,0.0
70.0,322.0,3.0,0.0,1.0,51.333333333333336,20.633333333333336,2.0,0.0,2.0,39.47432358156656,0.0
131.5,192.0,2.0,0.0,0.0,79.5,18.049999999999997,3.0,1.0,1.0,26.5,0.0
139.0,180.0,1.0,0.0,0.0,124.0,12.2,2.0,0.0,1.0,0.0,0.0
61.0,188.0,1.0,0.0,0.0,25.0,26.1,2.0,0.0,3.0,0.0,0.0
72.5,252.5,2.0,0.0,1.0,50.0,25.25,2.0,0.0,2.0,50.0,0.0
158.0,418.0,1.0,0.0,0.0,122.0,13.0,2.0,0.0,3.0,0.0,0.0
97.0,499.0,1.0,0.0,0.0,69.0,24.7,2.0,0.0,3.0,0.0,0.0
73.5,309.75,4.0,0.0,0.0,51.25,22.575,2.0,0.0,2.0,32.67548775458447,0.0
70.0,283.0,1.0,0.0,0.0,50.0,9.7,2.0,0.0,1.0,0.0,0.0
54.0,312.0,1.0,0.0,0.0,45.0,21.6,2.0,0.0,1.0,0.0,0.0
82.66666666666667,374.6666666666667,3.0,0.0,0.0,48.0,15.833333333333334,2.0,0.0,0.6666666666666666,39.191835884530846,0.0
2.0,379.0,1.0,0.0,1.0,0.0,31.1,2.0,0.0,3.0,0.0,0.0
113.0,214.0,1.0,0.0,0.0,76.0,17.9,2.0,0.0,1.0,0.0,0.0
85.0,394.0,1.0,0.0,0.0,66.0,31.6,2.0,0.0,1.0,0.0,0.0
17.0,124.0,1.0,0.0,0.0,0.0,29.6,2.0,0.0,1.0,0.0,0.0
83.0,239.0,1.0,0.0,0.0,63.0,15.5,2.0,0.0,1.0,0.0,0.0
86.0,253.5,2.0,0.0,0.0,57.5,27.5,2.0,0.0,1.0,0.5,0.0
66.0,268.5,2.0,0.0,0.0,50.0,17.6,2.0,0.0,1.0,50.0,0.0
84.5,294.5,2.0,0.0,1.0,63.5,23.15,2.0,0.0,2.0,63.5,0.0
84.0,362.3333333333333,3.0,0.0,0.0,59.333333333333336,25.7,2.0,0.0,1.0,44.454721034128895,0.0
2.0,280.0,1.0,0.0,0.0,0.0,28.9,2.0,0.0,1.0,0.0,0.0
113.0,165.0,1.0,0.0,0.0,100.0,18.6,4.0,1.0,1.0,0.0,0.0
97.0,233.0,1.0,0.0,0.0,86.0,27.6,2.0,0.0,3.0,0.0,0.0
50.5,245.5,2.0,1.0,0.0,39.0,22.35,3.0,1.0,2.0,39.0,0.5
6.0,386.0,1.0,0.0,1.0,0.0,37.3,2.0,0.0,3.0,0.0,0.0
116.0,70.0,1.0,0.0,0.0,82.0,13.1,2.0,0.0,1.0,0.0,0.0
95.0,310.0,1.0,0.0,0.0,85.0,15.7,2.0,0.0,1.0,0.0,0.0
17.0,84.0,1.0,0.0,0.0,0.0,10.1,2.0,0.0,1.0,0.0,0.0
61.0,77.0,1.0,0.0,0.0,38.0,10.5,2.0,0.0,3.0,0.0,0.0
112.0,373.0,1.0,0.0,0.0,107.0,22.3,2.0,0.0,3.0,0.0,0.0
81.5,400.5,2.0,0.0,0.0,67.5,15.5,2.0,0.0,1.0,37.5,0.0
54.0,396.0,2.0,0.0,0.0,37.0,30.45,2.0,0.0,1.0,6.0,0.0
146.0,212.0,1.0,0.0,0.0,117.0,10.5,2.0,0.0,1.0,0.0,0.0
30.0,425.5,2.0,0.0,0.0,19.5,21.4,3.0,1.0,1.5,19.5,0.0
84.0,213.0,2.0,0.0,0.0,55.5,19.7,2.0,0.0,1.0,35.5,0.0
14.0,288.5,2.0,0.0,0.0,0.0,29.05,2.0,0.0,1.0,0.0,0.0
39.5,389.0,2.0,0.0,0.0,21.5,28.95,2.0,0.0,0.5,21.5,0.0
101.5,118.0,2.0,0.0,0.0,81.0,18.55,2.0,0.0,1.0,52.0,0.0
177.0,250.0,1.0,0.0,0.0,119.0,30.2,2.0,0.0,1.0,0.0,0.0
25.5,415.0,2.0,0.0,1.0,16.5,17.0,2.0,0.0,2.0,16.5,0.0
17.0,225.0,1.0,0.0,0.0,0.0,20.2,2.0,0.0,1.0,0.0,0.0
107.0,215.0,1.0,0.0,0.0,90.0,14.3,2.0,0.0,1.0,0.0,0.0
106.5,258.5,2.0,0.0,0.0,85.5,27.75,2.0,0.0,2.0,7.5,0.0
66.0,264.5,2.0,0.0,0.0,61.5,27.2,2.0,0.0,1.0,21.5,0.0
94.0,284.0,1.0,0.0,0.0,74.0,34.7,2.0,0.0,1.0,0.0,0.0
101.0,363.0,1.0,0.0,0.0,58.0,17.6,2.0,0.0,1.0,0.0,0.0
61.0,120.0,1.0,0.0,0.0,32.0,12.9,2.0,0.0,1.0,0.0,0.0
103.0,183.0,1.0,0.0,0.0,82.0,18.4,2.0,0.0,1.0,0.0,0.0
88.0,310.0,1.0,0.0,0.0,67.0,26.9,2.0,0.0,3.0,0.0,0.0
64.0,461.0,1.0,0.0,0.0,64.0,12.9,2.0,0.0,3.0,0.0,0.0
117.0,408.0,1.0,0.0,0.0,103.0,19.3,2.0,0.0,3.0,0.0,0.0
129.5,441.0,2.0,0.0,0.0,103.0,22.65,2.0,0.0,1.5,5.0,0.0
128.0,204.0,1.0,0.0,0.0,86.0,13.1,2.0,0.0,3.0,0.0,0.0
56.0,286.0,2.0,0.0,0.0,25.0,24.0,2.0,0.0,1.0,25.0,0.0
67.0,250.0,1.0,0.0,0.0,36.0,28.7,2.0,0.0,1.0,0.0,0.0
98.5,280.0,2.0,0.0,0.0,90.0,13.25,2.0,0.0,1.0,8.0,0.0
118.0,280.0,1.0,0.0,0.0,84.0,34.1,2.0,0.0,2.0,0.0,0.0
90.5,443.0,2.0,0.0,0.0,67.5,18.6,2.0,0.0,2.0,46.5,0.0
9.0,103.0,1.0,0.0,1.0,0.0,19.5,2.0,0.0,3.0,0.0,0.0
103.0,206.0,1.0,0.0,0.0,93.0,18.4,2.0,0.0,1.0,0.0,0.0
16.0,423.0,1.0,0.0,1.0,0.0,27.9,2.0,0.0,3.0,0.0,0.0
20.0,86.0,1.0,0.0,0.0,0.0,15.4,2.0,0.0,1.0,0.0,0.0
53.0,199.0,1.0,0.0,0.0,49.0,35.5,2.0,0.0,1.0,0.0,0.0
70.0,239.0,1.0,0.0,0.0,37.0,15.3,2.0,0.0,3.0,0.0,0.0
18.0,127.0,1.0,0.0,1.0,0.0,23.2,2.0,0.0,3.0,0.0,0.0
113.0,93.0,1.0,0.0,0.0,110.0,12.6,2.0,0.0,3.0,0.0,0.0
123.0,75.0,1.0,0.0,0.0,77.0,15.7,2.0,0.0,1.0,0.0,0.0
39.5,265.5,2.0,0.0,0.0,11.0,22.5,2.0,0.0,1.0,11.0,0.0
54.0,392.5,2.0,0.0,0.0,41.5,22.3,2.0,0.0,1.5,41.5,0.0
2.0,234.0,1.0,0.0,1.0,0.0,11.3,2.0,0.0,3.0,0.0,0.0
86.0,318.0,1.0,0.0,0.0,65.0,31.5,2.0,0.0,2.0,0.0,0.0
15.0,288.0,1.0,0.0,1.0,0.0,31.9,2.0,0.0,3.0,0.0,0.0
90.5,392.5,2.0,0.0,0.0,55.5,15.350000000000001,2.0,0.0,1.0,29.5,0.0
145.0,69.0,1.0,0.0,0.0,107.0,20.2,2.0,0.0,3.0,0.0,0.0
72.0,99.0,1.0,0.0,0.0,58.0,31.9,2.0,0.0,1.0,0.0,0.0
53.0,337.5,2.0,0.0,1.0,30.0,18.15,2.0,0.0,2.0,30.0,0.0
98.66666666666667,238.0,3.0,0.0,0.0,72.0,26.066666666666666,2.0,0.0,2.0,31.843366656181317,0.0
25.25,145.75,4.0,0.0,2.0,6.25,19.599999999999998,2.0,0.0,1.6666666666666667,10.825317547305483,0.0
42.5,427.5,2.0,0.0,0.0,32.0,35.4,2.0,0.0,2.0,32.0,0.0
65.0,86.0,1.0,0.0,0.0,38.0,26.6,2.0,0.0,2.0,0.0,0.0
3.0,306.0,1.0,0.0,0.0,0.0,16.2,2.0,0.0,1.0,0.0,0.0
62.0,217.0,2.0,0.0,0.0,36.0,26.45,2.0,0.0,2.0,3.0,0.0
52.0,506.0,1.0,0.0,0.0,19.0,35.8,2.0,0.0,1.0,0.0,0.0
27.0,462.0,1.0,0.0,0.0,17.0,18.3,2.0,0.0,1.0,0.0,0.0
100.0,165.0,1.0,0.0,0.0,75.0,17.4,2.0,0.0,1.0,0.0,0.0
35.0,504.0,1.0,0.0,0.0,25.0,19.2,2.0,0.0,1.0,0.0,0.0
88.0,367.0,1.0,0.0,0.0,85.0,23.4,2.0,0.0,1.0,0.0,0.0
58.0,414.0,1.0,0.0,0.0,48.0,27.6,2.0,0.0,1.0,0.0,0.0
95.5,330.0,2.0,0.0,0.0,70.5,22.75,2.0,0.0,1.0,7.5,0.0
59.0,423.0,2.0,0.0,0.0,31.0,24.9,2.0,0.0,1.0,31.0,0.0
6.0,92.0,1.0,0.0,1.0,0.0,26.2,2.0,0.0,3.0,0.0,0.0
101.0,243.0,2.0,0.0,0.0,83.5,21.95,2.0,0.0,1.5,30.5,0.0
59.0,236.0,1.0,0.0,0.0,34.0,23.8,2.0,0.0,1.0,0.0,0.0
44.0,256.0,1.0,0.0,0.0,29.0,14.4,2.0,0.0,1.0,0.0,0.0
76.0,175.0,1.0,0.0,0.0,62.0,18.0,2.0,0.0,1.0,0.0,0.0
74.0,372.0,2.0,0.0,0.0,53.0,32.650000000000006,2.0,0.0,1.0,19.0,0.0
19.0,270.0,1.0,0.0,1.0,0.0,28.3,2.0,0.0,3.0,0.0,0.0
37.0,142.0,1.0,0.0,0.0,23.0,20.2,2.0,0.0,1.0,0.0,0.0
88.5,346.0,2.0,0.0,0.0,69.5,19.85,2.0,0.0,1.0,46.5,0.0
50.333333333333336,361.0,3.0,0.0,0.0,34.0,18.766666666666666,2.0,0.0,1.6666666666666667,25.13961017995307,0.0
127.0,313.0,1.0,0.0,0.0,102.0,22.6,2.0,0.0,1.0,0.0,0.0
73.5,286.5,2.0,0.0,0.0,58.5,22.1,2.0,0.0,1.0,58.5,0.0
18.0,160.0,1.0,0.0,0.0,0.0,28.2,2.0,0.0,1.0,0.0,0.0
101.0,247.0,1.0,0.0,0.0,66.0,20.8,2.0,0.0,1.0,0.0,0.0
36.0,375.0,1.0,0.0,0.0,32.0,20.4,2.0,0.0,1.0,0.0,0.0
109.5,270.5,2.0,0.0,0.0,74.5,20.45,2.0,0.0,2.0,7.5,0.0
129.5,230.0,2.0,0.0,0.0,92.5,17.8,2.0,0.0,1.0,4.5,0.0
113.0,499.0,1.0,0.0,0.0,108.0,13.0,2.0,0.0,1.0,0.0,0.0
133.0,252.66666666666666,3.0,0.0,0.0,109.66666666666667,24.73333333333333,2.0,0.0,1.3333333333333333,17.96910929592474,0.0
47.0,462.0,1.0,0.0,0.0,37.0,32.1,2.0,0.0,1.0,0.0,0.0
7.0,323.0,1.0,0.0,1.0,0.0,27.0,2.0,0.0,3.0,0.0,0.0
73.0,161.0,1.0,0.0,0.0,30.0,14.2,2.0,0.0,1.0,0.0,0.0
93.0,127.0,1.0,0.0,0.0,82.0,31.0,2.0,0.0,2.0,0.0,0.0
93.0,121.0,2.0,0.0,0.0,77.5,27.35,2.0,0.0,2.0,8.5,0.0
72.5,203.5,2.0,0.0,0.0,50.0,16.0,2.0,0.0,1.0,11.0,0.0
127.0,97.0,1.0,0.0,0.0,121.0,16.1,2.0,0.0,3.0,0.0,0.0
156.0,200.0,1.0,0.0,0.0,112.0,30.9,2.0,0.0,1.0,0.0,0.0
149.0,350.0,1.0,0.0,0.0,120.0,20.7,2.0,0.0,1.0,0.0,0.0
83.0,347.0,1.0,0.0,0.0,79.0,14.7,2.0,0.0,2.0,0.0,0.0
11.0,188.0,2.0,0.0,1.0,0.0,16.200000000000003,2.0,0.0,2.0,0.0,0.0
64.0,298.3333333333333,3.0,0.0,1.0,50.666666666666664,15.699999999999998,2.0,0.0,2.0,35.91038228083288,0.0
24.5,101.0,2.0,0.0,0.0,10.5,30.45,2.0,0.0,2.0,10.5,0.0
54.5,429.5,2.0,0.0,0.0,26.5,21.4,2.0,0.0,1.0,26.5,0.0
84.0,446.0,1.0,0.0,0.0,86.0,17.5,2.0,0.0,1.0,0.0,0.0
67.5,380.5,2.0,0.0,0.0,45.0,16.2,2.0,0.0,1.0,8.0,0.0
78.0,166.0,1.0,0.0,0.0,46.0,11.5,2.0,0.0,1.0,0.0,0.0
65.0,196.5,2.0,0.0,0.0,46.5,26.150000000000002,2.0,0.0,0.5,46.5,0.0
88.0,288.0,1.0,0.0,0.0,73.0,24.1,2.0,0.0,1.0,0.0,0.0
71.5,357.0,2.0,0.0,0.0,53.0,17.15,2.0,0.0,1.0,21.0,0.0
43.0,290.5,2.0,0.0,0.0,25.0,20.450000000000003,2.0,0.0,1.0,25.0,0.0
16.0,464.0,1.0,0.0,1.0,0.0,14.2,2.0,0.0,3.0,0.0,0.0
65.0,240.0,2.0,0.0,0.0,48.0,26.25,2.0,0.0,2.0,19.0,0.0
89.0,146.5,2.0,0.0,0.0,63.0,30.1,2.0,0.0,2.0,27.0,0.0
105.0,258.0,1.0,0.0,0.0,99.0,12.0,2.0,0.0,1.0,0.0,0.0
82.0,332.0,1.0,0.0,0.0,41.0,28.7,2.0,0.0,1.0,0.0,0.0
83.0,504.0,1.0,0.0,0.0,65.0,20.2,2.0,0.0,2.0,0.0,0.0
14.0,243.0,1.0,0.0,0.0,0.0,23.4,2.0,0.0,1.0,0.0,0.0
132.0,344.0,1.0,0.0,0.0,107.0,29.4,2.0,0.0,1.0,0.0,0.0
81.5,280.0,2.0,0.0,0.0,64.0,19.2,2.0,0.0,2.0,14.0,0.0
11.0,159.0,1.0,0.0,0.0,0.0,13.0,2.0,0.0,1.0,0.0,0.0
74.5,285.0,2.0,0.0,0.0,55.5,25.549999999999997,2.0,0.0,1.5,55.5,0.0
61.666666666666664,163.33333333333334,3.0,0.0,0.0,40.333333333333336,19.400000000000002,2.0,0.0,1.0,28.871362204709975,0.0
30.0,477.0,1.0,0.0,0.0,25.0,17.3,2.0,0.0,3.0,0.0,0.0
128.0,220.0,1.0,0.0,0.0,78.0,35.6,2.0,0.0,1.0,0.0,0.0
76.5,270.5,2.0,0.0,0.0,55.5,19.6,2.0,0.0,1.0,55.5,0.0
113.0,291.0,2.0,0.0,0.0,92.5,30.450000000000003,2.0,0.0,2.0,0.5,0.0
6.0,478.0,1.0,0.0,0.0,0.0,15.0,2.0,0.0,1.0,0.0,0.0
59.0,329.6666666666667,3.0,0.0,0.0,31.0,19.666666666666668,2.6666666666666665,1.0,1.3333333333333333,24.535688292770594,0.0
21.0,114.0,1.0,0.0,1.0,0.0,30.1,2.0,0.0,3.0,0.0,0.0
84.0,188.0,1.0,0.0,0.0,50.0,31.9,2.0,0.0,2.0,0.0,0.0
12.0,422.5,2.0,0.0,2.0,0.0,25.4,2.0,0.0,3.0,0.0,0.0
89.0,210.0,1.0,0.0,0.0,92.0,29.7,2.0,0.0,1.0,0.0,0.0
36.0,444.5,2.0,0.0,0.0,9.5,17.25,2.0,0.0,1.0,9.5,0.0
72.0,131.0,1.0,0.0,0.0,42.0,22.3,2.0,0.0,1.0,0.0,0.0
92.0,167.0,1.0,0.0,0.0,62.0,20.1,2.0,0.0,1.0,0.0,0.0
51.333333333333336,287.0,3.0,0.0,0.0,33.333333333333336,18.0,2.0,0.0,1.6666666666666667,10.402991022884823,0.0
69.0,303.5,2.0,0.0,0.0,51.5,22.05,2.0,0.0,2.0,51.5,0.0
3.0,476.0,1.0,0.0,0.0,0.0,19.5,2.0,0.0,1.0,0.0,0.0
119.0,428.0,1.0,0.0,0.0,92.0,11.4,2.0,0.0,1.0,0.0,0.0
70.0,238.5,2.0,0.0,0.0,53.5,18.15,2.0,0.0,2.0,7.5,0.0
135.0,477.0,1.0,0.0,0.0,111.0,29.3,2.0,0.0,1.0,0.0,0.0
12.0,472.0,1.0,0.0,0.0,0.0,12.3,2.0,0.0,1.0,0.0,0.0
57.0,138.0,1.0,0.0,0.0,43.0,26.7,2.0,0.0,1.0,0.0,0.0
90.0,458.0,1.0,0.0,0.0,66.0,20.4,2.0,0.0,2.0,0.0,0.0
136.0,309.0,1.0,0.0,0.0,130.0,21.6,2.0,0.0,3.0,0.0,0.0
56.0,84.0,1.0,0.0,0.0,39.0,16.7,2.0,0.0,1.0,0.0,0.0
118.0,339.0,1.0,0.0,0.0,88.0,21.4,2.0,0.0,1.0,0.0,0.0
72.0,197.0,1.0,0.0,0.0,60.0,26.0,2.0,0.0,3.0,0.0,0.0
97.66666666666667,312.3333333333333,3.0,0.0,0.0,83.66666666666667,24.466666666666665,2.0,0.0,1.0,27.824849006278942,0.0
2.0,164.0,1.0,0.0,0.0,0.0,29.2,2.0,0.0,1.0,0.0,0.0
81.0,500.0,1.0,0.0,0.0,43.0,28.2,2.0,0.0,3.0,0.0,0.0
47.0,291.3333333333333,3.0,0.0,0.0,41.0,21.400000000000002,2.0,0.0,1.5,57.982756057296896,0.0
10.0,178.0,1.0,0.0,0.0,0.0,15.8,2.0,0.0,1.0,0.0,0.0
71.0,115.0,1.0,0.0,0.0,46.0,36.5,2.0,0.0,3.0,0.0,0.0
90.0,329.6666666666667,3.0,0.0,0.0,61.666666666666664,17.866666666666667,2.0,0.0,1.0,7.363574011458175,0.0
75.75,252.75,4.0,0.0,1.0,53.25,29.450000000000003,2.0,0.0,1.75,38.77740966078059,0.0
136.0,235.5,2.0,0.0,0.0,94.5,18.6,2.0,0.0,1.0,20.5,0.0
53.0,303.6666666666667,3.0,0.0,0.0,37.333333333333336,23.333333333333332,2.0,0.0,0.5,28.76726534718856,0.0
10.0,330.0,1.0,0.0,0.0,0.0,26.8,2.0,0.0,1.0,0.0,0.0
108.0,188.0,1.0,0.0,0.0,98.0,22.0,2.0,0.0,3.0,0.0,0.0
29.5,353.0,2.0,0.0,0.0,19.0,26.549999999999997,2.0,0.0,2.0,19.0,0.0
6.0,205.0,1.0,0.0,0.0,0.0,13.0,2.0,0.0,1.0,0.0,0.0
62.0,471.0,1.0,0.0,0.0,34.0,23.7,2.0,0.0,2.0,0.0,0.0
16.0,135.0,1.0,0.0,0.0,0.0,24.7,2.0,0.0,0.0,0.0,0.0
98.0,329.0,2.0,0.0,0.0,74.0,22.25,3.0,1.0,3.0,14.0,0.0
113.0,447.0,1.0,0.0,0.0,87.0,11.5,2.0,0.0,1.0,0.0,0.0
139.0,179.0,1.0,0.0,0.0,115.0,19.3,2.0,0.0,3.0,0.0,0.0
4.0,421.0,1.0,0.0,1.0,0.0,17.5,2.0,0.0,3.0,0.0,0.0
115.0,347.5,2.0,0.0,0.0,78.0,22.0,2.0,0.0,2.0,19.0,0.0
94.33333333333333,305.6666666666667,3.0,0.0,0.0,65.66666666666667,20.633333333333336,2.0,0.0,2.0,25.223445883190152,0.0
81.33333333333333,215.66666666666666,3.0,0.0,0.0,59.333333333333336,20.96666666666667,2.0,0.0,1.6666666666666667,21.31248981752771,0.0
120.0,360.0,1.0,0.0,0.0,80.0,17.8,2.0,0.0,1.0,0.0,0.0
95.0,338.0,1.0,0.0,0.0,82.0,27.3,2.0,0.0,2.0,0.0,0.0
100.5,148.0,2.0,0.0,0.0,78.0,23.950000000000003,2.0,0.0,1.0,24.0,0.0
145.0,307.0,1.0,0.0,0.0,102.0,18.2,2.0,0.0,3.0,0.0,0.0
89.5,186.5,2.0,0.0,0.0,76.0,25.95,2.0,0.0,2.0,27.0,0.0
71.33333333333333,353.0,3.0,0.0,0.0,61.0,21.0,2.0,0.0,2.0,34.76588366008646,0.0
84.0,194.0,1.0,0.0,0.0,60.0,14.8,2.0,0.0,3.0,0.0,0.0
17.0,146.0,1.0,0.0,0.0,0.0,16.5,2.0,0.0,1.0,0.0,0.0
45.0,240.0,2.0,0.0,0.0,32.5,23.549999999999997,2.0,0.0,3.0,11.5,0.0
98.0,231.66666666666666,3.0,0.0,0.0,82.66666666666667,16.0,2.0,0.0,1.0,61.15190557583267,0.0
95.0,153.0,1.0,0.0,0.0,66.0,21.8,2.0,0.0,1.0,0.0,0.0
121.0,453.0,1.0,0.0,0.0,92.0,21.5,2.0,0.0,1.0,0.0,0.0
75.0,98.0,1.0,0.0,0.0,54.0,34.6,2.0,0.0,3.0,0.0,0.0
10.0,64.0,1.0,0.0,1.0,0.0,26.6,2.0,0.0,3.0,0.0,0.0
51.0,471.0,1.0,0.0,0.0,31.0,12.9,2.0,0.0,3.0,0.0,0.0
45.0,92.0,1.0,0.0,0.0,46.0,26.2,2.0,0.0,1.0,0.0,0.0
52.0,88.0,1.0,0.0,0.0,47.0,19.7,2.0,0.0,1.0,0.0,0.0
69.0,68.0,1.0,0.0,0.0,57.0,13.9,2.0,0.0,2.0,0.0,0.0
20.0,431.0,1.0,0.0,0.0,0.0,22.7,2.0,0.0,0.0,0.0,0.0
53.0,279.0,1.0,0.0,0.0,27.0,21.7,2.0,0.0,2.0,0.0,0.0
11.5,227.5,2.0,0.0,1.0,0.0,23.1,2.0,0.0,2.0,0.0,0.0
85.0,281.0,2.0,0.0,0.0,70.5,20.35,2.0,0.0,1.0,10.5,0.0
136.0,343.0,1.0,0.0,0.0,120.0,15.6,2.0,0.0,1.0,0.0,0.0
40.0,463.0,1.0,0.0,0.0,30.0,22.5,2.0,0.0,3.0,0.0,0.0
45.5,273.5,2.0,0.0,0.0,41.0,17.65,2.0,0.0,2.0,12.0,0.0
138.0,431.0,1.0,0.0,0.0,103.0,27.4,2.0,0.0,1.0,0.0,0.0
61.0,186.0,3.0,0.0,0.0,33.333333333333336,28.166666666666668,2.6666666666666665,1.0,1.6666666666666667,26.195843605851334,0.0
2.0,421.0,1.0,0.0,0.0,0.0,18.8,2.0,0.0,1.0,0.0,0.0
11.0,266.0,1.0,0.0,1.0,0.0,21.5,2.0,0.0,3.0,0.0,0.0
49.0,438.0,1.0,0.0,0.0,31.0,21.5,2.0,0.0,1.0,0.0,0.0
137.0,82.0,1.0,0.0,0.0,110.0,23.6,2.0,0.0,1.0,0.0,0.0
68.0,94.0,1.0,0.0,0.0,46.0,26.6,2.0,0.0,1.0,0.0,0.0
116.5,339.0,2.0,0.0,0.0,99.5,25.3,2.0,0.0,1.0,24.5,0.0
92.0,322.5,2.0,0.0,0.0,69.5,20.6,2.0,0.0,2.0,5.5,0.0
45.5,477.5,2.0,0.0,0.0,36.0,27.3,2.0,0.0,1.0,14.0,0.0
30.5,255.0,2.0,0.0,1.0,13.0,12.05,2.0,0.0,2.0,13.0,0.0
23.333333333333332,142.33333333333334,3.0,0.0,0.0,16.666666666666668,21.400000000000002,2.0,0.0,1.0,23.570226039551585,0.0
16.0,211.0,1.0,0.0,0.0,0.0,31.1,2.0,0.0,1.0,0.0,0.0
57.0,338.5,2.0,0.0,1.0,36.5,21.8,2.0,0.0,2.5,36.5,0.0
73.0,66.0,1.0,0.0,0.0,58.0,19.2,2.0,0.0,1.0,0.0,0.0
3.0,422.0,1.0,0.0,0.0,0.0,20.1,2.0,0.0,1.0,0.0,0.0
52.0,427.0,1.0,0.0,0.0,52.0,28.9,2.0,0.0,1.0,0.0,0.0
48.0,477.0,1.0,0.0,0.0,31.0,24.1,2.0,0.0,1.0,0.0,0.0
113.0,402.0,1.0,0.0,0.0,82.0,32.9,2.0,0.0,1.0,0.0,0.0
75.5,406.0,2.0,0.0,1.0,36.5,20.1,2.0,0.0,3.0,36.5,0.0
17.0,216.0,1.0,0.0,0.0,0.0,31.1,2.0,0.0,0.0,0.0,0.0
16.0,109.0,1.0,0.0,1.0,0.0,31.4,2.0,0.0,3.0,0.0,0.0
92.0,266.5,2.0,0.0,0.0,66.5,19.1,2.0,0.0,3.0,3.5,0.0
72.66666666666667,310.3333333333333,3.0,0.0,0.0,48.0,18.4,2.0,0.0,1.0,36.08323710533743,0.0
80.0,314.5,2.0,0.0,0.0,71.0,20.75,2.0,0.0,2.0,5.0,0.0
94.0,409.5,2.0,0.0,0.0,76.0,29.6,2.0,0.0,1.0,23.0,0.0
52.0,464.0,1.0,0.0,0.0,21.0,23.9,2.0,0.0,1.0,0.0,0.0
135.0,231.0,1.0,0.0,0.0,102.0,13.1,2.0,0.0,3.0,0.0,0.0
76.0,307.0,1.0,0.0,0.0,79.0,29.8,2.0,0.0,1.0,0.0,0.0
100.66666666666667,286.0,3.0,0.0,0.0,75.66666666666667,22.400000000000002,2.0,0.0,1.0,21.249836600678968,0.0
58.666666666666664,327.0,3.0,0.0,0.0,42.0,27.433333333333337,2.0,0.0,1.3333333333333333,29.79932885150268,0.0
19.0,480.0,1.0,0.0,1.0,0.0,22.8,2.0,0.0,3.0,0.0,0.0
17.0,88.0,1.0,0.0,1.0,0.0,26.5,2.0,0.0,3.0,0.0,0.0
19.0,401.0,2.0,0.0,0.0,13.5,12.55,2.0,0.0,1.5,13.5,0.0
50.0,334.0,1.0,0.0,0.0,35.0,23.2,2.0,0.0,1.0,0.0,0.0
40.0,278.0,1.0,0.0,0.0,22.0,36.1,2.0,0.0,1.0,0.0,0.0
103.0,447.0,1.0,0.0,0.0,107.0,14.0,2.0,0.0,3.0,0.0,0.0
83.0,222.0,1.0,0.0,0.0,60.0,28.3,2.0,0.0,1.0,0.0,0.0
53.0,149.0,1.0,0.0,0.0,29.0,10.1,2.0,0.0,3.0,0.0,0.0
100.0,251.0,1.0,0.0,0.0,67.0,27.4,2.0,0.0,1.0,0.0,0.0
110.0,391.0,1.0,0.0,0.0,74.0,12.6,2.0,0.0,1.0,0.0,0.0
98.5,231.5,2.0,0.0,0.0,67.5,23.5,2.0,0.0,2.0,33.5,0.0
13.0,457.0,1.0,0.0,1.0,0.0,22.9,2.0,0.0,3.0,0.0,0.0
84.5,453.0,2.0,0.0,0.0,60.5,17.5,2.0,0.0,2.0,29.5,0.0
13.0,377.0,1.0,0.0,0.0,0.0,28.4,2.0,0.0,1.0,0.0,0.0
19.0,438.0,1.0,0.0,1.0,0.0,13.4,2.0,0.0,3.0,0.0,0.0
62.0,160.0,1.0,0.0,0.0,20.0,13.5,2.0,0.0,1.0,0.0,0.0
5.0,253.0,2.0,0.0,0.0,0.0,23.05,2.0,0.0,0.0,0.0,0.0
171.0,196.0,1.0,0.0,0.0,116.0,22.7,2.0,0.0,1.0,0.0,0.0
96.0,79.0,1.0,0.0,0.0,87.0,31.9,2.0,0.0,2.0,0.0,0.0
86.0,87.0,1.0,0.0,0.0,68.0,18.2,2.0,0.0,1.0,0.0,0.0
65.0,331.0,2.0,0.0,0.0,47.0,20.8,2.0,0.0,1.0,13.0,0.0
123.0,118.0,1.0,0.0,0.0,95.0,15.5,2.0,0.0,1.0,0.0,0.0
106.5,275.5,2.0,0.0,0.0,88.0,13.95,2.0,0.0,1.0,40.0,0.0
63.666666666666664,187.66666666666666,3.0,0.0,0.0,52.0,24.433333333333334,2.6666666666666665,1.0,1.0,21.924111536540465,0.0
96.5,387.5,2.0,0.0,0.0,85.0,16.3,2.0,0.0,2.0,22.0,0.0
113.0,431.0,1.0,0.0,0.0,98.0,23.0,2.0,0.0,1.0,0.0,0.0
105.0,449.0,1.0,0.0,0.0,74.0,32.8,2.0,0.0,1.0,0.0,0.0
2.0,206.0,1.0,0.0,0.0,0.0,32.8,2.0,0.0,0.0,0.0,0.0
35.0,490.5,2.0,0.0,1.0,23.5,22.35,2.0,0.0,2.0,23.5,0.0
22.0,72.0,1.0,0.0,0.0,0.0,17.7,2.0,0.0,1.0,0.0,0.0
4.0,106.0,1.0,0.0,1.0,0.0,33.9,2.0,0.0,3.0,0.0,0.0
134.0,489.0,1.0,0.0,0.0,96.0,10.6,2.0,0.0,2.0,0.0,0.0
80.0,182.0,1.0,0.0,0.0,73.0,15.1,2.0,0.0,3.0,0.0,0.0
89.0,202.0,1.0,0.0,0.0,77.0,19.1,2.0,0.0,3.0,0.0,0.0
63.2,284.0,5.0,0.0,1.0,45.2,19.94,2.0,0.0,1.5,31.568338568888922,0.0
88.5,293.5,2.0,0.0,0.0,70.5,24.0,2.0,0.0,1.0,13.5,0.0
67.0,176.5,2.0,0.0,1.0,43.5,28.45,2.0,0.0,2.0,43.5,0.0
84.0,350.0,2.0,0.0,0.0,72.0,27.5,3.0,1.0,1.5,41.0,0.0
93.5,467.5,2.0,0.0,0.0,54.5,25.65,2.0,0.0,1.0,22.5,0.0
19.0,197.0,1.0,0.0,0.0,0.0,15.4,2.0,0.0,1.0,0.0,0.0
36.0,229.0,1.0,0.0,0.0,20.0,25.4,2.0,0.0,2.0,0.0,0.0
63.5,312.0,2.0,0.0,0.0,56.0,20.75,2.0,0.0,1.0,56.0,0.0
85.0,155.0,1.0,0.0,0.0,62.0,18.1,2.0,0.0,1.0,0.0,0.0
93.5,420.5,2.0,0.0,0.0,74.5,31.75,2.0,0.0,2.0,23.5,0.0
61.5,281.5,2.0,0.0,0.0,50.5,18.5,2.0,0.0,2.0,14.5,0.0
14.0,406.0,2.0,0.0,1.0,0.0,21.299999999999997,2.0,0.0,2.0,0.0,0.0
65.0,209.0,1.0,0.0,0.0,69.0,13.0,2.0,0.0,1.0,0.0,0.0
135.5,271.0,2.0,0.0,0.0,100.0,23.1,2.0,0.0,1.0,7.0,0.0
103.0,125.0,1.0,0.0,0.0,90.0,21.3,2.0,0.0,1.0,0.0,0.0
72.0,230.0,2.0,0.0,0.0,32.5,25.15,2.0,0.0,3.0,6.5,0.0
62.5,322.5,2.0,0.0,0.0,60.5,29.7,2.0,0.0,1.0,40.5,0.0
66.0,359.6666666666667,3.0,0.0,1.0,37.666666666666664,14.766666666666666,2.0,0.0,1.6666666666666667,35.3679076125361,0.0
58.0,353.5,2.0,0.0,0.0,55.5,25.6,2.0,0.0,2.0,55.5,0.0
165.0,352.0,1.0,0.0,0.0,131.0,20.9,2.0,0.0,1.0,0.0,0.0
18.0,419.0,1.0,0.0,0.0,0.0,30.6,2.0,0.0,1.0,0.0,0.0
99.0,498.0,1.0,0.0,0.0,73.0,14.5,2.0,0.0,3.0,0.0,0.0
89.0,79.0,1.0,0.0,0.0,75.0,27.9,2.0,0.0,1.0,0.0,0.0
92.0,89.0,1.0,0.0,0.0,80.0,28.4,2.0,0.0,1.0,0.0,0.0
49.5,203.0,2.0,1.0,1.0,19.5,31.95,3.0,1.0,3.0,19.5,0.5
13.0,457.0,1.0,0.0,0.0,0.0,22.4,2.0,0.0,1.0,0.0,0.0
98.5,196.0,2.0,0.0,0.0,66.5,16.25,2.0,0.0,3.0,30.5,0.0
79.5,280.5,2.0,0.0,0.0,65.5,27.8,2.0,0.0,1.0,16.5,0.0
45.5,461.5,2.0,0.0,0.0,34.0,12.7,2.0,0.0,1.0,34.0,0.0
105.5,497.5,2.0,0.0,0.0,77.0,22.2,2.0,0.0,1.0,15.0,0.0
9.0,365.0,1.0,0.0,0.0,0.0,27.5,2.0,0.0,0.0,0.0,0.0
58.0,99.0,1.0,0.0,0.0,39.0,22.0,2.0,0.0,1.0,0.0,0.0
91.0,270.5,2.0,0.0,0.0,79.5,18.85,2.0,0.0,2.0,60.5,0.0
69.0,191.0,1.0,0.0,0.0,62.0,33.0,2.0,0.0,2.0,0.0,0.0
77.5,314.0,2.0,0.0,0.0,57.5,21.0,3.0,1.0,1.0,57.5,0.0
64.5,143.0,2.0,0.0,0.0,58.0,30.9,3.0,1.0,1.5,36.0,0.0
54.0,487.0,1.0,0.0,0.0,46.0,36.6,2.0,0.0,1.0,0.0,0.0
102.0,354.5,2.0,0.0,0.0,57.5,31.700000000000003,2.0,0.0,2.0,13.5,0.0
41.0,200.0,1.0,0.0,0.0,26.0,21.3,2.0,0.0,1.0,0.0,0.0
12.0,137.0,1.0,0.0,0.0,0.0,34.4,2.0,0.0,0.0,0.0,0.0
11.0,294.0,1.0,0.0,0.0,0.0,19.5,2.0,0.0,1.0,0.0,0.0
83.0,183.0,1.0,0.0,0.0,71.0,14.1,2.0,0.0,1.0,0.0,0.0
128.0,424.0,1.0,0.0,0.0,111.0,12.3,2.0,0.0,3.0,0.0,0.0
127.0,275.0,1.0,0.0,0.0,92.0,28.6,2.0,0.0,1.0,0.0,0.0
106.5,372.0,2.0,0.0,0.0,81.5,23.6,2.0,0.0,1.0,8.5,0.0
109.0,121.0,1.0,0.0,0.0,127.0,30.2,2.0,0.0,1.0,0.0,0.0
75.0,255.0,2.0,0.0,0.0,56.5,23.150000000000002,2.0,0.0,2.0,13.5,0.0
125.0,194.0,1.0,0.0,0.0,104.0,31.6,2.0,0.0,1.0,0.0,0.0
14.0,372.0,1.0,0.0,0.0,0.0,26.0,2.0,0.0,1.0,0.0,0.0
75.5,247.0,2.0,0.0,0.0,54.0,16.85,2.0,0.0,1.5,17.0,0.0
143.0,345.0,1.0,0.0,0.0,127.0,31.5,2.0,0.0,1.0,0.0,0.0
80.66666666666667,300.3333333333333,3.0,0.0,0.0,70.0,14.366666666666667,2.0,0.0,1.0,29.13188402192118,0.0
55.5,241.5,2.0,0.0,0.0,49.0,22.2,2.0,0.0,1.5,49.0,0.0
126.0,133.0,2.0,0.0,0.0,98.0,24.65,3.0,1.0,1.0,9.0,0.0
112.0,108.0,1.0,0.0,0.0,99.0,25.2,2.0,0.0,1.0,0.0,0.0
50.0,112.0,1.0,0.0,0.0,24.0,31.1,2.0,0.0,1.0,0.0,0.0
67.0,200.0,1.0,0.0,0.0,57.0,29.5,2.0,0.0,1.0,0.0,0.0
68.0,295.0,1.0,0.0,0.0,38.0,13.4,2.0,0.0,3.0,0.0,0.0
100.0,85.0,1.0,0.0,0.0,76.0,12.5,2.0,0.0,2.0,0.0,0.0
58.0,241.0,1.0,0.0,0.0,52.0,21.1,2.0,0.0,3.0,0.0,0.0
69.0,391.0,1.0,0.0,0.0,41.0,12.0,2.0,0.0,1.0,0.0,0.0
73.0,264.5,2.0,0.0,1.0,51.5,17.4,2.0,0.0,2.0,51.5,0.0
53.25,224.5,4.0,0.0,0.0,47.0,19.950000000000003,2.0,0.0,1.0,43.04067843331469,0.0
111.0,475.0,1.0,0.0,0.0,95.0,29.3,2.0,0.0,1.0,0.0,0.0
69.0,77.0,1.0,0.0,0.0,49.0,18.7,4.0,1.0,1.0,0.0,0.0
36.5,311.0,2.0,0.0,0.0,19.5,31.2,2.0,0.0,1.0,19.5,0.0
109.5,287.0,2.0,0.0,0.0,87.0,17.0,2.0,0.0,1.0,24.0,0.0
131.0,311.0,1.0,0.0,0.0,112.0,25.8,2.0,0.0,1.0,0.0,0.0
71.0,422.0,1.0,0.0,0.0,39.0,12.8,2.0,0.0,3.0,0.0,0.0
43.0,312.0,1.0,0.0,0.0,35.0,10.9,2.0,0.0,1.0,0.0,0.0
7.0,312.5,2.0,0.0,1.0,0.0,23.15,2.0,0.0,2.0,0.0,0.0
64.33333333333333,273.3333333333333,3.0,0.0,0.0,44.666666666666664,13.333333333333334,2.0,0.0,1.3333333333333333,34.179265969622904,0.0
102.0,276.0,2.0,0.0,0.0,78.0,27.4,2.0,0.0,1.0,6.0,0.0
40.75,415.25,4.0,0.0,0.0,26.0,22.525,2.0,0.0,1.0,45.033320996790806,0.0
2.0,114.0,1.0,0.0,1.0,0.0,15.1,2.0,0.0,3.0,0.0,0.0
84.0,453.0,1.0,0.0,0.0,78.0,28.3,2.0,0.0,2.0,0.0,0.0
70.0,87.0,1.0,0.0,0.0,53.0,28.6,2.0,0.0,1.0,0.0,0.0
55.0,309.0,1.0,0.0,0.0,17.0,12.0,2.0,0.0,1.0,0.0,0.0
149.0,320.0,1.0,0.0,0.0,99.0,24.7,4.0,1.0,1.0,0.0,0.0
114.0,378.0,1.0,0.0,0.0,86.0,20.9,2.0,0.0,1.0,0.0,0.0
116.75,268.75,4.0,0.0,0.0,87.0,18.45,2.0,0.0,1.6666666666666667,29.77414986191881,0.0
13.0,124.0,1.0,0.0,0.0,0.0,31.4,2.0,0.0,0.0,0.0,0.0
59.0,441.0,1.0,0.0,0.0,52.0,27.7,2.0,0.0,3.0,0.0,0.0
13.0,416.0,1.0,0.0,1.0,0.0,23.1,2.0,0.0,3.0,0.0,0.0
54.5,224.5,2.0,0.0,0.0,29.0,20.15,2.0,0.0,0.5,29.0,0.0
136.5,339.5,2.0,0.0,0.0,110.0,12.7,2.0,0.0,2.5,32.0,0.0
75.5,334.0,2.0,0.0,1.0,57.5,13.8,2.0,0.0,2.0,57.5,0.0
106.0,94.0,1.0,0.0,0.0,67.0,19.5,2.0,0.0,1.0,0.0,0.0
129.0,364.0,1.0,0.0,0.0,101.0,21.3,2.0,0.0,1.0,0.0,0.0
69.0,291.0,1.0,0.0,0.0,59.0,18.8,2.0,0.0,3.0,0.0,0.0
63.0,393.5,2.0,0.0,1.0,45.0,22.35,2.0,0.0,2.0,45.0,0.0
60.0,314.0,4.0,0.0,0.0,42.75,16.4,2.0,0.0,1.5,45.86597322634722,0.0
91.0,349.5,2.0,0.0,0.0,88.0,23.75,2.0,0.0,1.0,10.0,0.0
121.0,411.0,1.0,0.0,0.0,111.0,19.4,2.0,0.0,1.0,0.0,0.0
43.0,218.0,2.0,0.0,0.0,37.0,22.75,2.0,0.0,1.0,37.0,0.0
75.0,114.0,1.0,0.0,0.0,49.0,14.0,2.0,0.0,1.0,0.0,0.0
18.0,437.0,1.0,0.0,1.0,0.0,23.3,2.0,0.0,3.0,0.0,0.0
50.0,271.0,1.0,0.0,0.0,27.0,14.0,2.0,0.0,2.0,0.0,0.0
8.0,380.0,1.0,0.0,1.0,0.0,31.3,2.0,0.0,3.0,0.0,0.0
129.0,294.0,1.0,0.0,0.0,81.0,26.1,2.0,0.0,1.0,0.0,0.0
99.0,211.0,1.0,0.0,0.0,94.0,11.8,2.0,0.0,1.0,0.0,0.0
49.0,285.0,1.0,0.0,0.0,24.0,28.4,2.0,0.0,2.0,0.0,0.0
87.0,415.0,2.0,0.0,0.0,69.5,21.1,2.0,0.0,1.0,7.5,0.0
116.0,150.0,1.0,0.0,0.0,102.0,16.0,2.0,0.0,1.0,0.0,0.0
129.0,337.0,1.0,0.0,0.0,91.0,31.9,2.0,0.0,3.0,0.0,0.0
128.0,225.0,2.0,0.0,0.0,101.5,20.65,2.0,0.0,1.0,22.5,0.0
106.0,381.0,1.0,0.0,0.0,60.0,10.7,2.0,0.0,3.0,0.0,0.0
32.0,386.0,1.0,0.0,0.0,27.0,14.0,2.0,0.0,3.0,0.0,0.0
137.0,87.0,1.0,0.0,0.0,99.0,30.0,2.0,0.0,1.0,0.0,0.0
123.0,219.0,1.0,0.0,0.0,103.0,28.0,2.0,0.0,3.0,0.0,0.0
64.0,271.0,1.0,0.0,0.0,42.0,28.5,2.0,0.0,3.0,0.0,0.0
61.0,166.0,1.0,0.0,0.0,57.0,14.6,4.0,1.0,1.0,0.0,0.0
68.0,478.0,1.0,0.0,0.0,46.0,16.0,2.0,0.0,1.0,0.0,0.0
63.0,139.0,1.0,0.0,0.0,60.0,21.1,2.0,0.0,1.0,0.0,0.0
94.0,212.0,1.0,0.0,0.0,66.0,18.2,2.0,0.0,3.0,0.0,0.0
121.5,286.5,2.0,0.0,0.0,89.0,27.799999999999997,2.0,0.0,1.5,1.0,0.0
60.0,134.0,3.0,0.0,0.0,40.0,27.53333333333333,2.0,0.0,2.0,16.87206764645835,0.0
108.0,90.0,1.0,0.0,0.0,121.0,14.7,2.0,0.0,2.0,0.0,0.0
102.0,282.0,1.0,0.0,0.0,74.0,29.0,2.0,0.0,1.0,0.0,0.0
89.66666666666667,280.6666666666667,3.0,0.0,0.0,68.0,31.566666666666663,2.6666666666666665,1.0,1.3333333333333333,48.42175819470692,0.0
90.0,84.0,2.0,0.0,0.0,69.5,12.75,2.0,0.0,1.0,12.5,0.0
70.0,235.0,2.0,0.0,0.0,47.5,23.75,2.0,0.0,2.0,13.5,0.0
134.0,460.0,1.0,0.0,0.0,81.0,21.7,2.0,0.0,1.0,0.0,0.0
125.0,209.0,1.0,0.0,0.0,86.0,23.5,2.0,0.0,3.0,0.0,0.0
79.33333333333333,234.33333333333334,3.0,0.0,0.0,45.333333333333336,17.433333333333334,2.6666666666666665,1.0,1.0,7.1336448530109,0.0
120.0,429.0,1.0,0.0,0.0,114.0,28.4,2.0,0.0,3.0,0.0,0.0
87.0,472.0,1.0,0.0,0.0,56.0,19.5,2.0,0.0,1.0,0.0,0.0
76.0,221.5,2.0,0.0,1.0,58.0,18.75,2.0,0.0,2.0,58.0,0.0
92.5,322.5,2.0,0.0,0.0,70.0,19.4,2.0,0.0,1.0,6.0,0.0
102.0,379.0,1.0,0.0,0.0,101.0,36.9,2.0,0.0,1.0,0.0,0.0
65.33333333333333,194.33333333333334,3.0,0.0,0.0,46.333333333333336,20.7,2.6666666666666665,1.0,0.6666666666666666,45.40435612973226,0.0
124.5,387.0,2.0,0.0,0.0,93.5,31.1,2.0,0.0,1.0,20.5,0.0
154.0,280.0,1.0,0.0,0.0,123.0,11.8,2.0,0.0,1.0,0.0,0.0
65.66666666666667,246.0,3.0,0.0,0.0,46.0,16.3,2.0,0.0,1.0,11.430952132988164,0.0
16.0,148.0,1.0,0.0,1.0,0.0,22.6,2.0,0.0,3.0,0.0,0.0
101.0,294.0,2.0,0.0,0.0,66.5,16.8,2.0,0.0,2.0,1.5,0.0
97.0,178.0,2.0,0.0,0.0,66.0,23.75,2.0,0.0,2.0,33.0,0.0
93.0,389.0,1.0,0.0,0.0,79.0,21.2,2.0,0.0,3.0,0.0,0.0
41.0,90.0,1.0,0.0,0.0,26.0,15.7,2.0,0.0,1.0,0.0,0.0
95.33333333333333,357.0,3.0,0.0,0.0,66.66666666666667,18.1,2.0,0.0,2.0,10.370899457402697,0.0
113.0,215.0,1.0,0.0,0.0,76.0,27.3,2.0,0.0,3.0,0.0,0.0
13.0,414.5,2.0,0.0,1.0,0.0,27.55,2.0,0.0,2.0,0.0,0.0
60.5,265.0,2.0,0.0,1.0,46.5,26.15,2.0,0.0,2.0,46.5,0.0
3.0,401.0,1.0,0.0,0.0,0.0,27.1,2.0,0.0,0.0,0.0,0.0
155.0,134.0,1.0,0.0,0.0,113.0,24.9,4.0,1.0,1.0,0.0,0.0
130.0,284.0,1.0,0.0,0.0,106.0,27.0,2.0,0.0,1.0,0.0,0.0
55.0,221.5,4.0,0.0,0.0,28.75,17.599999999999998,2.0,0.0,1.25,20.72890493972125,0.0
63.5,477.0,2.0,0.0,0.0,37.5,28.5,2.0,0.0,1.5,37.5,0.0
3.0,77.0,1.0,0.0,1.0,0.0,11.7,2.0,0.0,3.0,0.0,0.0
96.0,238.0,2.0,0.0,0.0,78.5,29.35,2.0,0.0,1.0,28.5,0.0
91.0,194.0,1.0,0.0,0.0,74.0,34.0,2.0,0.0,3.0,0.0,0.0
41.0,487.0,1.0,0.0,0.0,30.0,24.9,2.0,0.0,3.0,0.0,0.0
53.0,392.0,1.0,0.0,0.0,23.0,18.5,4.0,1.0,1.0,0.0,0.0
17.0,320.0,1.0,0.0,0.0,0.0,16.3,2.0,0.0,0.0,0.0,0.0
42.5,195.5,2.0,0.0,1.0,23.5,31.7,2.0,0.0,2.0,23.5,0.0
10.0,500.0,1.0,0.0,0.0,0.0,26.6,2.0,0.0,1.0,0.0,0.0
73.0,416.0,1.0,0.0,0.0,53.0,15.8,2.0,0.0,1.0,0.0,0.0
121.8,258.8,5.0,0.0,0.0,92.2,22.619999999999997,2.0,0.0,1.6666666666666667,14.386104406683554,0.0
21.5,271.5,2.0,0.0,1.0,11.0,22.4,2.0,0.0,2.0,11.0,0.0
111.0,437.0,1.0,0.0,0.0,86.0,11.6,2.0,0.0,1.0,0.0,0.0
115.0,334.5,2.0,0.0,0.0,94.5,15.799999999999999,3.0,1.0,1.0,3.5,0.0
113.0,148.0,1.0,0.0,0.0,83.0,12.5,2.0,0.0,1.0,0.0,0.0
73.5,158.5,2.0,0.0,0.0,51.0,27.6,2.0,0.0,2.0,51.0,0.0
20.0,275.0,1.0,0.0,0.0,0.0,26.5,2.0,0.0,1.0,0.0,0.0
49.0,205.0,1.0,0.0,0.0,40.0,25.2,2.0,0.0,1.0,0.0,0.0
135.0,350.0,1.0,0.0,0.0,116.0,22.2,2.0,0.0,1.0,0.0,0.0
29.0,142.0,1.0,0.0,0.0,21.0,15.4,2.0,0.0,3.0,0.0,0.0
59.0,266.0,1.0,0.0,0.0,29.0,12.7,2.0,0.0,3.0,0.0,0.0
138.0,456.0,1.0,0.0,0.0,92.0,17.2,2.0,0.0,1.0,0.0,0.0
132.0,327.0,1.0,0.0,0.0,118.0,20.2,2.0,0.0,1.0,0.0,0.0
155.0,205.0,1.0,0.0,0.0,113.0,23.2,2.0,0.0,3.0,0.0,0.0
67.0,174.33333333333334,3.0,0.0,0.0,63.0,23.433333333333334,2.0,0.0,2.0,13.140268896284683,0.0
137.0,405.0,1.0,0.0,0.0,102.0,15.1,2.0,0.0,1.0,0.0,0.0
79.0,213.0,1.0,0.0,0.0,62.0,29.8,2.0,0.0,1.0,0.0,0.0
135.0,215.0,1.0,0.0,0.0,111.0,14.6,2.0,0.0,1.0,0.0,0.0
64.0,125.0,1.0,0.0,0.0,53.0,14.6,2.0,0.0,1.0,0.0,0.0
68.0,234.0,1.0,0.0,0.0,50.0,32.0,2.0,0.0,1.0,0.0,0.0
60.0,193.0,2.0,0.0,0.0,38.0,13.700000000000001,2.0,0.0,1.0,38.0,0.0
90.0,276.0,1.0,0.0,0.0,50.0,12.6,2.0,0.0,1.0,0.0,0.0
7.0,140.0,1.0,0.0,0.0,0.0,28.8,4.0,1.0,1.0,0.0,0.0
67.33333333333333,279.3333333333333,3.0,0.0,0.0,39.666666666666664,17.133333333333336,2.0,0.0,1.3333333333333333,28.405789707186262,0.0
122.5,167.5,2.0,0.0,0.0,100.5,22.5,2.0,0.0,1.0,37.5,0.0
69.0,224.0,2.0,0.0,0.0,58.0,21.85,2.0,0.0,0.5,58.0,0.0
41.0,340.5,2.0,0.0,0.0,30.5,19.45,2.0,0.0,0.5,30.5,0.0
68.0,214.0,2.0,0.0,0.0,56.5,15.450000000000001,2.0,0.0,0.5,56.5,0.0
15.0,389.0,1.0,0.0,1.0,0.0,29.2,4.0,1.0,3.0,0.0,0.0
49.75,339.0,4.0,0.0,1.0,33.75,20.950000000000003,2.0,0.0,1.25,39.67603180762915,0.0
97.0,272.5,2.0,0.0,0.0,66.0,18.1,2.0,0.0,3.0,14.0,0.0
67.0,498.5,2.0,0.0,0.0,43.0,25.549999999999997,2.0,0.0,2.0,17.0,0.0
85.0,406.0,1.0,0.0,0.0,40.0,19.0,2.0,0.0,1.0,0.0,0.0
101.5,272.5,2.0,0.0,0.0,67.5,22.75,2.0,0.0,2.0,35.5,0.0
125.0,439.0,1.0,0.0,0.0,82.0,17.5,2.0,0.0,1.0,0.0,0.0
104.0,321.0,2.0,0.0,0.0,80.5,24.65,2.0,0.0,1.0,0.5,0.0
161.0,460.0,1.0,0.0,0.0,115.0,12.3,2.0,0.0,3.0,0.0,0.0
3.0,93.0,1.0,0.0,0.0,0.0,17.5,2.0,0.0,1.0,0.0,0.0
108.5,238.5,2.0,0.0,0.0,92.0,26.65,2.0,0.0,1.5,16.0,0.0
58.0,200.0,1.0,0.0,0.0,24.0,13.2,2.0,0.0,3.0,0.0,0.0
86.5,213.0,2.0,0.0,0.0,62.5,28.25,2.0,0.0,1.0,62.5,0.0
116.0,384.0,1.0,0.0,0.0,112.0,23.4,2.0,0.0,1.0,0.0,0.0
65.5,117.0,2.0,0.0,1.0,55.0,19.0,2.0,0.0,2.0,55.0,0.0
64.0,205.0,1.0,0.0,0.0,33.0,24.2,2.0,0.0,1.0,0.0,0.0
19.5,136.0,2.0,0.0,1.0,0.0,31.0,2.0,0.0,1.5,0.0,0.0
12.0,90.0,1.0,0.0,0.0,0.0,18.0,2.0,0.0,0.0,0.0,0.0
51.5,258.0,2.0,0.0,0.0,30.0,18.25,2.0,0.0,2.0,30.0,0.0
74.5,408.5,2.0,0.0,0.0,44.0,25.65,2.0,0.0,1.5,9.0,0.0
38.0,264.0,2.0,0.0,0.0,16.5,22.6,2.0,0.0,1.0,16.5,0.0
47.0,250.0,1.0,0.0,0.0,35.0,33.8,2.0,0.0,1.0,0.0,0.0
90.0,208.0,1.0,0.0,0.0,53.0,22.0,2.0,0.0,1.0,0.0,0.0
57.0,250.0,2.0,0.0,0.0,41.0,16.75,2.0,0.0,2.0,41.0,0.0
91.0,352.0,1.0,0.0,0.0,46.0,11.3,2.0,0.0,1.0,0.0,0.0
11.0,439.0,1.0,0.0,0.0,0.0,12.9,2.0,0.0,1.0,0.0,0.0
108.0,355.0,1.0,0.0,0.0,87.0,29.3,2.0,0.0,1.0,0.0,0.0
85.0,507.0,1.0,0.0,0.0,76.0,22.4,2.0,0.0,1.0,0.0,0.0
16.5,267.5,2.0,0.0,1.0,0.0,18.6,4.0,1.0,2.0,0.0,0.0
116.0,162.0,1.0,0.0,0.0,79.0,19.4,2.0,0.0,1.0,0.0,0.0
84.0,317.0,1.0,0.0,0.0,66.0,25.9,2.0,0.0,1.0,0.0,0.0
53.0,320.0,2.0,0.0,0.0,36.5,22.9,2.0,0.0,2.5,11.5,0.0
83.5,221.5,2.0,0.0,0.0,65.5,20.05,2.0,0.0,1.0,5.5,0.0
85.5,390.0,2.0,0.0,0.0,54.0,22.1,2.0,0.0,2.0,54.0,0.0
58.0,445.0,1.0,0.0,0.0,22.0,18.5,2.0,0.0,1.0,0.0,0.0
101.5,99.0,2.0,0.0,0.0,81.0,28.65,2.0,0.0,1.0,10.0,0.0
94.0,253.0,1.0,0.0,0.0,62.0,15.6,2.0,0.0,1.0,0.0,0.0
10.0,162.0,1.0,0.0,1.0,0.0,30.2,2.0,0.0,3.0,0.0,0.0
5.0,113.0,1.0,0.0,1.0,0.0,30.0,2.0,0.0,3.0,0.0,0.0
135.0,73.0,1.0,0.0,0.0,107.0,30.3,2.0,0.0,1.0,0.0,0.0
95.0,352.0,1.0,0.0,0.0,59.0,12.3,2.0,0.0,2.0,0.0,0.0
110.0,125.0,1.0,0.0,0.0,83.0,12.1,2.0,0.0,1.0,0.0,0.0
76.0,301.5,4.0,1.0,0.0,52.25,26.049999999999997,2.5,1.0,2.0,16.467771555374455,0.25
5.0,167.0,1.0,0.0,0.0,0.0,11.7,2.0,0.0,1.0,0.0,0.0
49.666666666666664,378.6666666666667,3.0,0.0,0.0,26.333333333333332,23.433333333333334,2.0,0.0,1.3333333333333333,25.037749277618566,0.0
98.0,162.0,1.0,0.0,0.0,73.0,12.0,2.0,0.0,1.0,0.0,0.0
17.5,268.5,2.0,0.0,0.0,10.0,15.7,2.0,0.0,1.0,10.0,0.0
6.0,338.0,1.0,0.0,1.0,0.0,30.3,2.0,0.0,3.0,0.0,0.0
52.0,319.0,1.0,0.0,0.0,25.0,11.0,2.0,0.0,1.0,0.0,0.0
102.5,348.0,2.0,0.0,0.0,70.0,21.35,2.0,0.0,2.0,7.0,0.0
99.0,256.5,2.0,0.0,0.0,80.0,17.45,2.0,0.0,1.0,22.0,0.0
66.5,298.5,2.0,0.0,0.0,46.5,33.2,2.0,0.0,1.0,46.5,0.0
67.0,461.0,1.0,0.0,0.0,44.0,12.5,2.0,0.0,3.0,0.0,0.0
97.0,201.0,1.0,0.0,0.0,59.0,15.2,2.0,0.0,3.0,0.0,0.0
6.0,453.0,1.0,0.0,0.0,0.0,12.4,2.0,0.0,1.0,0.0,0.0
52.5,200.0,2.0,0.0,0.0,32.5,20.0,2.0,0.0,1.0,9.5,0.0
3.0,477.0,1.0,0.0,0.0,0.0,31.2,2.0,0.0,0.0,0.0,0.0
78.5,199.5,2.0,0.0,0.0,61.5,20.15,2.0,0.0,1.0,8.5,0.0
123.0,110.0,1.0,0.0,0.0,93.0,19.0,2.0,0.0,1.0,0.0,0.0
129.0,121.0,2.0,0.0,0.0,103.5,12.3,2.0,0.0,2.0,3.5,0.0
93.5,271.5,2.0,0.0,0.0,72.5,18.65,2.0,0.0,1.0,24.5,0.0
73.0,234.0,2.0,0.0,0.0,42.5,18.5,2.0,0.0,1.0,14.5,0.0
7.0,109.0,1.0,0.0,0.0,0.0,25.0,2.0,0.0,1.0,0.0,0.0
7.0,488.0,1.0,0.0,0.0,0.0,24.7,2.0,0.0,0.0,0.0,0.0
132.0,270.0,1.0,0.0,0.0,102.0,22.7,2.0,0.0,2.0,0.0,0.0
56.0,388.0,1.0,0.0,0.0,32.0,26.7,2.0,0.0,2.0,0.0,0.0
71.0,462.0,1.0,0.0,0.0,50.0,19.3,2.0,0.0,1.0,0.0,0.0
89.0,259.0,1.0,0.0,0.0,62.0,15.4,2.0,0.0,1.0,0.0,0.0
129.0,364.0,1.0,0.0,0.0,118.0,36.1,2.0,0.0,1.0,0.0,0.0
17.0,319.0,1.0,0.0,0.0,0.0,18.1,2.0,0.0,1.0,0.0,0.0
56.0,498.0,1.0,0.0,0.0,26.0,11.9,4.0,1.0,1.0,0.0,0.0
119.0,462.0,1.0,0.0,0.0,89.0,37.0,2.0,0.0,1.0,0.0,0.0
13.5,224.5,2.0,0.0,1.0,0.0,21.65,2.0,0.0,2.0,0.0,0.0
132.5,136.5,2.0,0.0,0.0,114.0,34.25,2.0,0.0,1.0,14.0,0.0
152.0,368.0,1.0,0.0,0.0,126.0,32.4,2.0,0.0,1.0,0.0,0.0
146.0,392.0,1.0,0.0,0.0,105.0,12.3,2.0,0.0,1.0,0.0,0.0
64.0,486.0,1.0,0.0,0.0,55.0,23.0,2.0,0.0,2.0,0.0,0.0
107.0,278.0,1.0,0.0,0.0,95.0,34.7,2.0,0.0,1.0,0.0,0.0
49.5,283.0,2.0,0.0,0.0,41.0,24.25,2.0,0.0,0.5,41.0,0.0
118.0,277.0,1.0,0.0,0.0,103.0,19.1,2.0,0.0,1.0,0.0,0.0
23.666666666666668,357.3333333333333,3.0,0.0,1.0,16.666666666666668,18.833333333333332,2.0,0.0,1.6666666666666667,23.570226039551585,0.0
16.0,506.0,1.0,0.0,1.0,0.0,11.5,2.0,0.0,3.0,0.0,0.0
93.0,198.0,1.0,0.0,0.0,60.0,19.8,2.0,0.0,1.0,0.0,0.0
53.0,150.0,1.0,0.0,0.0,25.0,24.5,2.0,0.0,1.0,0.0,0.0
58.5,292.0,2.0,0.0,0.0,42.5,16.6,2.0,0.0,1.0,0.5,0.0
115.0,253.0,2.0,0.0,0.0,99.5,20.4,2.0,0.0,1.0,5.5,0.0
77.0,342.0,4.0,0.0,0.0,61.0,16.875,2.0,0.0,1.0,38.77499194068259,0.0
127.0,209.0,1.0,0.0,0.0,89.0,33.6,2.0,0.0,3.0,0.0,0.0
17.0,92.0,1.0,0.0,1.0,0.0,12.1,2.0,0.0,3.0,0.0,0.0
48.5,79.5,2.0,0.0,1.0,40.5,25.400000000000002,2.0,0.0,3.0,40.5,0.0
111.25,324.5,4.0,0.0,0.0,87.25,18.125,2.0,0.0,1.6666666666666667,12.316147936753602,0.0
62.75,419.0,4.0,0.0,1.0,44.75,18.25,2.0,0.0,2.3333333333333335,32.5681976781031,0.0
13.0,240.0,1.0,0.0,0.0,0.0,30.5,2.0,0.0,1.0,0.0,0.0
74.0,247.0,2.0,0.0,0.0,54.0,19.3,2.0,0.0,1.0,10.0,0.0
91.0,220.0,2.0,0.0,0.0,61.0,30.0,2.0,0.0,1.0,10.0,0.0
44.0,443.0,1.0,0.0,0.0,24.0,30.9,2.0,0.0,1.0,0.0,0.0
9.0,166.0,1.0,0.0,0.0,0.0,30.5,2.0,0.0,1.0,0.0,0.0
107.0,180.0,1.0,0.0,0.0,100.0,14.3,2.0,0.0,1.0,0.0,0.0
125.5,221.5,2.0,0.0,0.0,100.0,14.65,2.0,0.0,2.0,18.0,0.0
100.0,487.0,1.0,0.0,0.0,106.0,34.9,2.0,0.0,1.0,0.0,0.0
82.5,282.5,2.0,0.0,0.0,59.0,14.75,2.0,0.0,2.0,20.0,0.0
148.0,470.0,1.0,0.0,0.0,131.0,19.9,2.0,0.0,3.0,0.0,0.0
12.0,127.0,1.0,0.0,0.0,0.0,19.1,2.0,0.0,0.0,0.0,0.0
40.0,432.0,1.0,0.0,0.0,21.0,25.4,2.0,0.0,1.0,0.0,0.0
13.0,131.0,1.0,0.0,0.0,0.0,25.8,2.0,0.0,1.0,0.0,0.0
47.0,415.0,1.0,0.0,0.0,31.0,12.8,2.0,0.0,2.0,0.0,0.0
19.0,477.0,1.0,0.0,0.0,0.0,31.9,2.0,0.0,1.0,0.0,0.0
119.0,378.0,1.0,0.0,0.0,88.0,25.5,2.0,0.0,1.0,0.0,0.0
129.0,346.0,1.0,0.0,0.0,106.0,17.9,2.0,0.0,3.0,0.0,0.0
132.0,147.0,1.0,0.0,0.0,103.0,11.8,2.0,0.0,1.0,0.0,0.0
54.0,167.5,2.0,0.0,1.0,30.5,31.9,2.0,0.0,2.0,30.5,0.0
102.0,390.0,1.0,0.0,0.0,78.0,25.5,2.0,0.0,3.0,0.0,0.0
38.5,299.5,2.0,0.0,0.0,15.5,30.4,2.0,0.0,1.0,15.5,0.0
59.0,366.0,2.0,0.0,1.0,42.5,30.0,2.0,0.0,2.0,42.5,0.0
123.5,388.5,2.0,0.0,0.0,101.0,20.6,2.0,0.0,1.0,8.0,0.0
113.0,427.0,1.0,0.0,0.0,79.0,13.3,2.0,0.0,1.0,0.0,0.0
58.0,279.0,2.0,0.0,0.0,38.5,19.45,2.0,0.0,2.0,11.5,0.0
67.0,498.0,1.0,1.0,0.0,58.0,9.8,4.0,1.0,3.0,0.0,1.0
5.0,64.0,1.0,0.0,1.0,0.0,29.4,2.0,0.0,3.0,0.0,0.0
80.0,493.0,1.0,0.0,0.0,51.0,26.4,2.0,0.0,3.0,0.0,0.0
8.0,254.0,1.0,0.0,0.0,0.0,31.0,2.0,0.0,1.0,0.0,0.0
65.33333333333333,157.33333333333334,3.0,0.0,0.0,43.666666666666664,27.03333333333333,2.6666666666666665,1.0,1.0,41.24991582482994,0.0
86.0,368.0,2.0,0.0,0.0,67.0,17.7,2.0,0.0,2.0,29.0,0.0
156.0,181.0,1.0,0.0,0.0,113.0,20.0,2.0,0.0,1.0,0.0,0.0
66.0,387.0,1.0,0.0,0.0,25.0,33.9,2.0,0.0,1.0,0.0,0.0
82.5,323.0,2.0,0.0,0.0,60.5,20.4,4.0,1.0,1.0,60.5,0.0
90.0,379.0,1.0,0.0,0.0,74.0,28.0,2.0,0.0,3.0,0.0,0.0
103.0,76.0,1.0,0.0,0.0,76.0,37.0,2.0,0.0,1.0,0.0,0.0
88.0,504.0,1.0,0.0,0.0,71.0,13.4,2.0,0.0,1.0,0.0,0.0
3.0,217.0,1.0,0.0,1.0,0.0,20.3,2.0,0.0,3.0,0.0,0.0
159.0,214.0,1.0,0.0,0.0,127.0,14.9,2.0,0.0,1.0,0.0,0.0
102.0,263.0,1.0,0.0,0.0,82.0,34.5,2.0,0.0,1.0,0.0,0.0
69.5,325.5,2.0,0.0,0.0,59.0,14.100000000000001,3.0,1.0,2.0,31.0,0.0
37.0,257.5,2.0,0.0,1.0,20.5,19.65,2.0,0.0,3.0,20.5,0.0
104.0,361.5,2.0,0.0,0.0,81.5,24.8,3.0,1.0,1.0,23.5,0.0
52.0,114.0,1.0,0.0,0.0,39.0,9.6,2.0,0.0,1.0,0.0,0.0
49.0,83.0,1.0,0.0,0.0,31.0,19.7,2.0,0.0,1.0,0.0,0.0
30.0,298.0,1.0,0.0,0.0,20.0,21.3,2.0,0.0,1.0,0.0,0.0
112.0,345.0,1.0,0.0,0.0,91.0,14.2,2.0,0.0,3.0,0.0,0.0
84.0,371.0,1.0,0.0,0.0,71.0,14.8,2.0,0.0,3.0,0.0,0.0
46.0,256.0,1.0,0.0,0.0,27.0,19.6,2.0,0.0,1.0,0.0,0.0
116.5,330.0,2.0,0.0,0.0,90.0,17.4,2.0,0.0,2.5,1.0,0.0
127.0,135.0,1.0,0.0,0.0,99.0,23.1,2.0,0.0,1.0,0.0,0.0
141.0,134.0,1.0,0.0,0.0,100.0,21.8,2.0,0.0,1.0,0.0,0.0
137.0,339.0,1.0,0.0,0.0,118.0,11.8,2.0,0.0,1.0,0.0,0.0
75.0,364.0,2.0,0.0,0.0,63.0,26.85,2.0,0.0,2.0,4.0,0.0
66.66666666666667,284.3333333333333,3.0,0.0,0.0,45.333333333333336,23.066666666666666,2.0,0.0,1.0,42.94440850939994,0.0
60.0,172.33333333333334,3.0,0.0,0.0,50.666666666666664,20.7,2.0,0.0,0.6666666666666666,40.07770230717103,0.0
54.0,256.0,1.0,0.0,0.0,32.0,30.3,2.0,0.0,1.0,0.0,0.0
72.0,238.0,1.0,0.0,0.0,39.0,28.8,2.0,0.0,1.0,0.0,0.0
3.0,271.0,1.0,0.0,1.0,0.0,20.6,2.0,0.0,3.0,0.0,0.0
53.0,340.6666666666667,3.0,0.0,0.0,45.333333333333336,24.5,2.0,0.0,1.0,9.877021593352703,0.0
119.5,144.0,2.0,0.0,0.0,84.0,19.1,2.0,0.0,2.0,6.0,0.0
8.0,443.0,1.0,0.0,0.0,0.0,31.2,2.0,0.0,1.0,0.0,0.0
83.0,261.0,1.0,0.0,0.0,49.0,20.9,2.0,0.0,1.0,0.0,0.0
118.0,67.0,1.0,0.0,0.0,90.0,27.2,2.0,0.0,1.0,0.0,0.0
13.0,212.0,1.0,0.0,0.0,0.0,18.5,2.0,0.0,1.0,0.0,0.0
87.5,189.5,2.0,0.0,0.0,58.0,31.4,2.0,0.0,1.0,7.0,0.0
107.0,342.0,2.0,0.0,0.0,98.5,23.15,2.0,0.0,1.0,2.5,0.0
9.0,320.0,1.0,0.0,0.0,0.0,26.3,2.0,0.0,1.0,0.0,0.0
130.0,139.0,1.0,0.0,0.0,103.0,28.6,2.0,0.0,3.0,0.0,0.0
89.0,273.0,1.0,0.0,0.0,72.0,37.3,2.0,0.0,1.0,0.0,0.0
74.5,330.5,2.0,0.0,0.0,47.0,21.2,2.0,0.0,1.0,24.0,0.0
54.0,324.5,2.0,0.0,0.0,36.5,15.0,2.0,0.0,1.0,36.5,0.0
87.0,327.0,3.0,0.0,0.0,77.33333333333333,22.700000000000003,2.0,0.0,1.3333333333333333,54.835106354313645,0.0
61.0,304.0,1.0,0.0,0.0,47.0,22.2,2.0,0.0,1.0,0.0,0.0
9.0,120.0,1.0,0.0,0.0,0.0,14.0,2.0,0.0,1.0,0.0,0.0
112.0,472.0,1.0,0.0,0.0,68.0,27.2,2.0,0.0,3.0,0.0,0.0
94.5,282.0,2.0,0.0,0.0,61.0,26.9,2.0,0.0,1.0,2.0,0.0
111.0,405.0,1.0,0.0,0.0,106.0,11.2,2.0,0.0,1.0,0.0,0.0
92.66666666666667,164.66666666666666,3.0,0.0,0.0,65.33333333333333,26.03333333333333,2.0,0.0,1.3333333333333333,46.54985380094001,0.0
112.0,332.0,1.0,0.0,0.0,88.0,28.5,2.0,0.0,1.0,0.0,0.0
113.5,226.5,2.0,0.0,0.0,84.0,20.15,2.0,0.0,1.0,9.0,0.0
84.0,137.0,1.0,0.0,0.0,69.0,17.9,2.0,0.0,1.0,0.0,0.0
109.0,408.0,1.0,0.0,0.0,79.0,20.3,2.0,0.0,1.0,0.0,0.0
3.0,512.0,1.0,0.0,1.0,0.0,26.3,2.0,0.0,3.0,0.0,0.0
75.0,349.0,1.0,0.0,0.0,39.0,13.4,2.0,0.0,1.0,0.0,0.0
109.0,388.0,1.0,0.0,0.0,107.0,32.5,2.0,0.0,1.0,0.0,0.0
52.0,442.0,1.0,0.0,0.0,39.0,17.6,2.0,0.0,1.0,0.0,0.0
129.0,473.0,1.0,0.0,0.0,91.0,35.0,2.0,0.0,1.0,0.0,0.0
18.0,465.0,1.0,0.0,0.0,0.0,13.6,2.0,0.0,1.0,0.0,0.0
5.0,97.0,1.0,0.0,0.0,0.0,16.2,2.0,0.0,1.0,0.0,0.0
96.5,374.5,2.0,0.0,0.0,69.5,24.700000000000003,2.0,0.0,2.0,26.5,0.0
15.0,128.0,1.0,0.0,1.0,0.0,34.9,2.0,0.0,3.0,0.0,0.0
77.0,485.0,1.0,0.0,0.0,67.0,28.4,2.0,0.0,1.0,0.0,0.0
3.0,495.0,1.0,0.0,1.0,0.0,20.4,2.0,0.0,3.0,0.0,0.0
48.0,313.0,2.0,0.0,0.0,35.5,19.45,2.0,0.0,1.0,35.5,0.0
149.0,160.0,1.0,0.0,0.0,121.0,27.1,2.0,0.0,3.0,0.0,0.0
59.0,131.0,1.0,0.0,0.0,47.0,29.4,2.0,0.0,1.0,0.0,0.0
81.0,109.0,1.0,0.0,0.0,43.0,24.2,2.0,0.0,1.0,0.0,0.0
130.0,166.0,1.0,0.0,0.0,88.0,29.5,2.0,0.0,1.0,0.0,0.0
15.0,196.0,1.0,0.0,1.0,0.0,11.5,2.0,0.0,3.0,0.0,0.0
116.0,436.0,1.0,0.0,0.0,105.0,13.3,2.0,0.0,1.0,0.0,0.0
77.0,489.0,2.0,0.0,0.0,51.5,31.4,2.0,0.0,1.5,51.5,0.0
52.0,96.0,1.0,0.0,0.0,39.0,25.9,2.0,0.0,1.0,0.0,0.0
51.0,184.0,1.0,0.0,0.0,36.0,32.7,2.0,0.0,3.0,0.0,0.0
106.5,239.5,2.0,0.0,0.0,93.0,25.9,2.0,0.0,2.0,1.0,0.0
135.0,172.0,1.0,0.0,0.0,98.0,29.3,2.0,0.0,1.0,0.0,0.0
69.0,371.0,1.0,0.0,0.0,41.0,9.2,2.0,0.0,1.0,0.0,0.0
117.0,319.6666666666667,3.0,0.0,0.0,94.0,22.366666666666664,2.0,0.0,1.6666666666666667,13.140268896284683,0.0
33.0,445.0,1.0,0.0,0.0,20.0,29.1,2.0,0.0,1.0,0.0,0.0
16.0,341.0,1.0,0.0,0.0,0.0,30.0,2.0,0.0,1.0,0.0,0.0
100.0,359.0,1.0,0.0,0.0,73.0,12.3,2.0,0.0,1.0,0.0,0.0
107.0,470.0,2.0,0.0,0.0,74.5,15.25,2.0,0.0,0.5,74.5,0.0
87.5,348.5,2.0,0.0,0.0,79.0,25.95,2.0,0.0,1.0,33.0,0.0
84.0,321.0,2.0,0.0,0.0,56.0,19.799999999999997,2.0,0.0,1.0,56.0,0.0
117.0,446.0,1.0,0.0,0.0,115.0,19.7,2.0,0.0,1.0,0.0,0.0
64.0,352.0,1.0,0.0,0.0,40.0,29.2,2.0,0.0,1.0,0.0,0.0
26.5,120.0,2.0,0.0,0.0,15.5,33.65,2.0,0.0,2.0,15.5,0.0
115.5,290.5,2.0,0.0,0.0,73.0,27.85,2.0,0.0,1.0,35.0,0.0
98.0,173.0,2.0,0.0,0.0,82.0,23.25,2.0,0.0,1.0,20.0,0.0
49.5,269.5,2.0,0.0,1.0,27.0,25.1,2.0,0.0,2.5,27.0,0.0
89.0,300.0,2.0,0.0,0.0,75.5,13.75,2.0,0.0,1.0,32.5,0.0
117.0,396.0,1.0,0.0,0.0,94.0,25.8,2.0,0.0,1.0,0.0,0.0
84.5,270.5,2.0,0.0,0.0,63.0,30.35,2.0,0.0,1.0,46.0,0.0
103.0,162.0,1.0,0.0,0.0,102.0,29.1,2.0,0.0,1.0,0.0,0.0
73.5,286.0,2.0,0.0,0.0,55.0,17.25,2.0,0.0,1.0,21.0,0.0
10.0,360.0,1.0,0.0,0.0,0.0,31.5,2.0,0.0,0.0,0.0,0.0
113.0,405.0,1.0,0.0,0.0,89.0,14.8,2.0,0.0,1.0,0.0,0.0
56.0,356.0,1.0,0.0,0.0,43.0,28.7,2.0,0.0,1.0,0.0,0.0
100.0,439.3333333333333,3.0,0.0,0.0,84.66666666666667,22.7,2.0,0.0,1.0,10.274023338281628,0.0
83.66666666666667,268.6666666666667,3.0,0.0,0.0,63.666666666666664,19.066666666666666,2.0,0.0,1.0,45.242556171030934,0.0
16.0,195.0,1.0,0.0,0.0,0.0,19.2,2.0,0.0,1.0,0.0,0.0
90.0,297.5,2.0,0.0,0.0,60.5,24.950000000000003,2.0,0.0,2.5,25.5,0.0
114.0,167.0,1.0,0.0,0.0,81.0,18.0,2.0,0.0,3.0,0.0,0.0
84.5,359.5,2.0,0.0,0.0,59.0,23.049999999999997,2.0,0.0,1.0,20.0,0.0
8.0,371.0,1.0,0.0,0.0,0.0,33.0,2.0,0.0,0.0,0.0,0.0
5.0,372.0,1.0,0.0,0.0,0.0,30.8,2.0,0.0,0.0,0.0,0.0
16.0,467.0,1.0,0.0,1.0,0.0,18.4,2.0,0.0,3.0,0.0,0.0
87.0,463.0,1.0,0.0,0.0,58.0,26.0,2.0,0.0,1.0,0.0,0.0
102.0,357.0,1.0,0.0,0.0,71.0,25.9,2.0,0.0,1.0,0.0,0.0
96.33333333333333,181.0,3.0,0.0,0.0,78.0,26.266666666666666,2.0,0.0,1.6666666666666667,27.58018612458347,0.0
87.33333333333333,321.0,3.0,0.0,0.0,73.66666666666667,25.133333333333336,2.0,0.0,1.0,33.7276675083759,0.0
58.0,238.0,1.0,0.0,0.0,28.0,31.9,2.0,0.0,1.0,0.0,0.0
70.0,382.0,1.0,0.0,0.0,32.0,28.5,2.0,0.0,1.0,0.0,0.0
82.0,298.0,1.0,0.0,0.0,44.0,12.1,2.0,0.0,1.0,0.0,0.0
132.0,509.0,1.0,0.0,0.0,91.0,31.0,2.0,0.0,1.0,0.0,0.0
48.0,228.0,1.0,0.0,0.0,31.0,29.0,2.0,0.0,1.0,0.0,0.0
90.0,153.0,1.0,0.0,0.0,83.0,30.7,4.0,1.0,1.0,0.0,0.0
17.0,343.0,1.0,0.0,0.0,0.0,17.7,2.0,0.0,0.0,0.0,0.0
66.0,288.0,2.0,0.0,1.0,39.0,21.65,2.0,0.0,2.0,39.0,0.0
106.0,392.0,1.0,0.0,0.0,83.0,21.6,2.0,0.0,1.0,0.0,0.0
137.0,111.0,1.0,0.0,0.0,117.0,23.4,2.0,0.0,2.0,0.0,0.0
12.0,320.0,2.0,0.0,0.0,0.0,18.7,2.0,0.0,1.0,0.0,0.0
93.0,270.0,1.0,0.0,0.0,80.0,13.5,2.0,0.0,1.0,0.0,0.0
106.0,427.0,1.0,0.0,0.0,77.0,39.6,2.0,0.0,1.0,0.0,0.0
111.0,448.5,2.0,0.0,0.0,77.0,17.85,2.0,0.0,1.0,32.0,0.0
56.0,281.0,2.0,0.0,0.0,38.5,28.9,2.0,0.0,1.5,2.5,0.0
76.0,475.0,1.0,0.0,0.0,63.0,18.3,2.0,0.0,3.0,0.0,0.0
65.0,365.0,1.0,0.0,0.0,30.0,17.5,2.0,0.0,1.0,0.0,0.0
48.0,303.0,1.0,0.0,0.0,34.0,11.4,2.0,0.0,2.0,0.0,0.0
12.0,264.0,1.0,0.0,0.0,0.0,14.6,2.0,0.0,1.0,0.0,0.0
101.0,209.0,2.0,0.0,0.0,64.5,33.25,2.0,0.0,1.0,22.5,0.0
14.0,394.0,1.0,0.0,0.0,0.0,24.5,2.0,0.0,1.0,0.0,0.0
11.0,159.0,1.0,0.0,0.0,0.0,29.1,2.0,0.0,1.0,0.0,0.0
52.5,391.5,2.0,0.0,0.0,38.0,26.65,2.0,0.0,1.0,38.0,0.0
4.0,500.0,1.0,0.0,0.0,0.0,19.4,2.0,0.0,1.0,0.0,0.0
104.0,423.0,1.0,0.0,0.0,87.0,16.7,2.0,0.0,1.0,0.0,0.0
42.0,280.0,2.0,0.0,0.0,27.5,29.4,2.0,0.0,2.0,27.5,0.0
64.5,224.0,2.0,0.0,1.0,31.5,25.45,2.0,0.0,2.0,31.5,0.0
28.0,155.0,1.0,0.0,0.0,22.0,11.9,4.0,1.0,1.0,0.0,0.0
11.0,446.0,1.0,0.0,1.0,0.0,18.6,2.0,0.0,3.0,0.0,0.0
46.5,118.5,2.0,0.0,1.0,37.5,20.35,2.0,0.0,3.0,37.5,0.0
10.0,230.0,1.0,0.0,0.0,0.0,14.0,2.0,0.0,1.0,0.0,0.0
65.5,213.5,2.0,0.0,0.0,59.0,29.15,2.0,0.0,1.0,13.0,0.0
86.0,322.5,2.0,0.0,0.0,65.5,32.0,2.0,0.0,2.0,30.5,0.0
37.5,370.5,2.0,0.0,1.0,26.5,21.25,2.0,0.0,2.0,26.5,0.0
99.5,237.5,2.0,0.0,0.0,75.5,17.15,2.0,0.0,1.0,18.5,0.0
83.0,196.5,2.0,0.0,0.0,53.0,19.2,2.0,0.0,1.0,0.0,0.0
109.0,127.0,1.0,0.0,0.0,95.0,17.1,2.0,0.0,3.0,0.0,0.0
149.0,479.0,1.0,0.0,0.0,105.0,16.8,2.0,0.0,2.0,0.0,0.0
18.0,492.0,1.0,0.0,0.0,0.0,29.5,2.0,0.0,1.0,0.0,0.0
120.0,96.0,1.0,0.0,0.0,84.0,19.3,2.0,0.0,1.0,0.0,0.0
98.0,482.0,1.0,0.0,0.0,64.0,11.0,2.0,0.0,3.0,0.0,0.0
102.5,351.5,2.0,0.0,0.0,79.5,27.65,2.0,0.0,1.0,28.5,0.0
17.5,236.5,2.0,0.0,0.0,0.0,11.05,2.0,0.0,0.5,0.0,0.0
75.0,289.0,2.0,0.0,0.0,53.0,31.0,2.0,0.0,1.0,25.0,0.0
8.0,217.0,1.0,0.0,0.0,0.0,29.9,2.0,0.0,0.0,0.0,0.0
62.5,242.5,2.0,0.0,1.0,39.5,24.9,2.0,0.0,3.0,39.5,0.0
88.0,233.0,1.0,0.0,0.0,67.0,32.4,2.0,0.0,1.0,0.0,0.0
51.0,454.0,1.0,0.0,0.0,41.0,10.4,2.0,0.0,1.0,0.0,0.0
6.0,109.0,1.0,0.0,1.0,0.0,24.0,2.0,0.0,3.0,0.0,0.0
132.0,190.0,1.0,0.0,0.0,83.0,14.9,2.0,0.0,1.0,0.0,0.0
137.5,214.5,2.0,0.0,0.0,109.0,24.45,2.0,0.0,2.0,24.0,0.0
49.0,364.5,4.0,0.0,2.0,37.25,21.15,2.0,0.0,1.6666666666666667,47.420327919574746,0.0
36.666666666666664,455.0,3.0,0.0,0.0,14.0,27.233333333333338,2.0,0.0,1.0,10.198039027185569,0.0
7.5,291.5,2.0,0.0,0.0,0.0,16.5,2.0,0.0,1.0,0.0,0.0
49.0,240.0,1.0,0.0,0.0,23.0,12.2,2.0,0.0,1.0,0.0,0.0
116.0,326.0,1.0,0.0,0.0,113.0,20.9,2.0,0.0,1.0,0.0,0.0
144.0,343.0,1.0,0.0,0.0,115.0,21.7,2.0,0.0,1.0,0.0,0.0
42.0,402.0,1.0,0.0,0.0,36.0,26.9,2.0,0.0,1.0,0.0,0.0
39.5,322.0,2.0,0.0,0.0,18.0,28.8,2.0,0.0,1.0,18.0,0.0
113.0,112.0,1.0,0.0,0.0,101.0,13.3,2.0,0.0,1.0,0.0,0.0
15.0,139.0,1.0,0.0,0.0,0.0,18.6,2.0,0.0,1.0,0.0,0.0
126.0,99.0,1.0,0.0,0.0,80.0,19.3,2.0,0.0,1.0,0.0,0.0
5.0,220.0,1.0,0.0,1.0,0.0,9.1,2.0,0.0,3.0,0.0,0.0
84.0,435.0,1.0,0.0,0.0,68.0,23.1,2.0,0.0,1.0,0.0,0.0
104.0,230.0,2.0,0.0,0.0,76.0,13.100000000000001,2.0,0.0,1.0,1.0,0.0
12.0,438.0,1.0,0.0,0.0,0.0,26.3,2.0,0.0,0.0,0.0,0.0
27.0,457.0,1.0,0.0,0.0,17.0,28.7,2.0,0.0,1.0,0.0,0.0
70.5,477.5,2.0,0.0,0.0,57.0,27.1,2.0,0.0,2.0,24.0,0.0
63.0,256.5,2.0,0.0,1.0,35.5,19.85,2.0,0.0,2.5,35.5,0.0
61.5,239.5,2.0,0.0,0.0,48.5,22.799999999999997,2.0,0.0,0.5,48.5,0.0
75.0,216.0,2.0,0.0,0.0,60.5,21.9,2.0,0.0,2.0,38.5,0.0
44.5,336.0,2.0,0.0,0.0,19.0,31.799999999999997,2.0,0.0,0.5,19.0,0.0
101.0,131.0,1.0,0.0,0.0,106.0,16.4,2.0,0.0,1.0,0.0,0.0
72.0,200.0,1.0,0.0,0.0,35.0,27.1,2.0,0.0,1.0,0.0,0.0
69.0,242.0,1.0,0.0,0.0,39.0,30.7,2.0,0.0,1.0,0.0,0.0
87.0,245.0,1.0,0.0,0.0,79.0,32.4,2.0,0.0,1.0,0.0,0.0
84.0,397.0,1.0,0.0,0.0,52.0,21.7,2.0,0.0,1.0,0.0,0.0
79.0,172.0,1.0,0.0,0.0,66.0,39.9,2.0,0.0,3.0,0.0,0.0
3.0,126.0,1.0,0.0,0.0,0.0,32.0,2.0,0.0,0.0,0.0,0.0
18.0,372.0,1.0,0.0,0.0,0.0,25.1,2.0,0.0,1.0,0.0,0.0
75.0,363.0,2.0,0.0,0.0,67.0,36.25,2.0,0.0,1.0,30.0,0.0
128.0,191.0,1.0,0.0,0.0,88.0,29.7,2.0,0.0,1.0,0.0,0.0
16.0,293.0,1.0,0.0,0.0,0.0,16.6,2.0,0.0,1.0,0.0,0.0
93.0,283.0,2.0,0.0,0.0,52.5,25.65,2.0,0.0,1.0,13.5,0.0
120.0,224.0,1.0,0.0,0.0,94.0,23.0,2.0,0.0,2.0,0.0,0.0
10.0,387.0,1.0,0.0,1.0,0.0,30.3,2.0,0.0,3.0,0.0,0.0
79.5,424.5,2.0,0.0,0.0,63.0,12.2,2.0,0.0,1.0,25.0,0.0
56.0,169.0,2.0,0.0,1.0,37.5,33.3,2.0,0.0,2.0,37.5,0.0
5.0,455.0,1.0,0.0,1.0,0.0,16.9,2.0,0.0,3.0,0.0,0.0
17.0,469.0,1.0,0.0,1.0,0.0,28.3,2.0,0.0,3.0,0.0,0.0
153.0,504.0,1.0,0.0,0.0,120.0,26.3,2.0,0.0,1.0,0.0,0.0
115.0,333.0,1.0,0.0,0.0,92.0,14.2,2.0,0.0,3.0,0.0,0.0
85.66666666666667,320.6666666666667,3.0,0.0,0.0,53.0,18.599999999999998,2.0,0.0,1.3333333333333333,25.495097567963924,0.0
45.0,277.5,2.0,0.0,0.0,38.5,26.35,2.0,0.0,2.0,38.5,0.0
146.0,127.0,1.0,0.0,0.0,102.0,18.6,2.0,0.0,1.0,0.0,0.0
95.0,450.0,1.0,0.0,0.0,75.0,20.9,2.0,0.0,1.0,0.0,0.0
139.0,378.0,1.0,0.0,0.0,117.0,13.3,2.0,0.0,3.0,0.0,0.0
87.0,188.0,1.0,0.0,0.0,54.0,31.3,2.0,0.0,2.0,0.0,0.0
15.0,171.0,1.0,0.0,0.0,0.0,31.0,2.0,0.0,1.0,0.0,0.0
67.0,486.0,1.0,0.0,0.0,56.0,28.7,2.0,0.0,1.0,0.0,0.0
95.0,395.0,2.0,0.0,0.0,79.5,22.4,2.0,0.0,1.5,9.5,0.0
64.0,436.0,1.0,0.0,0.0,34.0,37.4,2.0,0.0,1.0,0.0,0.0
15.0,388.0,1.0,0.0,0.0,0.0,25.8,2.0,0.0,1.0,0.0,0.0
43.0,115.0,1.0,0.0,0.0,25.0,20.4,2.0,0.0,1.0,0.0,0.0
95.0,510.0,1.0,0.0,0.0,76.0,30.6,2.0,0.0,1.0,0.0,0.0
4.0,375.0,1.0,0.0,1.0,0.0,21.5,4.0,1.0,3.0,0.0,0.0
152.0,147.0,1.0,0.0,0.0,114.0,13.8,2.0,0.0,1.0,0.0,0.0
13.0,500.0,1.0,0.0,1.0,0.0,28.5,2.0,0.0,3.0,0.0,0.0
47.5,255.75,4.0,0.0,0.0,32.5,23.95,2.0,0.0,1.25,23.753947040439407,0.0
57.0,441.0,1.0,0.0,0.0,29.0,13.1,2.0,0.0,1.0,0.0,0.0
57.5,324.5,2.0,0.0,0.0,55.5,35.3,3.0,1.0,2.5,28.5,0.0
32.5,292.5,2.0,0.0,0.0,13.5,12.1,2.0,0.0,0.5,13.5,0.0
134.0,448.0,1.0,0.0,0.0,100.0,26.7,2.0,0.0,1.0,0.0,0.0
73.0,298.0,1.0,0.0,0.0,57.0,15.5,2.0,0.0,1.0,0.0,0.0
140.0,476.0,1.0,0.0,0.0,122.0,22.8,2.0,0.0,3.0,0.0,0.0
69.0,336.0,1.0,0.0,0.0,36.0,15.0,2.0,0.0,1.0,0.0,0.0
104.0,512.0,1.0,0.0,0.0,66.0,9.8,2.0,0.0,1.0,0.0,0.0
72.5,345.5,4.0,0.0,1.0,53.25,25.475,2.0,0.0,2.0,41.541395017500314,0.0
56.0,357.0,1.0,0.0,0.0,43.0,19.0,2.0,0.0,1.0,0.0,0.0
13.0,390.0,1.0,0.0,0.0,0.0,19.7,2.0,0.0,1.0,0.0,0.0
121.0,222.5,2.0,0.0,0.0,86.0,18.4,2.0,0.0,1.0,5.0,0.0
67.0,376.0,1.0,0.0,0.0,55.0,18.9,2.0,0.0,1.0,0.0,0.0
41.333333333333336,353.0,3.0,0.0,0.0,21.0,19.7,2.0,0.0,0.6666666666666666,29.698484809834994,0.0
117.0,412.0,1.0,0.0,0.0,96.0,11.4,2.0,0.0,3.0,0.0,0.0
70.5,380.5,2.0,0.0,0.0,44.0,25.0,2.0,0.0,1.0,44.0,0.0
124.0,412.0,1.0,0.0,0.0,106.0,21.0,2.0,0.0,1.0,0.0,0.0
4.0,453.0,1.0,0.0,1.0,0.0,21.0,2.0,0.0,3.0,0.0,0.0
51.666666666666664,353.3333333333333,3.0,0.0,0.0,40.333333333333336,20.633333333333333,2.0,0.0,1.6666666666666667,31.201851796897497,0.0
56.333333333333336,267.6666666666667,3.0,0.0,0.0,33.0,16.8,2.0,0.0,0.6666666666666666,46.66904755831214,0.0
81.0,378.0,2.0,0.0,0.0,62.5,16.4,2.0,0.0,1.0,31.5,0.0
40.0,196.0,1.0,0.0,0.0,25.0,24.4,2.0,0.0,1.0,0.0,0.0
55.0,459.0,2.0,0.0,0.0,36.0,30.4,2.0,0.0,0.5,36.0,0.0
109.0,248.0,1.0,0.0,0.0,76.0,27.1,2.0,0.0,1.0,0.0,0.0
68.0,378.0,1.0,1.0,0.0,50.0,13.2,4.0,1.0,3.0,0.0,1.0
17.0,459.0,1.0,0.0,0.0,0.0,25.2,2.0,0.0,1.0,0.0,0.0
39.5,250.0,2.0,0.0,1.0,29.0,21.4,2.0,0.0,2.0,29.0,0.0
72.0,307.0,1.0,0.0,0.0,39.0,25.8,2.0,0.0,1.0,0.0,0.0
82.0,150.0,1.0,0.0,0.0,61.0,32.1,2.0,0.0,1.0,0.0,0.0
118.0,240.5,2.0,0.0,0.0,78.0,17.25,2.0,0.0,2.0,25.0,0.0
90.0,453.0,1.0,0.0,0.0,66.0,19.1,2.0,0.0,1.0,0.0,0.0
17.0,181.0,1.0,0.0,1.0,0.0,23.0,2.0,0.0,3.0,0.0,0.0
82.0,270.5,2.0,0.0,0.0,45.0,21.5,2.0,0.0,2.0,23.0,0.0
93.0,203.0,1.0,0.0,0.0,65.0,17.9,2.0,0.0,2.0,0.0,0.0
69.5,379.5,2.0,0.0,0.0,47.5,26.05,2.0,0.0,2.0,47.5,0.0
41.0,352.0,1.0,0.0,0.0,35.0,19.8,2.0,0.0,1.0,0.0,0.0
110.0,485.0,1.0,0.0,0.0,79.0,10.0,2.0,0.0,1.0,0.0,0.0
4.0,401.0,1.0,0.0,1.0,0.0,25.3,2.0,0.0,3.0,0.0,0.0
115.0,469.0,1.0,0.0,0.0,86.0,38.1,2.0,0.0,1.0,0.0,0.0
110.0,451.0,1.0,0.0,0.0,100.0,12.1,2.0,0.0,1.0,0.0,0.0
79.0,428.0,1.0,0.0,0.0,63.0,34.8,2.0,0.0,1.0,0.0,0.0
120.0,450.0,1.0,0.0,0.0,85.0,21.5,2.0,0.0,1.0,0.0,0.0
17.0,432.0,1.0,0.0,0.0,0.0,15.8,2.0,0.0,1.0,0.0,0.0
4.0,289.0,1.0,0.0,0.0,0.0,28.4,2.0,0.0,0.0,0.0,0.0
27.0,240.5,2.0,0.0,0.0,14.0,13.649999999999999,2.0,0.0,1.0,14.0,0.0
35.0,132.0,1.0,0.0,0.0,30.0,12.0,2.0,0.0,3.0,0.0,0.0
95.0,260.0,2.0,0.0,0.0,57.5,28.3,2.0,0.0,2.0,20.5,0.0
78.0,285.0,1.0,0.0,0.0,34.0,12.7,2.0,0.0,1.0,0.0,0.0
101.0,327.0,1.0,0.0,0.0,86.0,14.7,2.0,0.0,1.0,0.0,0.0
95.0,292.0,1.0,0.0,0.0,68.0,8.9,2.0,0.0,1.0,0.0,0.0
141.0,388.0,1.0,0.0,0.0,95.0,16.0,2.0,0.0,1.0,0.0,0.0
116.0,501.0,1.0,0.0,0.0,85.0,16.2,2.0,0.0,1.0,0.0,0.0
114.0,297.0,1.0,0.0,0.0,113.0,21.0,2.0,0.0,1.0,0.0,0.0
37.5,412.0,2.0,0.0,0.0,28.0,35.0,3.0,1.0,1.0,28.0,0.0
12.0,247.0,1.0,0.0,0.0,0.0,17.2,2.0,0.0,1.0,0.0,0.0
111.0,365.0,1.0,0.0,0.0,82.0,25.9,2.0,0.0,1.0,0.0,0.0
104.0,458.0,1.0,0.0,0.0,75.0,32.5,2.0,0.0,1.0,0.0,0.0
98.5,257.0,2.0,0.0,0.0,79.5,22.299999999999997,2.0,0.0,3.0,13.5,0.0
108.0,166.0,1.0,0.0,0.0,71.0,34.4,2.0,0.0,2.0,0.0,0.0
71.0,135.0,1.0,0.0,0.0,60.0,24.5,2.0,0.0,1.0,0.0,0.0
16.0,510.0,1.0,0.0,0.0,0.0,21.3,2.0,0.0,1.0,0.0,0.0
116.0,462.0,1.0,0.0,0.0,106.0,30.8,2.0,0.0,1.0,0.0,0.0
14.0,311.0,1.0,0.0,1.0,0.0,20.0,2.0,0.0,3.0,0.0,0.0
59.0,261.5,2.0,0.0,0.0,33.0,20.0,2.0,0.0,1.0,11.0,0.0
81.0,377.0,1.0,0.0,0.0,63.0,26.9,2.0,0.0,1.0,0.0,0.0
56.0,508.0,1.0,0.0,0.0,36.0,27.2,2.0,0.0,1.0,0.0,0.0
129.0,458.0,1.0,0.0,0.0,134.0,14.3,2.0,0.0,1.0,0.0,0.0
64.0,317.5,2.0,0.0,0.0,45.5,31.15,2.0,0.0,1.5,45.5,0.0
19.0,349.0,1.0,0.0,1.0,0.0,32.0,2.0,0.0,3.0,0.0,0.0
79.0,457.0,1.0,0.0,0.0,67.0,25.6,2.0,0.0,1.0,0.0,0.0
64.5,146.5,2.0,0.0,1.0,43.0,23.25,2.0,0.0,3.0,43.0,0.0
54.0,291.0,2.0,0.0,0.0,44.0,27.400000000000002,2.0,0.0,0.5,44.0,0.0
73.0,234.0,1.0,0.0,0.0,54.0,18.6,2.0,0.0,1.0,0.0,0.0
2.0,486.0,1.0,0.0,0.0,0.0,28.1,2.0,0.0,1.0,0.0,0.0
101.0,420.0,1.0,0.0,0.0,60.0,21.9,2.0,0.0,1.0,0.0,0.0
112.0,273.5,2.0,0.0,0.0,81.5,22.7,3.0,1.0,1.0,10.5,0.0
96.0,485.0,1.0,0.0,0.0,61.0,17.6,2.0,0.0,3.0,0.0,0.0
69.0,276.0,1.0,0.0,0.0,49.0,18.1,2.0,0.0,1.0,0.0,0.0
71.33333333333333,304.6666666666667,3.0,0.0,0.0,62.666666666666664,19.1,2.6666666666666665,1.0,2.0,36.709066394496546,0.0
43.5,441.5,2.0,0.0,0.0,34.0,19.05,3.0,1.0,1.0,34.0,0.0
83.66666666666667,283.6666666666667,3.0,0.0,1.0,63.333333333333336,30.2,2.0,0.0,2.3333333333333335,50.28143019268865,0.0
127.0,475.0,1.0,0.0,0.0,121.0,18.4,2.0,0.0,3.0,0.0,0.0
78.0,193.0,1.0,0.0,0.0,62.0,22.4,2.0,0.0,1.0,0.0,0.0
96.0,225.0,1.0,0.0,0.0,84.0,33.9,2.0,0.0,3.0,0.0,0.0
135.0,404.0,1.0,0.0,0.0,113.0,26.7,2.0,0.0,1.0,0.0,0.0
16.0,322.0,1.0,0.0,0.0,0.0,16.2,2.0,0.0,1.0,0.0,0.0
15.0,111.0,1.0,0.0,1.0,0.0,13.6,2.0,0.0,3.0,0.0,0.0
70.5,195.5,2.0,0.0,0.0,51.0,21.15,2.0,0.0,1.5,51.0,0.0
76.0,489.0,1.0,0.0,0.0,57.0,19.9,2.0,0.0,1.0,0.0,0.0
115.0,449.0,1.0,0.0,0.0,106.0,11.3,2.0,0.0,1.0,0.0,0.0
117.0,346.0,1.0,0.0,0.0,116.0,20.5,2.0,0.0,1.0,0.0,0.0
63.5,385.0,2.0,0.0,0.0,44.0,28.75,2.0,0.0,1.0,19.0,0.0
132.0,277.0,1.0,0.0,0.0,110.0,20.0,2.0,0.0,1.0,0.0,0.0
82.5,267.0,2.0,0.0,1.0,52.0,22.6,2.0,0.0,3.0,52.0,0.0
5.0,189.0,1.0,0.0,1.0,0.0,13.8,2.0,0.0,3.0,0.0,0.0
111.0,346.0,1.0,0.0,0.0,95.0,14.2,2.0,0.0,1.0,0.0,0.0
113.0,248.0,1.0,0.0,0.0,84.0,18.2,2.0,0.0,3.0,0.0,0.0
91.5,301.0,2.0,0.0,0.0,74.0,14.75,2.0,0.0,1.0,18.0,0.0
19.0,67.0,1.0,0.0,1.0,0.0,19.0,2.0,0.0,3.0,0.0,0.0
79.5,413.5,2.0,0.0,0.0,46.0,25.0,2.0,0.0,1.0,17.0,0.0
86.0,409.0,1.0,0.0,0.0,76.0,26.9,2.0,0.0,1.0,0.0,0.0
78.0,338.0,1.0,0.0,0.0,50.0,13.7,2.0,0.0,1.0,0.0,0.0
83.5,420.0,2.0,0.0,1.0,57.0,20.6,2.0,0.0,2.0,57.0,0.0
66.0,259.5,2.0,0.0,0.0,49.0,17.2,2.0,0.0,1.5,49.0,0.0
15.0,503.0,1.0,0.0,0.0,0.0,20.6,2.0,0.0,0.0,0.0,0.0
141.0,194.0,1.0,0.0,0.0,101.0,18.4,2.0,0.0,1.0,0.0,0.0
127.0,262.5,2.0,0.0,0.0,94.0,19.5,2.0,0.0,1.0,28.0,0.0
12.0,99.0,1.0,0.0,1.0,0.0,16.3,2.0,0.0,3.0,0.0,0.0
150.0,149.0,1.0,0.0,0.0,116.0,26.7,2.0,0.0,1.0,0.0,0.0
141.0,482.0,1.0,0.0,0.0,133.0,26.1,2.0,0.0,1.0,0.0,0.0
121.0,295.0,1.0,0.0,0.0,100.0,17.8,2.0,0.0,1.0,0.0,0.0
109.0,318.0,1.0,0.0,0.0,82.0,15.4,2.0,0.0,1.0,0.0,0.0
4.0,178.0,1.0,0.0,0.0,0.0,16.5,2.0,0.0,1.0,0.0,0.0
69.0,173.0,2.0,0.0,0.0,50.5,14.850000000000001,2.0,0.0,1.5,3.5,0.0
126.0,121.0,1.0,0.0,0.0,99.0,16.1,2.0,0.0,3.0,0.0,0.0
119.0,145.5,2.0,0.0,0.0,98.0,24.65,3.0,1.0,1.0,16.0,0.0
117.5,180.5,2.0,0.0,0.0,96.5,16.15,2.0,0.0,1.0,21.5,0.0
7.0,74.0,1.0,0.0,1.0,0.0,26.4,2.0,0.0,3.0,0.0,0.0
40.5,131.0,2.0,0.0,1.0,22.5,14.95,2.0,0.0,2.0,22.5,0.0
125.0,408.0,1.0,0.0,0.0,101.0,15.0,2.0,0.0,3.0,0.0,0.0
132.0,444.0,1.0,0.0,0.0,131.0,29.4,4.0,1.0,2.0,0.0,0.0
16.0,337.0,1.0,0.0,1.0,0.0,13.7,2.0,0.0,3.0,0.0,0.0
54.5,94.0,2.0,0.0,0.0,40.5,20.55,2.0,0.0,1.0,40.5,0.0
